scope	left	right	gene	left_guides	right_guides	left_lfc	right_lfc	delta_lfc	left_fdr	right_fdr	left_rank	right_rank	left_call_0_05	right_call_0_05	left_distance_from_0_05	right_distance_from_0_05
full	event_best	joint_best	CGB2	3	3	-0.35873	0.18473	0.54346	1.0	1.0	6052.0	8325.0	0	0	0.95	0.95
full	event_best	joint_best	CT47A8	4	4	-0.5569	-2.028	-1.4711	0.704961	0.703323	2649.0	2646.0	0	0	0.6549609999999999	0.653323
full	event_best	joint_best	GAGE12J	4	4	0.54854	-0.017876	-0.566416	1.0	1.0	6269.0	6138.0	0	0	0.95	0.95
full	event_best	joint_best	IFNA10	4	4	-0.97603	-0.16385	0.8121799999999999	1.0	1.0	3438.0	3440.0	0	0	0.95	0.95
full	event_best	joint_best	IFNA21	4	4	-0.90805	-1.5941	-0.68605	0.343656	0.056656	2143.0	1167.0	0	0	0.29365600000000003	0.006655999999999995
full	event_best	joint_best	LOC102724862	4	4	-3.7772	-5.0239	-1.2467000000000001	0.006641	0.006641	365.0	365.0	1	1	0.043359	0.043359
full	event_best	joint_best	MBD3L2	3	3	-1.4575	-1.9777	-0.5202	0.290297	0.289291	2138.0	2134.0	0	0	0.24029700000000004	0.23929100000000003
full	event_best	joint_best	MZT2B	2	2	-0.47331	-1.2306	-0.7572899999999999	1.0	1.0	4346.0	4318.0	0	0	0.95	0.95
full	event_best	joint_best	NUDT11	3	3	-0.1968	0.39358	0.59038	1.0	1.0	12192.0	13024.0	0	0	0.95	0.95
full	event_best	joint_best	OR4F21	3	3	-2.7772	-4.0967	-1.3195000000000001	0.222333	0.353275	1947.0	2273.0	0	0	0.17233300000000001	0.303275
full	event_best	joint_best	OR4F29	3	3	-3.6197	-4.4122	-0.7925000000000004	0.077605	0.077379	1381.0	1381.0	0	0	0.02760499999999999	0.027379
full	event_best	joint_best	PLGLB1	4	4	-0.95726	-1.4871	-0.5298400000000001	0.03516	0.318224	969.0	2080.0	1	0	0.014840000000000006	0.268224
full	event_best	joint_best	SPANXA1	3	3	-0.39015	-1.3612	-0.97105	1.0	0.944866	5083.0	3191.0	0	0	0.95	0.8948659999999999
full	event_best	joint_best	SPDYE2B	3	3	-3.0668	-2.5312	0.5356000000000001	0.03144	0.061719	984.0	1280.0	1	0	0.01856	0.011719
full	event_best	joint_best	SPRR2A	3	3	-0.94173	-2.2739	-1.3321699999999999	0.281509	0.066796	2113.0	1318.0	0	0	0.23150900000000002	0.01679599999999999
full	event_best	joint_best	TBC1D3L	2	2	-2.1135	-1.5797	0.5338	0.18917	0.480931	2018.0	2559.0	0	0	0.13917000000000002	0.430931
full	event_best	joint_best	TIMM23	4	4	-1.9271	-4.2768	-2.3496999999999995	0.560809	0.043487	2437.0	1047.0	0	1	0.510809	0.006513000000000005
full	event_best	joint_best	TSR3	3	3	-0.2354	-0.97628	-0.74088	1.0	1.0	7421.0	4540.0	0	0	0.95	0.95
full	event_best	joint_best	USP17L11	4	4	-3.5385	-2.9296	0.6088999999999998	0.053566	0.165677	1147.0	1673.0	0	0	0.0035659999999999997	0.11567699999999999
full	event_best	joint_best	USP17L29	4	4	-2.4303	-3.078	-0.6476999999999999	0.04347	0.043487	1050.0	1046.0	1	1	0.006530000000000001	0.006513000000000005
full	event_exact	joint_exact	CT47A8	4	4	-1.0823	-2.0515	-0.9691999999999998	0.865697	0.844395	2907.0	2873.0	0	0	0.815697	0.794395
full	event_exact	joint_exact	LOC102724862	4	4	-4.7083	-5.2099	-0.5015999999999998	0.00916	0.00914	482.0	481.0	1	1	0.04084	0.04086
full	event_exact	joint_exact	MBD3L2	3	3	-1.4327	-1.949	-0.5163	0.309116	0.30927	2187.0	2187.0	0	0	0.259116	0.25927
full	joint_exact	joint_best	AAMP	4	4	-3.2037	-2.5222	0.6814999999999998	0.057771	0.056716	1206.0	1170.0	0	0	0.007771	0.006716
full	joint_exact	joint_best	AARS	4	4	-4.0634	-3.5173	0.5460999999999996	0.005579	0.003678	310.0	213.0	1	1	0.044421	0.046322
full	joint_exact	joint_best	ACTL6A	4	4	-4.1126	-3.4335	0.6790999999999996	0.003191	0.002703	196.0	130.0	1	1	0.046809	0.047297000000000006
full	joint_exact	joint_best	ACTR10	4	4	-6.9975	-5.6189	1.3785999999999996	0.003451	0.009808	208.0	474.0	1	1	0.046549	0.040192000000000005
full	joint_exact	joint_best	ACTR6	4	4	-3.7736	-3.0947	0.6789000000000001	0.126089	0.162642	1568.0	1660.0	0	0	0.076089	0.112642
full	joint_exact	joint_best	AHCY	3	3	-3.7471	-3.057	0.6901000000000002	0.024474	0.039462	913.0	1073.0	1	1	0.025526000000000004	0.010538000000000006
full	joint_exact	joint_best	AK6	4	4	-3.1661	-2.5468	0.6193	0.02437	0.036016	859.0	973.0	1	1	0.025630000000000003	0.013984000000000003
full	joint_exact	joint_best	ALYREF	2	2	-5.5758	-4.5452	1.0305999999999997	0.005943	0.006297	491.0	483.0	1	1	0.044057	0.043703000000000006
full	joint_exact	joint_best	ANAPC11	4	4	-4.5475	-3.9359	0.6116000000000001	0.000948	0.00327	32.0	162.0	1	1	0.049052000000000005	0.04673
full	joint_exact	joint_best	ANAPC2	4	4	-3.1077	-2.5326	0.5751	0.071601	0.095978	1307.0	1397.0	0	0	0.021600999999999995	0.04597799999999999
full	joint_exact	joint_best	ARID1A	4	4	-1.4836	-0.96213	0.52147	0.043826	0.217437	1083.0	1823.0	1	0	0.006174000000000006	0.167437
full	joint_exact	joint_best	ATAD5	4	4	-3.8277	-2.6766	1.1511	0.145633	0.370372	1634.0	2183.0	0	0	0.09563300000000001	0.320372
full	joint_exact	joint_best	ATHL1	3	3	-0.27105	0.59462	0.86567	1.0	1.0	13169.0	13002.0	0	0	0.95	0.95
full	joint_exact	joint_best	ATP1A1	4	4	-4.7006	-4.1073	0.5932999999999993	0.002825	0.004595	176.0	251.0	1	1	0.047175	0.045405
full	joint_exact	joint_best	ATP5E	4	4	-3.1687	-2.0077	1.161	0.020435	0.068469	801.0	1253.0	1	0	0.029565000000000004	0.018469
full	joint_exact	joint_best	ATP6V0C	4	4	-4.913	-4.2371	0.6759000000000004	0.000948	0.006297	30.0	338.0	1	1	0.049052000000000005	0.043703000000000006
full	joint_exact	joint_best	ATP6V1C1	4	4	-4.1017	-2.3087	1.7930000000000001	0.012007	0.029173	574.0	882.0	1	1	0.037993	0.020827000000000002
full	joint_exact	joint_best	BANF1	4	4	-3.3768	-2.6918	0.6849999999999996	0.00581	0.005045	338.0	261.0	1	1	0.04419	0.044955
full	joint_exact	joint_best	BCCIP	4	4	-4.2675	-3.2739	0.9936000000000003	0.144779	0.221889	1631.0	1839.0	0	0	0.09477899999999999	0.17188900000000001
full	joint_exact	joint_best	BCS1L	4	4	-3.7656	-2.8853	0.8803000000000001	0.011738	0.024855	572.0	824.0	1	1	0.038262000000000004	0.025145000000000004
full	joint_exact	joint_best	BMP1	3	3	-0.32394	0.22185	0.54579	1.0	1.0	11330.0	12200.0	0	0	0.95	0.95
full	joint_exact	joint_best	BOP1	4	4	-2.5834	-1.9799	0.6035000000000001	0.20812	0.176837	1806.0	1702.0	0	0	0.15811999999999998	0.12683699999999998
full	joint_exact	joint_best	BRF2	4	4	-3.4508	-2.7381	0.7126999999999999	0.034904	0.056727	993.0	1173.0	1	0	0.015096000000000005	0.006726999999999997
full	joint_exact	joint_best	BTF3	4	4	-4.983	-4.3301	0.6528999999999998	0.019004	0.018331	758.0	732.0	1	1	0.030996000000000003	0.031669
full	joint_exact	joint_best	BUB3	4	4	-7.0366	-6.4197	0.6169000000000002	0.00045	0.001134	4.0	26.0	1	1	0.049550000000000004	0.048866
full	joint_exact	joint_best	C10orf126	3	3	-0.95117	-0.44292	0.50825	1.0	1.0	4669.0	9420.0	0	0	0.95	0.95
full	joint_exact	joint_best	C3orf17	4	4	-2.3098	-1.5422	0.7676000000000001	0.014413	0.02368	643.0	803.0	1	1	0.035587	0.026320000000000003
full	joint_exact	joint_best	CCNH	4	4	-2.8307	-2.2394	0.5913000000000004	0.031124	0.031857	943.0	925.0	1	1	0.018876000000000004	0.018143
full	joint_exact	joint_best	CCT3	4	4	-4.9771	-4.3012	0.6759000000000004	0.003912	0.003666	223.0	205.0	1	1	0.046088000000000004	0.046334
full	joint_exact	joint_best	CCT4	4	4	-4.9303	-3.81	1.1202999999999999	0.001079	0.001383	77.0	59.0	1	1	0.048921000000000006	0.048617
full	joint_exact	joint_best	CD3EAP	4	4	-2.8592	-2.1862	0.673	0.041544	0.04095	1058.0	1017.0	1	1	0.008456000000000005	0.009050000000000002
full	joint_exact	joint_best	CDK1	4	4	-7.0683	-4.909	2.1593	0.001959	0.001566	139.0	88.0	1	1	0.048041	0.048434000000000005
full	joint_exact	joint_best	CDK7	4	4	-7.9498	-5.0353	2.9144999999999994	0.002604	0.002888	171.0	149.0	1	1	0.047396	0.047112
full	joint_exact	joint_best	CDK9	2	2	-4.4317	-3.634	0.7977000000000003	0.165979	0.153163	1941.0	1891.0	0	0	0.11597899999999998	0.10316299999999999
full	joint_exact	joint_best	CENPI	4	4	-3.1567	-2.5527	0.6039999999999996	0.137883	0.228725	1602.0	1868.0	0	0	0.087883	0.17872500000000002
full	joint_exact	joint_best	CENPK	4	4	-5.0996	-3.7696	1.3299999999999996	0.065304	0.055697	1264.0	1162.0	0	0	0.015303999999999998	0.005697000000000001
full	joint_exact	joint_best	CGB2	3	3	-0.32303	0.18473	0.50776	1.0	1.0	8624.0	8325.0	0	0	0.95	0.95
full	joint_exact	joint_best	CHAF1B	4	4	-4.3262	-3.6882	0.6379999999999999	0.005726	0.045555	319.0	1067.0	1	1	0.044274	0.0044450000000000045
full	joint_exact	joint_best	CHEK1	4	4	-6.1718	-5.3506	0.8212000000000002	0.020713	0.018161	807.0	717.0	1	1	0.029287000000000004	0.031839000000000006
full	joint_exact	joint_best	CHURC1-FNTB	3	3	-5.2789	-2.4609	2.818	0.115715	0.099083	1609.0	1496.0	0	0	0.065715	0.049083
full	joint_exact	joint_best	CIRH1A	4	4	-7.4658	-6.8934	0.5724	0.007097	0.00608	415.0	320.0	1	1	0.042903000000000004	0.04392
full	joint_exact	joint_best	CLNS1A	4	4	-6.398	-5.7314	0.6665999999999999	0.005384	0.004738	296.0	255.0	1	1	0.044616	0.045262000000000004
full	joint_exact	joint_best	CMPK1	2	2	-4.6686	-3.9716	0.6969999999999996	0.064466	0.056595	1446.0	1359.0	0	0	0.014465999999999993	0.006594999999999997
full	joint_exact	joint_best	COASY	4	4	-4.7428	-3.4202	1.3226	0.00304	0.002332	183.0	121.0	1	1	0.04696	0.047668
full	joint_exact	joint_best	COPA	4	4	-5.4831	-4.3929	1.0902000000000003	0.001337	0.001383	100.0	65.0	1	1	0.048663000000000005	0.048617
full	joint_exact	joint_best	COPB1	4	4	-3.5637	-2.7789	0.7847999999999997	0.010465	0.010312	515.0	493.0	1	1	0.039535	0.039688
full	joint_exact	joint_best	COPB2	4	4	-3.402	-2.5867	0.8153000000000001	0.043192	0.038526	1079.0	996.0	1	1	0.0068080000000000016	0.011474000000000005
full	joint_exact	joint_best	COPS5	4	4	-4.367	-3.0416	1.3254000000000001	0.017931	0.069826	737.0	1260.0	1	0	0.032069	0.019825999999999996
full	joint_exact	joint_best	COX15	3	3	-5.0005	-4.1279	0.8725999999999994	0.013419	0.011028	673.0	581.0	1	1	0.036581	0.03897200000000001
full	joint_exact	joint_best	CRCP	4	4	-4.1961	-3.2013	0.9948000000000006	0.01712	0.028823	712.0	878.0	1	1	0.032880000000000006	0.021177
full	joint_exact	joint_best	CSE1L	4	4	-4.3939	-3.7706	0.6233000000000004	0.030462	0.047007	929.0	1077.0	1	1	0.019538000000000003	0.0029930000000000026
full	joint_exact	joint_best	CSNK1A1	4	4	-5.6157	-3.7454	1.8703000000000003	0.096029	0.152746	1424.0	1639.0	0	0	0.046029	0.10274599999999999
full	joint_exact	joint_best	CTDP1	4	4	-4.3506	-3.6524	0.6981999999999999	0.032585	0.039462	958.0	1002.0	1	1	0.017415	0.010538000000000006
full	joint_exact	joint_best	CTU1	4	4	-3.5268	-2.8524	0.6744000000000003	0.137674	0.100284	1599.0	1412.0	0	0	0.08767399999999999	0.050283999999999995
full	joint_exact	joint_best	DARS	4	4	-5.2483	-4.2879	0.9604000000000008	0.001289	0.002495	94.0	123.0	1	1	0.048711000000000004	0.047505000000000006
full	joint_exact	joint_best	DDB1	4	4	-4.2428	-3.3944	0.8483999999999998	0.090584	0.078366	1403.0	1313.0	0	0	0.040583999999999995	0.028366000000000002
full	joint_exact	joint_best	DDX41	4	4	-3.306	-2.494	0.8119999999999998	0.010409	0.008824	513.0	442.0	1	1	0.039591	0.041176000000000004
full	joint_exact	joint_best	DDX47	4	4	-6.2363	-4.7669	1.4694000000000003	0.036542	0.065788	1021.0	1243.0	1	0	0.013458000000000005	0.015787999999999996
full	joint_exact	joint_best	DDX51	4	4	-6.1014	-4.7059	1.3955000000000002	0.005747	0.006632	321.0	364.0	1	1	0.044253	0.043368000000000004
full	joint_exact	joint_best	DGCR8	4	4	-3.0463	-2.3648	0.6815000000000002	0.028595	0.027922	908.0	864.0	1	1	0.021405000000000004	0.022078000000000004
full	joint_exact	joint_best	DHFR	4	4	-6.6819	-5.8489	0.8329999999999993	0.000948	0.001134	33.0	25.0	1	1	0.049052000000000005	0.048866
full	joint_exact	joint_best	DHX15	4	4	-3.5117	-2.9695	0.5421999999999998	0.028607	0.016523	910.0	674.0	1	1	0.021393000000000002	0.03347700000000001
full	joint_exact	joint_best	DHX16	4	4	-3.4768	-2.8252	0.6515999999999997	0.017075	0.016257	711.0	661.0	1	1	0.032925	0.033743
full	joint_exact	joint_best	DHX36	4	4	-6.9976	-5.8843	1.1133000000000006	0.001811	0.001566	116.0	95.0	1	1	0.048189	0.048434000000000005
full	joint_exact	joint_best	DKC1	4	4	-4.563	-3.3382	1.2247999999999997	0.003155	0.006676	188.0	367.0	1	1	0.046845000000000005	0.043324
full	joint_exact	joint_best	DLST	4	4	-5.2424	-4.5714	0.6710000000000003	0.006148	0.0058	363.0	301.0	1	1	0.043852	0.0442
full	joint_exact	joint_best	DNAJC21	4	4	-1.6683	-0.98436	0.6839399999999999	0.400574	1.0	2253.0	3726.0	0	0	0.350574	0.95
full	joint_exact	joint_best	DOHH	4	4	-3.4753	-2.5775	0.8977999999999997	0.001811	0.010034	123.0	484.0	1	1	0.048189	0.039966
full	joint_exact	joint_best	DUX4	4	4	-7.422	-5.1766	2.2454	0.004086	0.035111	227.0	965.0	1	1	0.045914	0.014889
full	joint_exact	joint_best	ECT2	4	4	-3.9155	-3.3556	0.5599000000000003	0.103443	0.070895	1461.0	1266.0	0	0	0.05344299999999999	0.020894999999999997
full	joint_exact	joint_best	EIF1AD	3	3	-2.8244	-2.1646	0.6597999999999997	0.068813	0.102885	1361.0	1518.0	0	0	0.018812999999999996	0.052885
full	joint_exact	joint_best	EIF2B5	4	4	-5.8747	-4.5695	1.3052000000000001	0.008339	0.011275	465.0	541.0	1	1	0.041661000000000004	0.038725
full	joint_exact	joint_best	EIF3D	4	4	-3.6939	-3.0343	0.6596000000000002	0.008108	0.009973	460.0	480.0	1	1	0.041892	0.04002700000000001
full	joint_exact	joint_best	EIF3E	4	4	-4.5471	-3.8892	0.6579000000000002	0.001079	0.002863	75.0	145.0	1	1	0.048921000000000006	0.047137000000000005
full	joint_exact	joint_best	EIF4A3	4	4	-7.6645	-5.5975	2.067	0.004914	0.010435	271.0	502.0	1	1	0.045086	0.039565
full	joint_exact	joint_best	EIF5A	2	2	-4.5522	-3.3485	1.2037	0.118668	0.109288	1752.0	1687.0	0	0	0.06866799999999999	0.059287999999999993
full	joint_exact	joint_best	ENO1	4	4	-4.753	-3.8824	0.8706	0.004093	0.006349	230.0	344.0	1	1	0.045907	0.043651
full	joint_exact	joint_best	ERCC1	4	4	-1.1837	-0.48895	0.69475	0.97248	1.0	3133.0	4888.0	0	0	0.92248	0.95
full	joint_exact	joint_best	EXOSC2	4	4	-5.0739	-4.4894	0.5845000000000002	0.007884	0.007626	453.0	405.0	1	1	0.042116	0.042374
full	joint_exact	joint_best	FBL	4	4	-7.4042	-5.4187	1.9855	0.000948	0.001386	46.0	72.0	1	1	0.049052000000000005	0.048614000000000004
full	joint_exact	joint_best	FCF1	4	4	-4.7899	-3.6356	1.1543	0.007097	0.016586	418.0	675.0	1	1	0.042903000000000004	0.033414
full	joint_exact	joint_best	FNTA	4	4	-5.2626	-3.6026	1.6600000000000001	0.011274	0.038473	557.0	993.0	1	1	0.038726000000000003	0.011527000000000003
full	joint_exact	joint_best	FOXD4L1	4	4	-2.77	-1.8504	0.9196	0.112171	0.309852	1506.0	2060.0	0	0	0.062171000000000004	0.259852
full	joint_exact	joint_best	GEMIN5	3	3	-2.746	-1.3118	1.4342	0.679927	1.0	2636.0	4113.0	0	0	0.6299269999999999	0.95
full	joint_exact	joint_best	GFER	4	4	-2.461	-1.7547	0.7062999999999999	0.095152	0.097454	1419.0	1404.0	0	0	0.045152	0.047453999999999996
full	joint_exact	joint_best	GFM1	4	4	-5.5544	-4.7326	0.8218000000000005	0.001765	0.00146	115.0	77.0	1	1	0.048235	0.04854
full	joint_exact	joint_best	GINS3	4	4	-4.7198	-3.7913	0.9285000000000001	0.03096	0.02763	941.0	858.0	1	1	0.01904	0.022370000000000004
full	joint_exact	joint_best	GNB1L	3	3	-5.0217	-3.1283	1.8934000000000002	0.213692	0.43382	1927.0	2371.0	0	0	0.163692	0.38382
full	joint_exact	joint_best	GOLGA8K	3	3	-4.3109	-3.672	0.6389	0.015302	0.012052	726.0	620.0	1	1	0.03469800000000001	0.037948
full	joint_exact	joint_best	GOSR2	4	4	-4.6057	-4.0829	0.5227999999999993	0.004204	0.003593	231.0	181.0	1	1	0.045796	0.046407000000000004
full	joint_exact	joint_best	GPN2	4	4	-7.7888	-6.528	1.2608000000000006	0.001421	0.001383	104.0	63.0	1	1	0.048579000000000004	0.048617
full	joint_exact	joint_best	HARS2	4	4	-3.5986	-3.0276	0.5709999999999997	0.017584	0.024479	723.0	816.0	1	1	0.032416	0.025521000000000002
full	joint_exact	joint_best	HAUS8	4	4	-4.3626	-3.0136	1.3489999999999998	0.111419	0.316626	1503.0	2075.0	0	0	0.061419	0.26662600000000003
full	joint_exact	joint_best	HES3	3	3	-0.10157	0.43315	0.53472	1.0	1.0	14135.0	14320.0	0	0	0.95	0.95
full	joint_exact	joint_best	HINFP	4	4	-6.3811	-5.2047	1.1764000000000001	0.007727	0.007543	443.0	399.0	1	1	0.042273000000000005	0.042457
full	joint_exact	joint_best	HJURP	4	4	-5.138	-4.1555	0.9824999999999999	0.089408	0.084246	1393.0	1349.0	0	0	0.039408	0.034246
full	joint_exact	joint_best	HNRNPC	4	4	-6.5659	-5.0335	1.5324	0.000972	0.00135	49.0	53.0	1	1	0.049028	0.048650000000000006
full	joint_exact	joint_best	HSPA14	4	4	-3.7287	-3.1465	0.5821999999999998	0.013821	0.016523	618.0	673.0	1	1	0.036179	0.03347700000000001
full	joint_exact	joint_best	HSPE1	4	4	-8.1744	-6.297	1.8774000000000006	0.006299	0.009406	372.0	466.0	1	1	0.043701000000000004	0.040594000000000005
full	joint_exact	joint_best	HYOU1	4	4	-2.5023	-1.8959	0.6064	0.134666	0.15718	1592.0	1650.0	0	0	0.084666	0.10717999999999998
full	joint_exact	joint_best	IBA57	4	4	-1.8389	-1.3065	0.5324	0.412481	0.422282	2270.0	2279.0	0	0	0.362481	0.372282
full	joint_exact	joint_best	IMP3	4	4	-5.5668	-3.8733	1.6934999999999998	0.00428	0.006349	250.0	357.0	1	1	0.045720000000000004	0.043651
full	joint_exact	joint_best	IPO11	4	4	-2.6764	-1.8513	0.8251000000000002	0.225864	0.228068	1844.0	1866.0	0	0	0.17586400000000002	0.178068
full	joint_exact	joint_best	IPPK	4	4	-4.8323	-4.2889	0.5434000000000001	0.006188	0.006297	367.0	336.0	1	1	0.043812000000000004	0.043703000000000006
full	joint_exact	joint_best	KANSL3	4	4	-3.0025	-2.3943	0.6082000000000001	0.017248	0.013383	716.0	603.0	1	1	0.032752	0.036617000000000004
full	joint_exact	joint_best	KARS	4	4	-5.0986	-4.014	1.0846	0.000948	0.00099	37.0	10.0	1	1	0.049052000000000005	0.049010000000000005
full	joint_exact	joint_best	KIAA0391	4	4	-5.2546	-4.6651	0.5895000000000001	0.154527	0.136879	1664.0	1573.0	0	0	0.104527	0.086879
full	joint_exact	joint_best	KIF11	4	4	-4.5997	-4.0167	0.5830000000000002	0.005579	0.005114	309.0	270.0	1	1	0.044421	0.044886
full	joint_exact	joint_best	KPNB1	4	4	-6.7606	-5.9303	0.8303000000000003	0.000948	0.001509	43.0	79.0	1	1	0.049052000000000005	0.048491000000000006
full	joint_exact	joint_best	KRR1	4	4	-5.7931	-4.1895	1.6036000000000001	0.002324	0.006297	153.0	337.0	1	1	0.047676	0.043703000000000006
full	joint_exact	joint_best	KRT18	4	4	-5.3941	-3.8676	1.5265	0.04274	0.037383	1071.0	984.0	1	1	0.0072600000000000026	0.012617000000000003
full	joint_exact	joint_best	LARS	4	4	-7.571	-6.8725	0.6985000000000001	0.001811	0.001566	119.0	83.0	1	1	0.048189	0.048434000000000005
full	joint_exact	joint_best	LIAS	4	4	-2.3333	-1.8222	0.5110999999999999	0.121877	0.114641	1551.0	1481.0	0	0	0.071877	0.064641
full	joint_exact	joint_best	LIPT2	4	4	-2.0346	-1.4905	0.5441000000000003	0.416503	1.0	2281.0	3188.0	0	0	0.366503	0.95
full	joint_exact	joint_best	LOC100144595	4	4	-4.2621	-2.2523	2.0098000000000003	0.063947	0.39154	1253.0	2222.0	0	0	0.013947000000000001	0.34154
full	joint_exact	joint_best	LONP1	4	4	-5.0201	-3.9711	1.0490000000000004	0.006719	0.010655	391.0	517.0	1	1	0.043281	0.039345000000000005
full	joint_exact	joint_best	LRPPRC	4	4	-5.428	-4.4907	0.9372999999999996	0.008488	0.010996	470.0	524.0	1	1	0.041512	0.039004000000000004
full	joint_exact	joint_best	LRRC37A	4	4	-4.5266	-3.182	1.3446000000000002	0.015699	0.048044	666.0	1092.0	1	1	0.034301	0.0019559999999999994
full	joint_exact	joint_best	LSM6	4	4	-5.4015	-4.6116	0.7899000000000003	0.011274	0.010655	558.0	516.0	1	1	0.038726000000000003	0.039345000000000005
full	joint_exact	joint_best	LSM7	4	4	-6.8024	-5.9831	0.8192999999999993	0.006751	0.018331	405.0	727.0	1	1	0.043249	0.031669
full	joint_exact	joint_best	LTV1	3	3	-4.7831	-2.9998	1.7833	0.197386	0.403426	1870.0	2339.0	0	0	0.14738600000000002	0.353426
full	joint_exact	joint_best	LYRM4	3	3	-3.7712	-3.244	0.5271999999999997	0.002825	0.002703	185.0	146.0	1	1	0.047175	0.047297000000000006
full	joint_exact	joint_best	MAD2L2	3	3	-2.5735	-1.9601	0.6134000000000002	0.384258	0.331165	2336.0	2224.0	0	0	0.334258	0.281165
full	joint_exact	joint_best	MARS2	4	4	-4.6957	-3.7343	0.9614000000000003	0.00326	0.00331	204.0	166.0	1	1	0.046740000000000004	0.04669
full	joint_exact	joint_best	MCM3	4	4	-6.0377	-4.3512	1.6864999999999997	0.002151	0.006787	145.0	377.0	1	1	0.047849	0.043213
full	joint_exact	joint_best	MCM7	4	4	-6.6535	-5.0087	1.6448	0.001079	0.004619	73.0	253.0	1	1	0.048921000000000006	0.045381000000000005
full	joint_exact	joint_best	MDM2	4	4	-6.1255	-5.3961	0.7294	0.001394	0.002888	101.0	151.0	1	1	0.048606	0.047112
full	joint_exact	joint_best	MDM4	4	4	-6.1023	-4.5515	1.5507999999999997	0.004403	0.004379	261.0	231.0	1	1	0.045597000000000006	0.045621
full	joint_exact	joint_best	MED21	4	4	-3.7866	-3.2764	0.5101999999999998	0.02437	0.025169	861.0	830.0	1	1	0.025630000000000003	0.024831000000000002
full	joint_exact	joint_best	MED30	3	3	-3.1462	-2.1299	1.0162999999999998	0.032335	0.113486	1030.0	1570.0	1	0	0.017665	0.063486
full	joint_exact	joint_best	METTL16	4	4	-4.6187	-3.4289	1.1897999999999995	0.006861	0.042012	409.0	1026.0	1	1	0.043139000000000004	0.007988000000000002
full	joint_exact	joint_best	MFN2	4	4	-4.4204	-3.7841	0.6362999999999999	0.003155	0.002703	187.0	128.0	1	1	0.046845000000000005	0.047297000000000006
full	joint_exact	joint_best	MRPL11	4	4	-5.3653	-3.373	1.9923000000000002	0.01096	0.013115	540.0	582.0	1	1	0.039040000000000005	0.036885
full	joint_exact	joint_best	MRPL13	4	4	-5.8357	-4.7414	1.0943000000000005	0.001079	0.001383	72.0	64.0	1	1	0.048921000000000006	0.048617
full	joint_exact	joint_best	MRPL19	4	4	-2.6043	-1.9109	0.6933999999999998	0.089457	0.104954	1395.0	1428.0	0	0	0.03945699999999999	0.054954
full	joint_exact	joint_best	MRPL38	4	4	-2.8043	-2.2062	0.5981000000000001	0.110301	0.107567	1498.0	1434.0	0	0	0.060300999999999993	0.05756699999999999
full	joint_exact	joint_best	MRPS10	4	4	-3.6711	-2.8515	0.8195999999999999	0.011197	0.009383	553.0	464.0	1	1	0.038803000000000004	0.040617
full	joint_exact	joint_best	MRPS12	4	4	-3.4181	-2.4018	1.0162999999999998	0.013253	0.024203	608.0	810.0	1	1	0.036747	0.025797000000000004
full	joint_exact	joint_best	MRPS5	4	4	-4.8024	-3.665	1.1373999999999995	0.069219	0.129552	1293.0	1548.0	0	0	0.019219	0.079552
full	joint_exact	joint_best	MRPS6	4	4	-3.0261	-2.4599	0.5661999999999998	0.03093	0.053178	939.0	1142.0	1	0	0.019070000000000004	0.0031780000000000003
full	joint_exact	joint_best	MTG2	3	3	-4.8761	-3.4806	1.3955000000000002	0.095575	0.183702	1516.0	1824.0	0	0	0.04557499999999999	0.133702
full	joint_exact	joint_best	MVD	4	4	-5.523	-4.3861	1.1368999999999998	0.035314	0.026845	1000.0	851.0	1	1	0.014686000000000005	0.023155000000000002
full	joint_exact	joint_best	MVK	4	4	-4.708	-4.0716	0.6364000000000001	0.008488	0.008189	472.0	423.0	1	1	0.041512	0.041811
full	joint_exact	joint_best	NAA25	4	4	-4.3192	-3.7893	0.5299000000000005	0.00304	0.005551	182.0	293.0	1	1	0.04696	0.044449
full	joint_exact	joint_best	NAA50	3	3	-6.005	-4.675	1.33	0.011557	0.011389	614.0	593.0	1	1	0.038443000000000005	0.038611000000000006
full	joint_exact	joint_best	NARS2	4	4	-2.7673	-2.1959	0.5714000000000001	0.02012	0.018713	789.0	739.0	1	1	0.029880000000000004	0.031287
full	joint_exact	joint_best	NCBP2	4	4	-4.5423	-3.9974	0.5449000000000002	0.005971	0.006025	353.0	317.0	1	1	0.044029000000000006	0.043975
full	joint_exact	joint_best	NCL	4	4	-4.7937	-4.0445	0.7492000000000001	0.01288	0.010276	595.0	487.0	1	1	0.03712	0.039724
full	joint_exact	joint_best	NDUFAB1	4	4	-1.8562	-1.2324	0.6238000000000001	0.8341	0.851535	2851.0	2875.0	0	0	0.7840999999999999	0.801535
full	joint_exact	joint_best	NELFB	4	4	-3.2794	-2.2354	1.044	0.061772	0.070323	1241.0	1263.0	0	0	0.011771999999999998	0.020322999999999994
full	joint_exact	joint_best	NELFCD	4	4	-3.9372	-2.7288	1.2083999999999997	0.011511	0.035451	565.0	967.0	1	1	0.038489	0.014549
full	joint_exact	joint_best	NHP2L1	4	4	-5.0806	-4.2006	0.8799999999999999	0.040912	0.034208	1052.0	948.0	1	1	0.009088000000000006	0.015792
full	joint_exact	joint_best	NIP7	4	4	-3.5148	-2.758	0.7568000000000001	0.012838	0.01452	592.0	624.0	1	1	0.037162	0.035480000000000005
full	joint_exact	joint_best	NLE1	4	4	-5.8371	-4.1388	1.6983000000000006	0.004086	0.010328	228.0	496.0	1	1	0.045914	0.039672
full	joint_exact	joint_best	NMD3	4	4	-4.7859	-4.2672	0.5186999999999999	0.001079	0.001134	76.0	30.0	1	1	0.048921000000000006	0.048866
full	joint_exact	joint_best	NOL6	4	4	-5.3535	-4.5331	0.8204000000000002	0.007097	0.011705	414.0	562.0	1	1	0.042903000000000004	0.038295
full	joint_exact	joint_best	NOM1	3	3	-4.5379	-3.9189	0.6189999999999998	0.306886	0.270809	2179.0	2083.0	0	0	0.256886	0.22080900000000003
full	joint_exact	joint_best	NOP58	4	4	-7.8314	-7.0435	0.7879000000000005	0.001079	0.008655	57.0	437.0	1	1	0.048921000000000006	0.04134500000000001
full	joint_exact	joint_best	NPIPA5	4	4	-3.0276	-2.0227	1.0049000000000001	0.331116	0.361622	2119.0	2164.0	0	0	0.28111600000000003	0.311622
full	joint_exact	joint_best	NPIPA8	4	4	-5.1958	-3.3047	1.8911000000000002	0.05714	0.081144	1196.0	1326.0	0	0	0.0071400000000000005	0.03114399999999999
full	joint_exact	joint_best	NSF	4	4	-5.0247	-4.0054	1.0193000000000003	0.007104	0.02451	421.0	817.0	1	1	0.042896000000000004	0.025490000000000002
full	joint_exact	joint_best	NUBP2	4	4	-7.226	-3.3506	3.8754	0.004725	0.007942	262.0	417.0	1	1	0.045275	0.042058000000000005
full	joint_exact	joint_best	NUDC	3	3	-2.2165	-1.5245	0.692	0.204687	0.204473	1902.0	1901.0	0	0	0.15468700000000002	0.15447299999999997
full	joint_exact	joint_best	NUP205	3	3	-4.0902	-3.1224	0.9678000000000004	0.025581	0.027418	924.0	920.0	1	1	0.024419000000000003	0.022582
full	joint_exact	joint_best	NUP85	4	4	-6.6236	-4.698	1.9255999999999993	0.000972	0.001383	50.0	61.0	1	1	0.049028	0.048617
full	joint_exact	joint_best	NUP98	4	4	-3.9887	-3.4787	0.5100000000000002	0.030606	0.025322	932.0	834.0	1	1	0.019394	0.024678000000000002
full	joint_exact	joint_best	ORAOV1	4	4	-5.7575	-4.8969	0.8606000000000007	0.001337	0.01055	99.0	509.0	1	1	0.048663000000000005	0.03945
full	joint_exact	joint_best	ORC3	4	4	-3.233	-2.4323	0.8007	0.033936	0.027478	981.0	857.0	1	1	0.016064000000000002	0.022522000000000004
full	joint_exact	joint_best	OSBP	4	4	-3.9131	-2.9075	1.0055999999999998	0.083126	0.158864	1367.0	1653.0	0	0	0.033126	0.108864
full	joint_exact	joint_best	PAFAH1B1	4	4	-5.6303	-5.1009	0.5293999999999999	0.004914	0.004473	268.0	248.0	1	1	0.045086	0.045527000000000005
full	joint_exact	joint_best	PAG1	3	3	-0.73707	-0.10786	0.62921	1.0	1.0	4640.0	10251.0	0	0	0.95	0.95
full	joint_exact	joint_best	PAXBP1	4	4	-2.815	-2.1004	0.7145999999999999	0.057458	0.05264	1198.0	1137.0	0	0	0.007457999999999999	0.0026399999999999965
full	joint_exact	joint_best	PDAP1	4	4	-2.4113	-1.5083	0.9030000000000002	0.209591	0.223072	1811.0	1847.0	0	0	0.15959099999999998	0.173072
full	joint_exact	joint_best	PDPK1	4	4	-5.547	-4.7503	0.7966999999999995	0.013253	0.018326	606.0	724.0	1	1	0.036747	0.03167400000000001
full	joint_exact	joint_best	PFDN2	4	4	-5.6281	-4.4161	1.2119999999999997	0.000874	0.001134	15.0	33.0	1	1	0.049126	0.048866
full	joint_exact	joint_best	PGS1	4	4	-6.1989	-4.4811	1.7178000000000004	0.000948	0.00464	20.0	254.0	1	1	0.049052000000000005	0.045360000000000004
full	joint_exact	joint_best	PHF5A	4	4	-6.0446	-4.9012	1.1433999999999997	0.000948	0.002914	45.0	156.0	1	1	0.049052000000000005	0.047086
full	joint_exact	joint_best	PIP4K2C	4	4	-1.1739	-0.66715	0.5067499999999999	0.599685	1.0	2482.0	3603.0	0	0	0.549685	0.95
full	joint_exact	joint_best	PKIA	4	4	-0.7712	-0.24518	0.5260199999999999	1.0	1.0	3697.0	5561.0	0	0	0.95	0.95
full	joint_exact	joint_best	PKMYT1	4	4	-4.1911	-3.5673	0.6237999999999997	0.081506	0.073629	1359.0	1282.0	0	0	0.03150599999999999	0.023628999999999997
full	joint_exact	joint_best	PLK4	4	4	-3.9162	-2.8091	1.1071	0.006297	0.006349	368.0	354.0	1	1	0.043703000000000006	0.043651
full	joint_exact	joint_best	PMVK	4	4	-3.5196	-2.6274	0.8921999999999999	0.016278	0.028685	684.0	874.0	1	1	0.033722	0.021315000000000004
full	joint_exact	joint_best	PNPT1	4	4	-5.3194	-3.8086	1.5107999999999997	0.003702	0.006297	218.0	335.0	1	1	0.046298000000000006	0.043703000000000006
full	joint_exact	joint_best	POLA2	4	4	-4.4832	-3.7055	0.7777000000000003	0.005038	0.004416	278.0	239.0	1	1	0.044962	0.045584
full	joint_exact	joint_best	POLD1	4	4	-6.8128	-5.2229	1.5899	0.008431	0.020338	467.0	762.0	1	1	0.041569	0.029662000000000004
full	joint_exact	joint_best	POLE	4	4	-4.3483	-2.8248	1.5234999999999999	0.019175	0.072531	762.0	1275.0	1	0	0.030825	0.022530999999999995
full	joint_exact	joint_best	POLE4	4	4	-2.0338	-1.498	0.5357999999999998	0.240242	0.245332	1890.0	1908.0	0	0	0.19024200000000002	0.195332
full	joint_exact	joint_best	POLG	4	4	-1.7147	-1.066	0.6486999999999998	0.240242	0.236573	1891.0	1884.0	0	0	0.19024200000000002	0.186573
full	joint_exact	joint_best	POLR1A	4	4	-6.2314	-5.6648	0.5666000000000002	0.001079	0.001566	60.0	93.0	1	1	0.048921000000000006	0.048434000000000005
full	joint_exact	joint_best	POLR1C	3	3	-5.6595	-4.2897	1.3698000000000006	0.010873	0.010386	589.0	567.0	1	1	0.039127	0.039614
full	joint_exact	joint_best	POLR2A	4	4	-4.9622	-3.9248	1.0374000000000003	0.069219	0.046197	1292.0	1071.0	0	1	0.019219	0.003803000000000001
full	joint_exact	joint_best	POLR2B	4	4	-4.796	-3.9538	0.8422000000000001	0.041799	0.060914	1062.0	1195.0	1	0	0.008201	0.010914
full	joint_exact	joint_best	POLR2E	4	4	-2.9726	-2.3323	0.6402999999999999	0.352524	0.475396	2158.0	2345.0	0	0	0.302524	0.425396
full	joint_exact	joint_best	POLR2F	4	4	-5.2166	-4.4771	0.7394999999999996	0.019971	0.01817	785.0	719.0	1	1	0.030029000000000004	0.031830000000000004
full	joint_exact	joint_best	POLR2J	4	4	-7.2642	-6.7606	0.5035999999999996	0.005761	0.005346	336.0	285.0	1	1	0.044239	0.044654
full	joint_exact	joint_best	POLR2J3	3	3	-8.8846	-4.1914	4.693200000000001	0.008491	0.011028	507.0	580.0	1	1	0.041509000000000004	0.03897200000000001
full	joint_exact	joint_best	POLR2L	4	4	-7.722	-5.8766	1.8454000000000006	0.001421	0.00135	106.0	55.0	1	1	0.048579000000000004	0.048650000000000006
full	joint_exact	joint_best	POLR3F	4	4	-4.2327	-3.4268	0.8059000000000003	0.120275	0.11403	1538.0	1478.0	0	0	0.070275	0.06403
full	joint_exact	joint_best	POP5	4	4	-5.0307	-3.9986	1.0321000000000002	0.073025	0.119277	1314.0	1505.0	0	0	0.023025000000000004	0.06927699999999999
full	joint_exact	joint_best	POP7	4	4	-3.0707	-2.1429	0.9278	0.02437	0.024338	862.0	813.0	1	1	0.025630000000000003	0.025662000000000004
full	joint_exact	joint_best	PPAN-P2RY11	4	4	-2.5411	-1.5669	0.9742000000000002	0.197159	0.208786	1779.0	1798.0	0	0	0.14715899999999998	0.15878599999999998
full	joint_exact	joint_best	PPIAL4C	4	4	-5.2407	-4.3145	0.9262000000000006	0.006861	0.006787	410.0	378.0	1	1	0.043139000000000004	0.043213
full	joint_exact	joint_best	PPIAL4E	4	4	-7.3123	-4.8359	2.4764	0.001079	0.003593	68.0	185.0	1	1	0.048921000000000006	0.046407000000000004
full	joint_exact	joint_best	PPIL1	4	4	-3.6329	-3.1295	0.5033999999999996	0.023531	0.030471	846.0	900.0	1	1	0.026469000000000003	0.019529
full	joint_exact	joint_best	PPP2R1A	4	4	-4.1892	-3.5285	0.6606999999999994	0.007414	0.006349	434.0	347.0	1	1	0.042586000000000006	0.043651
full	joint_exact	joint_best	PPP4C	4	4	-5.3653	-3.7248	1.6405000000000003	0.013296	0.010836	609.0	520.0	1	1	0.036704	0.039164000000000004
full	joint_exact	joint_best	PPP6C	4	4	-7.9399	-5.7512	2.1887	0.005904	0.005551	347.0	290.0	1	1	0.044096	0.044449
full	joint_exact	joint_best	PRIM1	4	4	-3.8636	-3.247	0.6166	0.007561	0.006349	437.0	350.0	1	1	0.042439000000000004	0.043651
full	joint_exact	joint_best	PRMT1	4	4	-4.5557	-4.0083	0.5473999999999997	0.000972	0.001134	48.0	34.0	1	1	0.049028	0.048866
full	joint_exact	joint_best	PRMT5	4	4	-4.8162	-3.703	1.1132000000000004	0.000948	0.001134	25.0	41.0	1	1	0.049052000000000005	0.048866
full	joint_exact	joint_best	PRPF19	4	4	-8.3016	-7.7139	0.5877000000000008	0.001394	0.001383	103.0	66.0	1	1	0.048606	0.048617
full	joint_exact	joint_best	PRPF38A	4	4	-4.3899	-3.2771	1.1128	0.030294	0.074763	925.0	1292.0	1	0	0.019706	0.024762999999999993
full	joint_exact	joint_best	PSMA3	4	4	-3.1094	-2.0667	1.0427	0.086082	0.493717	1381.0	2368.0	0	0	0.036082	0.44371700000000003
full	joint_exact	joint_best	PSMB2	4	4	-4.6999	-4.0614	0.6385000000000005	0.006665	0.007942	378.0	418.0	1	1	0.043335000000000005	0.042058000000000005
full	joint_exact	joint_best	PSMB4	4	4	-4.6102	-3.9365	0.6736999999999997	0.002151	0.001716	144.0	101.0	1	1	0.047849	0.048284
full	joint_exact	joint_best	PSMC5	4	4	-4.1971	-3.0919	1.1052	0.04293	0.042139	1074.0	1031.0	1	1	0.00707	0.007861
full	joint_exact	joint_best	PSMD13	4	4	-3.0448	-2.3877	0.6570999999999998	0.021034	0.224395	811.0	1850.0	1	0	0.028966000000000002	0.17439500000000002
full	joint_exact	joint_best	PSMD6	4	4	-3.1208	-2.4301	0.6907000000000001	0.006665	0.006787	379.0	373.0	1	1	0.043335000000000005	0.043213
full	joint_exact	joint_best	PSMG2	4	4	-3.478	-2.839	0.6390000000000002	0.007848	0.022274	445.0	787.0	1	1	0.042152	0.027726000000000004
full	joint_exact	joint_best	PWP2	3	3	-3.9008	-3.2368	0.6639999999999997	0.008983	0.009295	524.0	519.0	1	1	0.041017000000000005	0.040705000000000005
full	joint_exact	joint_best	QRSL1	4	4	-3.9091	-2.8205	1.0886	0.071944	0.074752	1309.0	1291.0	0	0	0.02194399999999999	0.024751999999999996
full	joint_exact	joint_best	RABGGTB	4	4	-7.2215	-5.3946	1.8269000000000002	0.001453	0.003608	109.0	188.0	1	1	0.048547	0.046392
full	joint_exact	joint_best	RANGAP1	4	4	-3.8018	-3.0722	0.7296	0.005579	0.006025	314.0	312.0	1	1	0.044421	0.043975
full	joint_exact	joint_best	RBBP4	4	4	-5.6797	-3.8924	1.7873000000000006	0.003752	0.002888	222.0	154.0	1	1	0.046248000000000004	0.047112
full	joint_exact	joint_best	RBM39	4	4	-4.7389	-3.8429	0.8959999999999999	0.005748	0.006297	332.0	334.0	1	1	0.044252	0.043703000000000006
full	joint_exact	joint_best	RBM8A	4	4	-3.9795	-3.3673	0.6121999999999996	0.005713	0.005114	318.0	268.0	1	1	0.044287	0.044886
full	joint_exact	joint_best	RCL1	4	4	-4.4967	-3.8948	0.6018999999999997	0.012676	0.013362	583.0	600.0	1	1	0.037324	0.036638000000000004
full	joint_exact	joint_best	RNF20	4	4	-2.4635	-1.8064	0.6570999999999998	0.151775	0.157984	1655.0	1651.0	0	0	0.10177499999999999	0.10798400000000001
full	joint_exact	joint_best	RPA2	4	4	-2.3341	-1.6074	0.7266999999999999	0.254688	0.250233	1934.0	1916.0	0	0	0.20468800000000004	0.200233
full	joint_exact	joint_best	RPIA	4	4	-5.3269	-3.258	2.0689	0.050222	0.109483	1145.0	1446.0	0	0	0.00022199999999999998	0.059482999999999994
full	joint_exact	joint_best	RPL11	4	4	-7.6807	-6.7593	0.9214000000000002	0.000874	0.004893	13.0	257.0	1	1	0.049126	0.045107
full	joint_exact	joint_best	RPL15	4	4	-5.1587	-3.4709	1.6877999999999997	0.011074	0.04095	551.0	1016.0	1	1	0.038926	0.009050000000000002
full	joint_exact	joint_best	RPL17-C18orf32	4	4	-6.5413	-4.857	1.6842999999999995	0.000972	0.001386	51.0	71.0	1	1	0.049028	0.048614000000000004
full	joint_exact	joint_best	RPL18	4	4	-6.4753	-5.6428	0.8324999999999996	0.00914	0.006676	482.0	369.0	1	1	0.04086	0.043324
full	joint_exact	joint_best	RPL19	4	4	-6.0662	-5.2628	0.8033999999999999	0.00045	0.000707	3.0	6.0	1	1	0.049550000000000004	0.049293000000000003
full	joint_exact	joint_best	RPL26	4	4	-3.6584	-3.1458	0.5126	0.022138	0.015843	829.0	652.0	1	1	0.027862	0.03415700000000001
full	joint_exact	joint_best	RPL27	4	4	-7.8708	-5.9627	1.9081000000000001	0.000972	0.004001	56.0	217.0	1	1	0.049028	0.045999000000000005
full	joint_exact	joint_best	RPL28	4	4	-3.0124	-2.0109	1.0015	0.054146	0.05264	1174.0	1138.0	0	0	0.004145999999999997	0.0026399999999999965
full	joint_exact	joint_best	RPL31	4	4	-6.1888	-4.8905	1.2982999999999993	0.001832	0.001971	124.0	107.0	1	1	0.048168	0.048029
full	joint_exact	joint_best	RPL35A	4	4	-6.1705	-5.4985	0.6719999999999997	0.000948	0.00135	42.0	52.0	1	1	0.049052000000000005	0.048650000000000006
full	joint_exact	joint_best	RPL37	4	4	-4.4321	-3.7346	0.6975000000000002	0.002872	0.006349	179.0	355.0	1	1	0.047128	0.043651
full	joint_exact	joint_best	RPL38	4	4	-3.8075	-2.5747	1.2328000000000001	0.058287	0.061713	1217.0	1202.0	0	0	0.008286999999999996	0.011712999999999994
full	joint_exact	joint_best	RPL39	4	4	-4.6707	-4.1408	0.5299000000000005	0.016191	0.01662	677.0	679.0	1	1	0.033809000000000006	0.03338000000000001
full	joint_exact	joint_best	RPL4	4	4	-8.2905	-6.3372	1.9532999999999996	0.001168	0.002863	88.0	144.0	1	1	0.048832	0.047137000000000005
full	joint_exact	joint_best	RPL6	4	4	-6.4336	-4.9605	1.4731000000000005	0.00045	0.002703	11.0	135.0	1	1	0.049550000000000004	0.047297000000000006
full	joint_exact	joint_best	RPL7L1	4	4	-3.0984	-2.1474	0.9509999999999996	0.05969	0.062061	1230.0	1210.0	0	0	0.009689999999999997	0.012060999999999995
full	joint_exact	joint_best	RPLP1	4	4	-4.6391	-2.1271	2.512	0.080683	0.075504	1350.0	1298.0	0	0	0.030683000000000002	0.025504
full	joint_exact	joint_best	RPP21	4	4	-9.2031	-5.0684	4.1347	0.00045	0.001134	1.0	43.0	1	1	0.049550000000000004	0.048866
full	joint_exact	joint_best	RPS12	4	4	-5.9761	-4.8475	1.1285999999999996	0.005579	0.010638	308.0	513.0	1	1	0.044421	0.039362
full	joint_exact	joint_best	RPS14	4	4	-6.1357	-5.5511	0.5846	0.001421	0.003636	105.0	191.0	1	1	0.048579000000000004	0.046364
full	joint_exact	joint_best	RPS16	4	4	-3.9715	-3.4033	0.5681999999999996	0.001959	0.001874	136.0	103.0	1	1	0.048041	0.048126
full	joint_exact	joint_best	RPS17	4	4	-8.2272	-6.792	1.4352	0.001337	0.003666	97.0	211.0	1	1	0.048663000000000005	0.046334
full	joint_exact	joint_best	RPS20	4	4	-4.9262	-4.3387	0.5874999999999995	0.006673	0.006614	383.0	361.0	1	1	0.043327000000000004	0.043386
full	joint_exact	joint_best	RPS21	4	4	-3.208	-2.4381	0.7699000000000003	0.019528	0.039805	773.0	1004.0	1	1	0.030472000000000003	0.010195000000000003
full	joint_exact	joint_best	RPS24	4	4	-5.0461	-4.2396	0.8064999999999998	0.005579	0.005551	313.0	294.0	1	1	0.044421	0.044449
full	joint_exact	joint_best	RPS26	2	2	-3.0836	-2.0353	1.0483000000000002	0.082647	0.181519	1576.0	1988.0	0	0	0.032646999999999995	0.131519
full	joint_exact	joint_best	RPS27	4	4	-6.4539	-5.918	0.5358999999999998	0.00326	0.002495	205.0	125.0	1	1	0.046740000000000004	0.047505000000000006
full	joint_exact	joint_best	RPS3A	4	4	-9.5888	-8.5402	1.0486000000000004	0.00045	0.000707	2.0	1.0	1	1	0.049550000000000004	0.049293000000000003
full	joint_exact	joint_best	RPSA	4	4	-4.8847	-4.0935	0.7911999999999999	0.016556	0.028409	692.0	872.0	1	1	0.033444	0.021591000000000003
full	joint_exact	joint_best	RRM2	4	4	-3.3686	-1.8514	1.5171999999999999	0.28271	0.467741	2006.0	2332.0	0	0	0.23271000000000003	0.41774100000000003
full	joint_exact	joint_best	RRN3	4	4	-6.3318	-4.9879	1.3439000000000005	0.010873	0.016776	530.0	686.0	1	1	0.039127	0.033224000000000004
full	joint_exact	joint_best	RRP12	4	4	-5.2929	-4.6197	0.6732000000000005	0.0443	0.116504	1085.0	1491.0	1	0	0.005700000000000004	0.066504
full	joint_exact	joint_best	RRP9	4	4	-6.8615	-3.4398	3.4217000000000004	0.0076	0.017079	440.0	695.0	1	1	0.0424	0.032921000000000006
full	joint_exact	joint_best	RTEL1	3	3	-4.6448	-3.946	0.6987999999999999	0.015316	0.013628	727.0	660.0	1	1	0.034684000000000006	0.036372
full	joint_exact	joint_best	RTF1	4	4	-5.3261	-4.2614	1.0647000000000002	0.027765	0.023881	900.0	807.0	1	1	0.022235	0.026119000000000003
full	joint_exact	joint_best	SARS	4	4	-4.8309	-3.9444	0.8864999999999998	0.016972	0.026985	705.0	855.0	1	1	0.033028	0.023015000000000004
full	joint_exact	joint_best	SARS2	4	4	-2.6779	-2.0345	0.6434000000000002	0.036044	0.048235	1015.0	1094.0	1	1	0.013956000000000003	0.0017650000000000027
full	joint_exact	joint_best	SDE2	3	3	-3.4981	-1.7328	1.7653	0.24507	0.365208	2023.0	2293.0	0	0	0.19507000000000002	0.315208
full	joint_exact	joint_best	SDHA	4	4	-6.0191	-4.506	1.5130999999999997	0.005748	0.006025	327.0	318.0	1	1	0.044252	0.043975
full	joint_exact	joint_best	SEH1L	3	3	-4.0117	-3.019	0.9927000000000001	0.042872	0.041897	1149.0	1103.0	1	1	0.007128000000000002	0.008103000000000006
full	joint_exact	joint_best	SETD1A	3	3	-3.2377	-2.6647	0.573	0.057372	0.049215	1281.0	1180.0	0	1	0.007371999999999997	0.000785000000000001
full	joint_exact	joint_best	SF3B1	4	4	-4.8557	-3.4269	1.4287999999999998	0.002324	0.003593	159.0	183.0	1	1	0.047676	0.046407000000000004
full	joint_exact	joint_best	SF3B2	4	4	-3.1754	-2.4756	0.6997999999999998	0.107939	0.099034	1487.0	1409.0	0	0	0.05793899999999999	0.049033999999999994
full	joint_exact	joint_best	SF3B4	4	4	-4.6263	-3.8396	0.7866999999999997	0.049622	0.143497	1138.0	1605.0	1	0	0.00037800000000000333	0.09349700000000001
full	joint_exact	joint_best	SLMO2	4	4	-5.1268	-3.682	1.4448000000000003	0.026549	0.042498	889.0	1036.0	1	1	0.023451000000000003	0.007502000000000002
full	joint_exact	joint_best	SMC6	4	4	-5.6147	-4.263	1.3517000000000001	0.017772	0.015825	729.0	651.0	1	1	0.03222800000000001	0.034175000000000004
full	joint_exact	joint_best	SMN1	4	4	-2.4605	-1.9478	0.5127000000000002	0.036408	0.127719	1018.0	1533.0	1	0	0.013592	0.077719
full	joint_exact	joint_best	SMU1	4	4	-6.3759	-5.8174	0.5584999999999996	0.000874	0.001383	12.0	57.0	1	1	0.049126	0.048617
full	joint_exact	joint_best	SNRNP200	3	3	-3.9737	-3.2634	0.7103000000000002	0.020009	0.068707	843.0	1330.0	1	0	0.029991000000000004	0.018707
full	joint_exact	joint_best	SNRNP25	4	4	-6.0612	-4.3331	1.7281000000000004	0.001987	0.004044	141.0	221.0	1	1	0.048013	0.045956000000000004
full	joint_exact	joint_best	SNRNP35	4	4	-3.8704	-3.3489	0.5215000000000001	0.0183	0.022218	743.0	786.0	1	1	0.031700000000000006	0.027782
full	joint_exact	joint_best	SNRPD2	4	4	-4.376	-3.5244	0.8516000000000004	0.01288	0.013199	594.0	589.0	1	1	0.03712	0.036801
full	joint_exact	joint_best	SNRPD3	3	3	-4.8706	-3.9111	0.9594999999999998	0.030789	0.030471	1011.0	970.0	1	1	0.019211000000000002	0.019529
full	joint_exact	joint_best	SPATA5	4	4	-3.8527	-2.9344	0.9182999999999999	0.067193	0.064572	1275.0	1236.0	0	0	0.017193	0.014572000000000002
full	joint_exact	joint_best	SPDYE3	4	4	-2.6893	-2.1655	0.5237999999999996	0.200491	0.233195	1788.0	1875.0	0	0	0.15049099999999999	0.183195
full	joint_exact	joint_best	SRSF1	4	4	-4.4732	-3.7444	0.7288000000000001	0.006673	0.026596	382.0	844.0	1	1	0.043327000000000004	0.023404
full	joint_exact	joint_best	SRSF2	4	4	-6.5455	-3.6974	2.8480999999999996	0.027018	0.203334	893.0	1779.0	1	0	0.022982000000000002	0.15333399999999997
full	joint_exact	joint_best	SUMO2	3	3	-3.398	-2.6612	0.7368000000000001	0.520016	0.575743	2448.0	2514.0	0	0	0.47001600000000004	0.525743
full	joint_exact	joint_best	SUPT4H1	3	3	-7.3057	-6.3852	0.9204999999999997	0.006719	0.005247	435.0	311.0	1	1	0.043281	0.044753
full	joint_exact	joint_best	SUPV3L1	4	4	-4.6017	-3.7758	0.8259000000000003	0.062296	0.058844	1245.0	1184.0	0	0	0.012295999999999994	0.008843999999999998
full	joint_exact	joint_best	SURF6	4	4	-2.8839	-2.3225	0.5614000000000003	0.047737	0.043612	1112.0	1051.0	1	1	0.002263000000000001	0.006388000000000005
full	joint_exact	joint_best	TAF1C	4	4	-3.9161	-2.9556	0.9605000000000001	0.003155	0.002703	190.0	133.0	1	1	0.046845000000000005	0.047297000000000006
full	joint_exact	joint_best	TAF6	4	4	-3.9661	-3.4594	0.5066999999999999	0.022342	0.023461	832.0	797.0	1	1	0.027658000000000002	0.026539000000000004
full	joint_exact	joint_best	TAMM41	4	4	-5.4333	-3.641	1.7923	0.013333	0.017926	611.0	710.0	1	1	0.036667000000000005	0.032074000000000005
full	joint_exact	joint_best	TBC1D3C	3	3	-3.4998	-2.948	0.5518000000000001	0.005886	0.008556	377.0	479.0	1	1	0.044114	0.041444
full	joint_exact	joint_best	TBCA	4	4	-2.7464	-1.6403	1.1060999999999999	0.437431	0.734996	2321.0	2680.0	0	0	0.387431	0.6849959999999999
full	joint_exact	joint_best	TBCC	4	4	-3.431	-2.3334	1.0976	0.04858	0.07428	1122.0	1285.0	1	0	0.0014200000000000046	0.024279999999999996
full	joint_exact	joint_best	TBL3	4	4	-6.7742	-5.6503	1.1239000000000008	0.007219	0.007135	428.0	390.0	1	1	0.042781	0.042865
full	joint_exact	joint_best	TCEB1	4	4	-3.582	-2.8568	0.7252000000000001	0.01722	0.016177	713.0	657.0	1	1	0.032780000000000004	0.033823000000000006
full	joint_exact	joint_best	TCEB2	4	4	-5.63	-2.4295	3.2005	0.035202	0.173574	999.0	1697.0	1	0	0.014798000000000006	0.123574
full	joint_exact	joint_best	TERF2	4	4	-4.0317	-3.1465	0.8851999999999998	0.021829	0.025199	823.0	831.0	1	1	0.028171	0.024801000000000004
full	joint_exact	joint_best	TFAM	4	4	-5.8765	-4.3986	1.4779	0.005892	0.007942	344.0	415.0	1	1	0.044108	0.042058000000000005
full	joint_exact	joint_best	THOC3	4	4	-2.919	-2.3465	0.5725000000000002	0.034904	0.068429	992.0	1251.0	1	0	0.015096000000000005	0.018429
full	joint_exact	joint_best	THOC7	4	4	-2.9424	-2.1289	0.8135000000000003	0.335351	0.370239	2122.0	2182.0	0	0	0.285351	0.320239
full	joint_exact	joint_best	TICRR	4	4	-4.9801	-4.3818	0.5983	0.017584	0.015269	724.0	636.0	1	1	0.032416	0.034731000000000005
full	joint_exact	joint_best	TM4SF5	3	3	-0.31806	0.70252	1.02058	1.0	1.0	7018.0	7248.0	0	0	0.95	0.95
full	joint_exact	joint_best	TMA16	4	4	-4.5317	-3.7463	0.7853999999999997	0.071504	0.082063	1306.0	1334.0	0	0	0.021503999999999995	0.032062999999999994
full	joint_exact	joint_best	TOMM22	4	4	-3.3507	-2.6656	0.6850999999999998	0.066872	0.135001	1273.0	1564.0	0	0	0.016871999999999998	0.08500100000000001
full	joint_exact	joint_best	TOP2A	4	4	-8.588	-5.717	2.8709999999999996	0.000948	0.003593	21.0	186.0	1	1	0.049052000000000005	0.046407000000000004
full	joint_exact	joint_best	TPI1	4	4	-5.1863	-4.6234	0.5629	0.012838	0.010435	593.0	504.0	1	1	0.037162	0.039565
full	joint_exact	joint_best	TPX2	4	4	-1.5991	-0.94859	0.6505099999999999	0.280243	0.280307	2002.0	1995.0	0	0	0.23024300000000003	0.23030699999999998
full	joint_exact	joint_best	TRAPPC1	4	4	-5.6565	-2.4475	3.2090000000000005	0.013904	0.02486	625.0	825.0	1	1	0.036096	0.025140000000000003
full	joint_exact	joint_best	TRAPPC3	3	3	-4.0231	-3.3455	0.6776000000000004	0.259818	0.29204	2064.0	2142.0	0	0	0.209818	0.24204000000000003
full	joint_exact	joint_best	TTC34	3	3	-0.029719	0.47175	0.501469	1.0	1.0	14918.0	14628.0	0	0	0.95	0.95
full	joint_exact	joint_best	TTI2	4	4	-4.0232	-3.0023	1.0209000000000001	0.202828	0.197637	1800.0	1759.0	0	0	0.15282800000000002	0.14763700000000002
full	joint_exact	joint_best	TUBA1B	4	4	-4.6233	-3.378	1.2453000000000003	0.005748	0.004421	325.0	243.0	1	1	0.044252	0.045579
full	joint_exact	joint_best	TUBGCP2	4	4	-4.5673	-3.3241	1.2432000000000003	0.040791	0.118756	1051.0	1499.0	1	0	0.009209000000000002	0.068756
full	joint_exact	joint_best	TUT1	4	4	-6.2214	-4.8996	1.3217999999999996	0.001079	0.001262	61.0	51.0	1	1	0.048921000000000006	0.048738000000000004
full	joint_exact	joint_best	U2AF1	4	4	-7.7166	-7.1802	0.5363999999999995	0.001289	0.001386	96.0	74.0	1	1	0.048711000000000004	0.048614000000000004
full	joint_exact	joint_best	U2AF2	3	3	-5.0207	-3.8138	1.2068999999999996	0.263846	0.26738	2079.0	2069.0	0	0	0.21384600000000004	0.21738000000000002
full	joint_exact	joint_best	U2SURP	4	4	-3.9366	-3.3664	0.5701999999999998	0.018938	0.019192	757.0	750.0	1	1	0.031062000000000003	0.030808000000000002
full	joint_exact	joint_best	UBA1	4	4	-5.9909	-4.575	1.4158999999999997	0.002324	0.003556	154.0	174.0	1	1	0.047676	0.046444
full	joint_exact	joint_best	UBA52	4	4	-5.1133	-4.4659	0.6473999999999993	0.001079	0.003622	58.0	190.0	1	1	0.048921000000000006	0.046378
full	joint_exact	joint_best	UBE2D3	4	4	-5.0508	-4.4621	0.5886999999999993	0.010662	0.008655	525.0	435.0	1	1	0.039338000000000005	0.04134500000000001
full	joint_exact	joint_best	UBE2I	4	4	-6.8176	-5.5182	1.2993999999999994	0.001168	0.003593	87.0	184.0	1	1	0.048832	0.046407000000000004
full	joint_exact	joint_best	UBL5	4	4	-5.2841	-4.3898	0.8942999999999994	0.006719	0.006025	394.0	313.0	1	1	0.043281	0.043975
full	joint_exact	joint_best	UBTF	4	4	-3.0106	-2.4441	0.5665	0.081555	0.200231	1360.0	1766.0	0	0	0.031555	0.150231
full	joint_exact	joint_best	UQCRB	4	4	-3.9355	-3.3363	0.5992000000000002	0.029965	0.206063	921.0	1786.0	1	0	0.020035000000000004	0.156063
full	joint_exact	joint_best	URI1	4	4	-3.0465	-2.4203	0.6261999999999999	0.003938	0.003666	224.0	198.0	1	1	0.046062000000000006	0.046334
full	joint_exact	joint_best	USP17L11	4	4	-3.8143	-2.9296	0.8846999999999996	0.067528	0.165677	1277.0	1673.0	0	0	0.017528000000000002	0.11567699999999999
full	joint_exact	joint_best	USP17L26	4	4	-3.2401	-2.0693	1.1707999999999998	0.145823	0.462925	1635.0	2330.0	0	0	0.095823	0.412925
full	joint_exact	joint_best	USP24	2	2	-0.85809	-0.28646	0.5716300000000001	1.0	1.0	5551.0	8410.0	0	0	0.95	0.95
full	joint_exact	joint_best	UTP15	4	4	-5.6722	-4.6643	1.0079000000000002	0.017772	0.056716	728.0	1171.0	1	0	0.03222800000000001	0.006716
full	joint_exact	joint_best	UTP18	4	4	-4.2376	-3.4088	0.8287999999999998	0.005971	0.005613	351.0	297.0	1	1	0.044029000000000006	0.044387
full	joint_exact	joint_best	VARS2	4	4	-4.3562	-3.8139	0.5423000000000004	0.025726	0.030471	875.0	899.0	1	1	0.024274000000000004	0.019529
full	joint_exact	joint_best	VHL	4	4	-4.3439	-3.0487	1.2951999999999995	0.087874	0.080458	1386.0	1323.0	0	0	0.03787399999999999	0.030458
full	joint_exact	joint_best	VMP1	4	4	-5.5109	-2.9114	2.5995000000000004	0.034485	0.035111	986.0	966.0	1	1	0.015515000000000001	0.014889
full	joint_exact	joint_best	VPRBP	4	4	-5.4342	-4.5751	0.8590999999999998	0.001238	0.002703	92.0	137.0	1	1	0.048762	0.047297000000000006
full	joint_exact	joint_best	VPS51	4	4	-3.2443	-2.7248	0.5194999999999999	0.013253	0.013342	607.0	596.0	1	1	0.036747	0.036658
full	joint_exact	joint_best	VPS52	4	4	-2.307	-1.4789	0.8280999999999998	0.028528	0.027922	907.0	865.0	1	1	0.021472	0.022078000000000004
full	joint_exact	joint_best	WBSCR16	4	4	-3.4808	-2.8102	0.6705999999999999	0.01385	0.079592	621.0	1319.0	1	0	0.03615	0.029591999999999993
full	joint_exact	joint_best	WDHD1	4	4	-4.1012	-3.2403	0.8609000000000004	0.006783	0.015492	406.0	645.0	1	1	0.043217000000000005	0.034508000000000004
full	joint_exact	joint_best	WDR18	4	4	-4.6078	-3.2685	1.3393000000000002	0.001866	0.002703	129.0	132.0	1	1	0.048134	0.047297000000000006
full	joint_exact	joint_best	WDR3	4	4	-3.8172	-3.292	0.5252000000000003	0.013847	0.020387	619.0	764.0	1	1	0.036153000000000005	0.029613000000000004
full	joint_exact	joint_best	WDR46	4	4	-4.9407	-4.0325	0.9081999999999999	0.018863	0.046941	749.0	1076.0	1	1	0.031137	0.003059000000000006
full	joint_exact	joint_best	WDR5	4	4	-5.6588	-3.3572	2.3016	0.017874	0.01817	733.0	720.0	1	1	0.032126	0.031830000000000004
full	joint_exact	joint_best	WDR75	4	4	-6.3648	-4.7277	1.6371000000000002	0.008343	0.009295	466.0	462.0	1	1	0.041657	0.040705000000000005
full	joint_exact	joint_best	WDR77	4	4	-3.4537	-2.4828	0.9708999999999999	0.057871	0.092211	1208.0	1379.0	0	0	0.007870999999999996	0.042211
full	joint_exact	joint_best	XPO5	4	4	-3.4934	-2.8603	0.6330999999999998	0.005452	0.006349	305.0	359.0	1	1	0.044548000000000004	0.043651
full	joint_exact	joint_best	XRN1	4	4	-4.2719	-3.7156	0.5562999999999998	0.002324	0.002023	155.0	114.0	1	1	0.047676	0.047977000000000006
full	joint_exact	joint_best	YAE1D1	4	4	-5.2308	-3.8856	1.3452000000000002	0.005748	0.004988	335.0	260.0	1	1	0.044252	0.045012
full	joint_exact	joint_best	YARS2	4	4	-6.777	-4.5856	2.1914	0.006178	0.007288	365.0	392.0	1	1	0.043822	0.042712
full	joint_exact	joint_best	YRDC	4	4	-7.7019	-6.9345	0.7674000000000003	0.010409	0.007755	511.0	410.0	1	1	0.039591	0.042245000000000005
full	joint_exact	joint_best	ZNF830	4	4	-2.6016	-1.5817	1.0198999999999998	0.11366	0.624452	1511.0	2527.0	0	0	0.06366	0.574452
full	joint_exact	joint_best	ZPR1	4	4	-3.9941	-3.3233	0.6707999999999998	0.002416	0.001634	166.0	100.0	1	1	0.047584	0.048366000000000006
full	joint_best	joint_radius	ACOT1	3	3	0.81692	1.5969	0.77998	1.0	0.999999	14932.0	18941.0	0	0	0.95	0.9499989999999999
full	joint_best	joint_radius	AGAP9	4	4	-2.8336	-2.0111	0.8225000000000002	0.264776	0.403822	1952.0	2202.0	0	0	0.21477600000000002	0.353822
full	joint_best	joint_radius	AMY1A	4	4	-2.8139	-2.2538	0.5600999999999998	0.091116	0.643232	1373.0	2507.0	0	0	0.041116	0.593232
full	joint_best	joint_radius	AMY2B	4	4	-0.94278	-0.3399	0.60288	0.794379	0.999999	2789.0	10478.0	0	0	0.7443789999999999	0.9499989999999999
full	joint_best	joint_radius	ATAD3B	4	4	-0.20181	0.55163	0.7534399999999999	1.0	0.999999	11285.0	11230.0	0	0	0.95	0.9499989999999999
full	joint_best	joint_radius	C1QTNF9B	4	4	0.40931	1.2991	0.8897899999999999	1.0	0.999999	17062.0	18321.0	0	0	0.95	0.9499989999999999
full	joint_best	joint_radius	CDK11B	4	4	-2.1909	-1.6847	0.5062	0.642524	0.87256	2554.0	2864.0	0	0	0.5925239999999999	0.82256
full	joint_best	joint_radius	CSHL1	4	4	-0.96228	-1.5552	-0.5929199999999999	1.0	0.999999	3196.0	3219.0	0	0	0.95	0.9499989999999999
full	joint_best	joint_radius	CXCL1	4	4	0.95611	0.33765	-0.61846	1.0	0.999999	9382.0	9342.0	0	0	0.95	0.9499989999999999
full	joint_best	joint_radius	DDX19B	4	4	-0.60431	0.087905	0.692215	0.828595	0.999999	2836.0	4270.0	0	0	0.7785949999999999	0.9499989999999999
full	joint_best	joint_radius	DGCR6L	4	4	0.94792	1.4513	0.50338	1.0	0.999999	18886.0	19003.0	0	0	0.95	0.9499989999999999
full	joint_best	joint_radius	DHFR	4	4	-5.8489	-4.782	1.0669000000000004	0.001134	0.007562	25.0	415.0	1	1	0.048866	0.042438000000000003
full	joint_best	joint_radius	EEF2KMT	4	4	-0.92705	0.035052	0.962102	1.0	0.999999	4842.0	6627.0	0	0	0.95	0.9499989999999999
full	joint_best	joint_radius	FAHD2B	4	4	0.89817	1.5646	0.66643	1.0	0.999999	14015.0	13984.0	0	0	0.95	0.9499989999999999
full	joint_best	joint_radius	FAM127B	3	3	1.0878	0.3455	-0.7423000000000002	1.0	0.999999	12450.0	16279.0	0	0	0.95	0.9499989999999999
full	joint_best	joint_radius	FAM127C	4	4	0.7981	0.10171	-0.6963900000000001	1.0	0.999999	12605.0	11993.0	0	0	0.95	0.9499989999999999
full	joint_best	joint_radius	FNTB	4	4	-2.3178	-1.7892	0.5286000000000002	0.095143	0.629236	1394.0	2491.0	0	0	0.045143	0.579236
full	joint_best	joint_radius	FOXD4	4	4	-0.24959	0.31791	0.5675	1.0	0.999999	12239.0	15201.0	0	0	0.95	0.9499989999999999
full	joint_best	joint_radius	FOXD4L3	3	3	-3.1932	-1.251	1.9422000000000001	0.602097	0.643232	2546.0	2557.0	0	0	0.552097	0.593232
full	joint_best	joint_radius	FRG2B	4	4	-2.644	-2.0591	0.5849000000000002	0.210312	0.578828	1809.0	2425.0	0	0	0.160312	0.528828
full	joint_best	joint_radius	GAGE12C	4	4	-0.89785	-0.36363	0.53422	0.829428	0.999999	2837.0	12356.0	0	0	0.779428	0.9499989999999999
full	joint_best	joint_radius	GAGE2A	4	4	-0.24444	0.79453	1.03897	0.613848	0.999999	2513.0	7038.0	0	0	0.5638479999999999	0.9499989999999999
full	joint_best	joint_radius	GOLGA6A	4	4	-2.342	-1.7507	0.5913000000000002	0.783292	0.823836	2767.0	2785.0	0	0	0.7332919999999999	0.773836
full	joint_best	joint_radius	GOLGA6B	4	4	-1.1899	-0.58813	0.6017699999999999	0.688581	0.678733	2630.0	2571.0	0	0	0.638581	0.628733
full	joint_best	joint_radius	GOLGA6C	4	4	-1.8736	-1.257	0.6166	0.126905	0.43961	1531.0	2250.0	0	0	0.07690499999999999	0.38961
full	joint_best	joint_radius	GOLGA8M	4	4	-1.9608	-1.2789	0.6819000000000002	0.020387	0.080459	765.0	1331.0	1	0	0.029613000000000004	0.030459
full	joint_best	joint_radius	GOLGA8O	4	4	-1.693	-0.58418	1.1088200000000001	0.102099	0.999999	1415.0	6088.0	0	0	0.05209899999999999	0.9499989999999999
full	joint_best	joint_radius	GSTA1	4	4	-0.37279	0.14171	0.5145	1.0	0.999999	4832.0	8756.0	0	0	0.95	0.9499989999999999
full	joint_best	joint_radius	H2AFB1	1	1	0.43007	1.0219	0.5918300000000001	1.0	0.999999	11042.0	10834.0	0	0	0.95	0.9499989999999999
full	joint_best	joint_radius	H2AFB3	4	4	-0.95248	-0.29018	0.6623	1.0	0.999999	3952.0	5573.0	0	0	0.95	0.9499989999999999
full	joint_best	joint_radius	HIST1H2AI	4	4	-2.639	-1.7347	0.9042999999999999	0.215905	0.807952	1819.0	2759.0	0	0	0.16590500000000002	0.757952
full	joint_best	joint_radius	HIST1H3J	4	4	-0.30425	0.90828	1.21253	1.0	0.999999	5572.0	11152.0	0	0	0.95	0.9499989999999999
full	joint_best	joint_radius	HIST2H2AA4	1	1	-2.4856	-1.7564	0.7291999999999998	0.690506	0.999999	3504.0	4757.0	0	0	0.6405059999999999	0.9499989999999999
full	joint_best	joint_radius	HIST2H2BF	4	4	-1.9403	-0.91594	1.02436	0.259497	0.999999	1935.0	3257.0	0	0	0.209497	0.9499989999999999
full	joint_best	joint_radius	HIST2H3D	3	3	-3.775	-3.2718	0.5032000000000001	0.113735	0.668412	1572.0	2594.0	0	0	0.063735	0.618412
full	joint_best	joint_radius	HNRNPC	4	4	-5.0335	-3.8765	1.157	0.00135	0.021378	53.0	779.0	1	1	0.048650000000000006	0.028622
full	joint_best	joint_radius	HP	3	3	-0.38259	0.31841	0.7010000000000001	1.0	0.999999	9921.0	9879.0	0	0	0.95	0.9499989999999999
full	joint_best	joint_radius	HTN3	4	4	-0.20272	0.3807	0.58342	1.0	0.999999	8118.0	8078.0	0	0	0.95	0.9499989999999999
full	joint_best	joint_radius	IFNA10	4	4	-0.16385	0.6923	0.85615	1.0	0.999999	3440.0	8335.0	0	0	0.95	0.9499989999999999
full	joint_best	joint_radius	IFNL2	4	4	0.59106	0.016815	-0.574245	1.0	0.999999	17600.0	14671.0	0	0	0.95	0.9499989999999999
full	joint_best	joint_radius	KCNJ18	4	4	0.12484	0.75482	0.62998	1.0	0.999999	11156.0	11839.0	0	0	0.95	0.9499989999999999
full	joint_best	joint_radius	KRT6A	3	3	-0.70324	0.32681	1.03005	1.0	0.999999	3658.0	8685.0	0	0	0.95	0.9499989999999999
full	joint_best	joint_radius	KRTAP4-8	4	4	-0.83386	0.023465	0.857325	1.0	0.999999	3206.0	6584.0	0	0	0.95	0.9499989999999999
full	joint_best	joint_radius	KRTAP5-8	4	4	-0.79397	0.37964	1.17361	1.0	0.999999	3608.0	11748.0	0	0	0.95	0.9499989999999999
full	joint_best	joint_radius	KRTAP9-7	3	3	0.30071	-0.32686	-0.62757	1.0	0.999999	8870.0	10959.0	0	0	0.95	0.9499989999999999
full	joint_best	joint_radius	LCE1B	4	4	-1.7175	-1.1376	0.5799000000000001	0.225381	0.999999	1855.0	3607.0	0	0	0.175381	0.9499989999999999
full	joint_best	joint_radius	LOC100129216	4	4	-0.94482	-0.13939	0.80543	1.0	0.999999	4124.0	6801.0	0	0	0.95	0.9499989999999999
full	joint_best	joint_radius	LOC101060321	3	3	-2.6672	-1.9169	0.7502999999999997	0.268032	0.579482	2070.0	2476.0	0	0	0.218032	0.529482
full	joint_best	joint_radius	LOC101929983	4	4	-0.50746	0.52672	1.03418	0.965856	0.999999	3093.0	12582.0	0	0	0.915856	0.9499989999999999
full	joint_best	joint_radius	LOC102724862	4	4	-5.0239	-2.6631	2.3608000000000002	0.006641	0.248445	365.0	1868.0	1	0	0.043359	0.19844499999999998
full	joint_best	joint_radius	LRRC37A	4	4	-3.182	-2.3651	0.8169	0.048044	0.078496	1092.0	1318.0	1	0	0.0019559999999999994	0.028495999999999994
full	joint_best	joint_radius	LRRC37A3	4	4	-6.1492	-2.6826	3.4666000000000006	0.030609	0.03958	904.0	1015.0	1	1	0.019391000000000002	0.010420000000000006
full	joint_best	joint_radius	METTL2B	4	4	-1.3104	-0.63647	0.67393	0.607283	0.999999	2505.0	4666.0	0	0	0.557283	0.9499989999999999
full	joint_best	joint_radius	MRFAP1L1	3	3	-0.93895	-0.43791	0.5010399999999999	0.981741	0.999999	3313.0	8364.0	0	0	0.9317409999999999	0.9499989999999999
full	joint_best	joint_radius	MRGPRX4	4	4	0.47715	1.0886	0.61145	1.0	0.999999	12726.0	12681.0	0	0	0.95	0.9499989999999999
full	joint_best	joint_radius	MTRNR2L1	2	2	-1.1907	-0.23209	0.9586100000000001	0.695143	0.999999	2887.0	9023.0	0	0	0.6451429999999999	0.9499989999999999
full	joint_best	joint_radius	MTRNR2L2	4	4	-1.3491	-0.67208	0.67702	0.236813	0.999999	1888.0	6109.0	0	0	0.186813	0.9499989999999999
full	joint_best	joint_radius	MTRNR2L6	3	3	-0.1407	0.41063	0.55133	1.0	0.999999	7736.0	12036.0	0	0	0.95	0.9499989999999999
full	joint_best	joint_radius	NFIX	4	4	0.25702	-0.28481	-0.54183	1.0	0.999999	8204.0	8112.0	0	0	0.95	0.9499989999999999
full	joint_best	joint_radius	NPIPA1	3	3	-2.5475	-1.7183	0.8291999999999999	0.204682	0.297996	1903.0	2096.0	0	0	0.154682	0.247996
full	joint_best	joint_radius	NPIPA5	4	4	-2.0227	-1.0121	1.0106	0.361622	0.999999	2164.0	3744.0	0	0	0.311622	0.9499989999999999
full	joint_best	joint_radius	NUDT11	3	3	0.39358	0.9211	0.52752	1.0	0.999999	13024.0	13005.0	0	0	0.95	0.9499989999999999
full	joint_best	joint_radius	OR51A4	4	4	-0.044391	0.67153	0.7159209999999999	1.0	0.999999	14487.0	14932.0	0	0	0.95	0.9499989999999999
full	joint_best	joint_radius	OR5M1	4	4	-1.0239	-0.49521	0.5286900000000001	0.775039	0.999999	2755.0	4477.0	0	0	0.725039	0.9499989999999999
full	joint_best	joint_radius	OR5M10	4	4	-0.21927	0.37699	0.59626	1.0	0.999999	4045.0	5057.0	0	0	0.95	0.9499989999999999
full	joint_best	joint_radius	OR8H2	4	4	0.38128	0.88285	0.5015700000000001	1.0	0.999999	5153.0	5087.0	0	0	0.95	0.9499989999999999
full	joint_best	joint_radius	OST4	4	4	-1.8293	-0.7293	1.1	0.431919	0.999999	2295.0	6275.0	0	0	0.381919	0.9499989999999999
full	joint_best	joint_radius	PGAM1	4	4	-3.5186	-2.595	0.9236	0.001134	0.013688	23.0	619.0	1	1	0.048866	0.036312000000000004
full	joint_best	joint_radius	POM121C	4	4	-1.1455	-0.37976	0.76574	0.337909	0.394071	2130.0	2175.0	0	0	0.287909	0.344071
full	joint_best	joint_radius	POTEB3	4	4	-0.9609	-0.29478	0.66612	0.389768	0.999999	2215.0	13354.0	0	0	0.339768	0.9499989999999999
full	joint_best	joint_radius	POTEF	4	4	-1.7292	-0.77541	0.95379	0.075699	0.999999	1299.0	3147.0	0	0	0.025699	0.9499989999999999
full	joint_best	joint_radius	POTEG	4	4	-1.4146	-0.62408	0.7905200000000001	0.629106	0.999999	2536.0	5569.0	0	0	0.579106	0.9499989999999999
full	joint_best	joint_radius	POTEJ	3	3	-0.36717	-1.1237	-0.7565299999999999	1.0	0.999999	8725.0	4392.0	0	0	0.95	0.9499989999999999
full	joint_best	joint_radius	RPE	4	4	-4.6307	-3.8883	0.7424	0.030471	0.162197	901.0	1639.0	1	0	0.019529	0.112197
full	joint_best	joint_radius	SMR3B	3	3	0.46012	1.1761	0.71598	1.0	0.999999	14637.0	14639.0	0	0	0.95	0.9499989999999999
full	joint_best	joint_radius	SPATA31A7	4	4	-0.74408	-0.17526	0.56882	1.0	0.999999	4051.0	7227.0	0	0	0.95	0.9499989999999999
full	joint_best	joint_radius	SPDYE1	4	4	-3.3912	-1.0635	2.3277	0.017876	0.999999	707.0	4162.0	1	0	0.032124	0.9499989999999999
full	joint_best	joint_radius	SSX3	4	4	0.055384	0.67838	0.622996	1.0	0.999999	13851.0	14753.0	0	0	0.95	0.9499989999999999
full	joint_best	joint_radius	TBC1D3L	2	2	-1.5797	-1.0303	0.5494000000000001	0.480931	0.999999	2559.0	7857.0	0	0	0.430931	0.9499989999999999
full	joint_best	joint_radius	TMSB15B	4	4	0.32439	0.91179	0.5873999999999999	1.0	0.999999	17121.0	18269.0	0	0	0.95	0.9499989999999999
full	joint_best	joint_radius	TPTE2	4	4	-0.56245	-0.022989	0.539461	1.0	0.999999	5487.0	11033.0	0	0	0.95	0.9499989999999999
full	joint_best	joint_radius	TRIM64	4	4	-0.29527	0.25756	0.5528299999999999	1.0	0.999999	5205.0	5137.0	0	0	0.95	0.9499989999999999
full	joint_best	joint_radius	TSPY2	3	3	1.3453	0.77659	-0.5687099999999999	1.0	0.999999	19042.0	15829.0	0	0	0.95	0.9499989999999999
full	joint_best	joint_radius	TUBG1	4	4	-2.3889	-1.6947	0.6941999999999999	0.48822	0.560623	2360.0	2395.0	0	0	0.43822	0.5106229999999999
full	joint_best	joint_radius	UGT1A7	4	4	-0.063544	0.69256	0.756104	1.0	0.999999	6751.0	9058.0	0	0	0.95	0.9499989999999999
full	joint_best	joint_radius	USP17L11	4	4	-2.9296	-1.3823	1.5473000000000001	0.165677	0.547141	1673.0	2376.0	0	0	0.11567699999999999	0.497141
full	joint_best	joint_radius	USP17L15	4	4	-1.7749	-1.2694	0.5054999999999998	0.787754	0.999999	2783.0	3331.0	0	0	0.7377539999999999	0.9499989999999999
full	joint_best	joint_radius	USP17L19	4	4	-2.9823	-1.9765	1.0058	0.063007	0.689618	1228.0	2587.0	0	0	0.01300699999999999	0.6396179999999999
full	joint_best	joint_radius	USP17L22	3	3	-2.7561	-2.1989	0.5571999999999999	0.139952	0.384848	1680.0	2272.0	0	0	0.08995199999999999	0.33484800000000003
full	joint_best	joint_radius	USP17L27	4	4	-2.8624	-2.0431	0.8193000000000001	0.020882	0.106096	770.0	1427.0	1	0	0.029118	0.05609599999999999
full	joint_best	joint_radius	USP17L28	4	4	-2.8569	-1.505	1.3519	0.034643	0.239729	964.0	1856.0	1	0	0.015357000000000003	0.18972899999999998
full	joint_best	joint_radius	USP17L29	4	4	-3.078	-1.5224	1.5555999999999999	0.043487	0.30828	1046.0	2015.0	1	0	0.006513000000000005	0.25828
full	joint_best	joint_radius	USP17L5	4	4	-2.5065	-0.59257	1.91393	0.033643	0.953411	939.0	3014.0	1	0	0.016357000000000003	0.903411
full	joint_best	joint_radius	USP17L8	4	4	0.015586	-0.67208	-0.687666	1.0	0.999999	8277.0	4007.0	0	0	0.95	0.9499989999999999
full	joint_best	joint_radius	ZNF221	4	4	-0.78587	-0.1908	0.59507	0.871089	0.999999	2912.0	5068.0	0	0	0.821089	0.9499989999999999
full	joint_best	joint_radius	ZNF492	3	3	-2.0495	-0.64663	1.40287	0.574957	0.999999	2512.0	5126.0	0	0	0.524957	0.9499989999999999
full	joint_best	joint_radius	ZNF626	4	4	-5.2087	-3.8771	1.3316000000000003	0.011542	0.033494	548.0	956.0	1	1	0.038458000000000006	0.016506
full	joint_best	joint_radius	ZNF649	4	4	-0.32971	0.19196	0.52167	1.0	0.999999	6723.0	11509.0	0	0	0.95	0.9499989999999999
full	joint_best	joint_radius	ZNF763	3	3	-0.44651	0.18497	0.63148	1.0	0.999999	5272.0	8885.0	0	0	0.95	0.9499989999999999
thin	event_best	joint_best	CGB2	3	3	-0.35974	0.18405	0.54379	1.0	1.0	6046.0	8341.0	0	0	0.95	0.95
thin	event_best	joint_best	CT47A8	4	4	-0.55501	-2.0168	-1.46179	0.722374	0.720748	2668.0	2662.0	0	0	0.6723739999999999	0.670748
thin	event_best	joint_best	GAGE12J	4	4	0.54863	-0.0070405	-0.5556705	1.0	1.0	6299.0	6191.0	0	0	0.95	0.95
thin	event_best	joint_best	IFNA10	4	4	-0.96816	-0.16885	0.79931	1.0	1.0	3437.0	3438.0	0	0	0.95	0.95
thin	event_best	joint_best	IFNA21	4	4	-0.90789	-1.5938	-0.6859100000000001	0.345352	0.056772	2146.0	1167.0	0	0	0.295352	0.006772
thin	event_best	joint_best	LOC102724862	4	4	-3.7611	-5.0114	-1.2503000000000002	0.006623	0.006596	361.0	362.0	1	1	0.043377	0.043404000000000005
thin	event_best	joint_best	MBD3L2	3	3	-1.4566	-1.992	-0.5354000000000001	0.286566	0.285289	2125.0	2123.0	0	0	0.236566	0.23528900000000003
thin	event_best	joint_best	MZT2B	2	2	-0.4831	-1.1834	-0.7003	1.0	1.0	4324.0	4348.0	0	0	0.95	0.95
thin	event_best	joint_best	NUDT11	3	3	-0.20997	0.3938	0.6037699999999999	1.0	1.0	12206.0	12895.0	0	0	0.95	0.95
thin	event_best	joint_best	OR4F21	3	3	-2.7973	-4.0734	-1.2761000000000005	0.21908	0.355358	1939.0	2270.0	0	0	0.16908	0.305358
thin	event_best	joint_best	OR4F29	3	3	-3.6184	-4.3896	-0.7711999999999999	0.077663	0.077472	1383.0	1381.0	0	0	0.027662999999999993	0.027471999999999996
thin	event_best	joint_best	PLGLB1	4	4	-0.95457	-1.4669	-0.5123300000000001	0.035659	0.321415	974.0	2081.0	1	0	0.014341	0.271415
thin	event_best	joint_best	SPANXA1	3	3	-0.42497	-1.3607	-0.93573	1.0	0.947061	5088.0	3202.0	0	0	0.95	0.897061
thin	event_best	joint_best	SPRR2A	3	3	-0.95344	-2.2617	-1.3082599999999998	0.288602	0.067733	2130.0	1324.0	0	0	0.23860200000000004	0.017733
thin	event_best	joint_best	TBC1D3L	2	2	-2.1159	-1.5914	0.5245	0.186693	0.479144	2000.0	2556.0	0	0	0.136693	0.429144
thin	event_best	joint_best	TIMM23	4	4	-1.9157	-4.239	-2.3232999999999997	0.562754	0.045098	2443.0	1067.0	0	1	0.5127539999999999	0.004902000000000004
thin	event_best	joint_best	TSR3	3	3	-0.23028	-0.95533	-0.72505	1.0	1.0	7614.0	4572.0	0	0	0.95	0.95
thin	event_best	joint_best	USP17L11	4	4	-3.5267	-2.9179	0.6088	0.053684	0.1679	1149.0	1688.0	0	0	0.0036839999999999998	0.11789999999999999
thin	event_best	joint_best	USP17L29	4	4	-2.415	-3.0965	-0.6814999999999998	0.046353	0.04639	1075.0	1073.0	1	1	0.0036470000000000044	0.003610000000000002
thin	event_exact	joint_exact	CT47A8	4	4	-1.0739	-2.0393	-0.9653999999999998	0.869209	0.850818	2917.0	2875.0	0	0	0.819209	0.8008179999999999
thin	event_exact	joint_exact	MBD3L2	3	3	-1.4289	-1.953	-0.5241	0.310803	0.310833	2188.0	2186.0	0	0	0.260803	0.26083300000000004
thin	joint_exact	joint_best	AAMP	4	4	-3.1859	-2.4926	0.6933000000000002	0.053369	0.056819	1173.0	1168.0	0	0	0.003368999999999997	0.006818999999999999
thin	joint_exact	joint_best	AARS	4	4	-3.9995	-3.4931	0.5063999999999997	0.005446	0.003589	308.0	199.0	1	1	0.044554	0.046411
thin	joint_exact	joint_best	ACTL6A	4	4	-4.1001	-3.4274	0.6727000000000003	0.003209	0.002723	194.0	133.0	1	1	0.046791	0.047277
thin	joint_exact	joint_best	ACTR10	4	4	-6.965	-5.5931	1.3719000000000001	0.003356	0.009849	208.0	477.0	1	1	0.046644000000000005	0.040151000000000006
thin	joint_exact	joint_best	ACTR6	4	4	-3.8168	-3.081	0.7358000000000002	0.11516	0.15171	1518.0	1636.0	0	0	0.06516	0.10171000000000001
thin	joint_exact	joint_best	AHCY	3	3	-3.7731	-3.0647	0.7083999999999997	0.023957	0.039058	905.0	1072.0	1	1	0.026043000000000004	0.010942
thin	joint_exact	joint_best	AK6	4	4	-3.1686	-2.5583	0.6103000000000001	0.024192	0.036107	858.0	974.0	1	1	0.025808	0.013893000000000003
thin	joint_exact	joint_best	ALYREF	2	2	-5.5618	-4.5401	1.0217	0.005719	0.006085	476.0	470.0	1	1	0.044281	0.043915
thin	joint_exact	joint_best	ANAPC11	4	4	-4.6316	-3.9916	0.6399999999999997	0.000928	0.00339	33.0	165.0	1	1	0.049072000000000005	0.046610000000000006
thin	joint_exact	joint_best	ANAPC2	4	4	-3.0954	-2.5318	0.5636000000000001	0.071121	0.09622	1304.0	1396.0	0	0	0.021121	0.04622
thin	joint_exact	joint_best	ARID1A	4	4	-1.5165	-0.9726	0.5438999999999999	0.043945	0.217282	1084.0	1827.0	1	0	0.006055000000000005	0.167282
thin	joint_exact	joint_best	ATAD5	4	4	-3.828	-2.6087	1.2193	0.141581	0.376262	1611.0	2192.0	0	0	0.09158100000000001	0.326262
thin	joint_exact	joint_best	ATHL1	3	3	-0.27288	0.59478	0.86766	1.0	1.0	13166.0	12981.0	0	0	0.95	0.95
thin	joint_exact	joint_best	ATP1A1	4	4	-4.7163	-4.0431	0.6732000000000005	0.002677	0.004523	172.0	254.0	1	1	0.047323000000000004	0.045477000000000004
thin	joint_exact	joint_best	ATP5E	4	4	-3.1794	-1.9806	1.1987999999999999	0.020841	0.068191	808.0	1257.0	1	0	0.029159000000000004	0.018191
thin	joint_exact	joint_best	ATP6V0C	4	4	-4.8405	-4.1652	0.6753	0.000928	0.006787	31.0	371.0	1	1	0.049072000000000005	0.043213
thin	joint_exact	joint_best	ATP6V1C1	4	4	-4.0953	-2.2858	1.8094999999999999	0.011992	0.030211	574.0	898.0	1	1	0.038008	0.019789000000000005
thin	joint_exact	joint_best	BANF1	4	4	-3.3735	-2.6896	0.6839	0.005909	0.005091	343.0	265.0	1	1	0.044091000000000005	0.044909000000000004
thin	joint_exact	joint_best	BCCIP	4	4	-4.1816	-3.2554	0.9262000000000006	0.155015	0.207378	1673.0	1799.0	0	0	0.10501499999999998	0.15737800000000002
thin	joint_exact	joint_best	BCS1L	4	4	-3.7393	-2.8594	0.8799000000000001	0.011992	0.024462	577.0	817.0	1	1	0.038008	0.025538
thin	joint_exact	joint_best	BMP1	3	3	-0.33449	0.2213	0.55579	1.0	1.0	11348.0	12112.0	0	0	0.95	0.95
thin	joint_exact	joint_best	BOP1	4	4	-2.613	-1.9912	0.6217999999999999	0.212772	0.180629	1825.0	1721.0	0	0	0.16277199999999997	0.130629
thin	joint_exact	joint_best	BRF2	4	4	-3.4328	-2.7366	0.6961999999999997	0.03485	0.056819	995.0	1169.0	1	0	0.015150000000000004	0.006818999999999999
thin	joint_exact	joint_best	BTF3	4	4	-4.969	-4.3592	0.6097999999999999	0.019007	0.018338	757.0	729.0	1	1	0.030993000000000003	0.031662
thin	joint_exact	joint_best	BUB3	4	4	-7.0167	-6.3969	0.6198000000000006	0.00045	0.001111	4.0	26.0	1	1	0.049550000000000004	0.048889
thin	joint_exact	joint_best	BUD31	4	4	-4.5729	-4.0673	0.5055999999999994	0.001079	0.001111	76.0	49.0	1	1	0.048921000000000006	0.048889
thin	joint_exact	joint_best	C10orf126	3	3	-0.96793	-0.45095	0.51698	1.0	1.0	4615.0	9421.0	0	0	0.95	0.95
thin	joint_exact	joint_best	C3orf17	4	4	-2.3086	-1.5482	0.7604000000000002	0.01507	0.023526	652.0	798.0	1	1	0.03493	0.026474000000000004
thin	joint_exact	joint_best	CCNH	4	4	-2.8427	-2.236	0.6066999999999996	0.031502	0.032082	937.0	924.0	1	1	0.018498	0.017918000000000003
thin	joint_exact	joint_best	CCT3	4	4	-5.0038	-4.3636	0.6402000000000001	0.003752	0.003532	222.0	187.0	1	1	0.046248000000000004	0.046468
thin	joint_exact	joint_best	CCT4	4	4	-4.9129	-3.7784	1.1344999999999996	0.001107	0.001344	83.0	59.0	1	1	0.048893000000000006	0.048656000000000005
thin	joint_exact	joint_best	CD3EAP	4	4	-2.8294	-2.1428	0.6866000000000003	0.042823	0.042576	1071.0	1041.0	1	1	0.007177000000000003	0.007424
thin	joint_exact	joint_best	CDK1	4	4	-7.0314	-4.8819	2.1494999999999997	0.001931	0.001615	136.0	87.0	1	1	0.048069	0.048385000000000004
thin	joint_exact	joint_best	CDK7	4	4	-7.8997	-5.0174	2.8823	0.003003	0.002964	182.0	151.0	1	1	0.046997000000000004	0.047036
thin	joint_exact	joint_best	CDK9	2	2	-4.4227	-3.5826	0.8401000000000001	0.16541	0.153247	1938.0	1891.0	0	0	0.11541	0.10324699999999999
thin	joint_exact	joint_best	CENPI	4	4	-3.201	-2.5689	0.6320999999999999	0.135621	0.229257	1598.0	1867.0	0	0	0.08562099999999999	0.179257
thin	joint_exact	joint_best	CENPK	4	4	-5.0725	-3.8517	1.2207999999999997	0.065064	0.05575	1259.0	1159.0	0	0	0.015063999999999994	0.005749999999999998
thin	joint_exact	joint_best	CGB2	3	3	-0.32665	0.18405	0.5106999999999999	1.0	1.0	8648.0	8341.0	0	0	0.95	0.95
thin	joint_exact	joint_best	CHAF1B	4	4	-4.3208	-3.6883	0.6325000000000003	0.005642	0.038445	322.0	996.0	1	1	0.044358	0.011555000000000003
thin	joint_exact	joint_best	CHEK1	4	4	-6.1353	-5.2695	0.8658000000000001	0.021106	0.018215	809.0	717.0	1	1	0.028894000000000003	0.03178500000000001
thin	joint_exact	joint_best	CHURC1-FNTB	3	3	-5.298	-2.4621	2.8359	0.116037	0.099529	1607.0	1496.0	0	0	0.066037	0.049529000000000004
thin	joint_exact	joint_best	CIRH1A	4	4	-7.4257	-6.8655	0.5602	0.007548	0.006242	443.0	344.0	1	1	0.042452000000000004	0.043758000000000005
thin	joint_exact	joint_best	CLNS1A	4	4	-6.3171	-5.7395	0.5776000000000003	0.005001	0.004376	282.0	237.0	1	1	0.044999000000000004	0.045624000000000005
thin	joint_exact	joint_best	CMPK1	2	2	-4.6429	-4.0815	0.5613999999999999	0.065003	0.05575	1449.0	1354.0	0	0	0.015003000000000002	0.005749999999999998
thin	joint_exact	joint_best	COASY	4	4	-4.7158	-3.4212	1.2946	0.003094	0.002294	184.0	121.0	1	1	0.046906	0.047706000000000005
thin	joint_exact	joint_best	COPA	4	4	-5.4036	-4.3967	1.0069	0.001364	0.001344	98.0	64.0	1	1	0.048636000000000006	0.048656000000000005
thin	joint_exact	joint_best	COPB1	4	4	-3.5189	-2.7143	0.8045999999999998	0.010425	0.010525	515.0	491.0	1	1	0.039575	0.039475
thin	joint_exact	joint_best	COPB2	4	4	-3.4421	-2.5865	0.8555999999999999	0.044328	0.039755	1088.0	1007.0	1	1	0.005672000000000003	0.010245000000000004
thin	joint_exact	joint_best	COPS5	4	4	-4.3895	-3.0966	1.2929	0.017516	0.066762	717.0	1242.0	1	0	0.032484	0.016762
thin	joint_exact	joint_best	COX15	3	3	-4.9975	-4.1914	0.8060999999999998	0.012857	0.010572	656.0	569.0	1	1	0.037143	0.039428000000000005
thin	joint_exact	joint_best	CRCP	4	4	-4.1638	-3.239	0.9248000000000003	0.017658	0.027063	721.0	851.0	1	1	0.032342	0.022937000000000003
thin	joint_exact	joint_best	CSE1L	4	4	-4.4101	-3.8196	0.5905	0.030133	0.044587	926.0	1063.0	1	1	0.019867000000000003	0.005413000000000001
thin	joint_exact	joint_best	CSNK1A1	4	4	-5.6038	-3.739	1.8647999999999998	0.100237	0.151758	1444.0	1638.0	0	0	0.050237000000000004	0.101758
thin	joint_exact	joint_best	CTDP1	4	4	-4.4032	-3.6491	0.7541000000000002	0.033874	0.04022	981.0	1011.0	1	1	0.016126	0.009780000000000004
thin	joint_exact	joint_best	CTU1	4	4	-3.5234	-2.863	0.6604000000000001	0.137852	0.100625	1600.0	1411.0	0	0	0.087852	0.050625
thin	joint_exact	joint_best	DARS	4	4	-5.2406	-4.2643	0.9762999999999993	0.001364	0.00269	97.0	127.0	1	1	0.048636000000000006	0.047310000000000005
thin	joint_exact	joint_best	DDB1	4	4	-4.2293	-3.3791	0.8502000000000001	0.091901	0.079466	1406.0	1313.0	0	0	0.041900999999999994	0.029465999999999992
thin	joint_exact	joint_best	DDX41	4	4	-3.2924	-2.4863	0.8061000000000003	0.008843	0.007664	482.0	403.0	1	1	0.041157	0.042336000000000006
thin	joint_exact	joint_best	DDX47	4	4	-6.198	-4.7807	1.4173	0.03674	0.064465	1021.0	1227.0	1	0	0.013260000000000001	0.014464999999999992
thin	joint_exact	joint_best	DDX51	4	4	-6.0941	-4.6928	1.4013	0.005526	0.006351	315.0	347.0	1	1	0.044474	0.043649
thin	joint_exact	joint_best	DGCR8	4	4	-3.1438	-2.3635	0.7803	0.029152	0.028637	921.0	870.0	1	1	0.020848000000000002	0.021363000000000004
thin	joint_exact	joint_best	DHFR	4	4	-6.5747	-5.754	0.8207000000000004	0.000928	0.001111	37.0	25.0	1	1	0.049072000000000005	0.048889
thin	joint_exact	joint_best	DHX15	4	4	-3.4776	-2.9454	0.5322	0.030006	0.01708	924.0	688.0	1	1	0.019994	0.032920000000000005
thin	joint_exact	joint_best	DHX16	4	4	-3.4762	-2.8317	0.6444999999999999	0.016996	0.016271	704.0	658.0	1	1	0.033004000000000006	0.033729
thin	joint_exact	joint_best	DHX36	4	4	-6.968	-5.8484	1.1196000000000002	0.001818	0.001733	116.0	99.0	1	1	0.048182	0.048267000000000004
thin	joint_exact	joint_best	DKC1	4	4	-4.5592	-3.3578	1.2013999999999996	0.003188	0.006242	189.0	343.0	1	1	0.046812000000000006	0.043758000000000005
thin	joint_exact	joint_best	DLST	4	4	-5.2451	-4.5579	0.6871999999999998	0.0061	0.005773	357.0	299.0	1	1	0.0439	0.044227
thin	joint_exact	joint_best	DNAJC21	4	4	-1.6623	-0.98712	0.6751800000000001	0.393952	1.0	2234.0	3648.0	0	0	0.34395200000000004	0.95
thin	joint_exact	joint_best	DOHH	4	4	-3.4292	-2.5545	0.8746999999999998	0.001818	0.009993	127.0	482.0	1	1	0.048182	0.040007
thin	joint_exact	joint_best	DUX4	4	4	-7.372	-5.1041	2.2679	0.004204	0.034898	231.0	966.0	1	1	0.045796	0.015102000000000004
thin	joint_exact	joint_best	ECT2	4	4	-3.8744	-3.3168	0.5575999999999999	0.109033	0.075524	1491.0	1291.0	0	0	0.059033	0.02552399999999999
thin	joint_exact	joint_best	EIF1AD	3	3	-2.8224	-2.1492	0.6732	0.069082	0.103015	1364.0	1515.0	0	0	0.019082000000000002	0.05301499999999999
thin	joint_exact	joint_best	EIF2B5	4	4	-5.85	-4.5541	1.2958999999999996	0.009042	0.011476	488.0	545.0	1	1	0.040958	0.038524
thin	joint_exact	joint_best	EIF3D	4	4	-3.6769	-3.0799	0.597	0.007548	0.008962	439.0	444.0	1	1	0.042452000000000004	0.041038000000000005
thin	joint_exact	joint_best	EIF3E	4	4	-4.5406	-3.9299	0.6107000000000005	0.001079	0.002853	70.0	142.0	1	1	0.048921000000000006	0.047147
thin	joint_exact	joint_best	EIF4A3	4	4	-7.6145	-5.5649	2.0496	0.004914	0.010525	267.0	498.0	1	1	0.045086	0.039475
thin	joint_exact	joint_best	EIF5A	2	2	-4.5451	-3.3472	1.1978999999999997	0.11877	0.10974	1754.0	1691.0	0	0	0.06877	0.05974
thin	joint_exact	joint_best	ENO1	4	4	-4.813	-3.9322	0.8807999999999998	0.004068	0.006006	229.0	314.0	1	1	0.045932	0.043994000000000005
thin	joint_exact	joint_best	ERCC1	4	4	-1.2879	-0.49647	0.7914300000000001	0.902276	1.0	2985.0	4891.0	0	0	0.8522759999999999	0.95
thin	joint_exact	joint_best	FBL	4	4	-7.3671	-5.4828	1.8842999999999996	0.000928	0.001344	45.0	68.0	1	1	0.049072000000000005	0.048656000000000005
thin	joint_exact	joint_best	FCF1	4	4	-4.7996	-3.6061	1.1934999999999998	0.006828	0.016713	412.0	672.0	1	1	0.043172	0.033287000000000004
thin	joint_exact	joint_best	FNTA	4	4	-5.2484	-3.5737	1.6747	0.010875	0.040212	538.0	1010.0	1	1	0.03912500000000001	0.009788000000000005
thin	joint_exact	joint_best	FOXD4L1	4	4	-2.7554	-1.8475	0.9078999999999999	0.111724	0.312567	1502.0	2060.0	0	0	0.061724	0.262567
thin	joint_exact	joint_best	GEMIN5	3	3	-2.7235	-1.3158	1.4077	0.686301	1.0	2644.0	4098.0	0	0	0.636301	0.95
thin	joint_exact	joint_best	GFER	4	4	-2.4112	-1.7371	0.6740999999999999	0.09523	0.097944	1416.0	1405.0	0	0	0.04522999999999999	0.047944
thin	joint_exact	joint_best	GFM1	4	4	-5.55	-4.7488	0.8011999999999997	0.001765	0.00146	115.0	76.0	1	1	0.048235	0.04854
thin	joint_exact	joint_best	GINS3	4	4	-4.7077	-3.7792	0.9285000000000001	0.031707	0.028159	944.0	865.0	1	1	0.018293000000000004	0.021841000000000003
thin	joint_exact	joint_best	GNB1L	3	3	-4.9959	-3.1066	1.8893	0.213935	0.437533	1925.0	2371.0	0	0	0.163935	0.387533
thin	joint_exact	joint_best	GOLGA8K	3	3	-4.3173	-3.6684	0.6489000000000003	0.015377	0.012168	724.0	625.0	1	1	0.034623	0.037832000000000005
thin	joint_exact	joint_best	GOSR2	4	4	-4.6004	-4.0816	0.5187999999999997	0.004228	0.003532	233.0	181.0	1	1	0.045772	0.046468
thin	joint_exact	joint_best	GPN2	4	4	-7.7387	-6.4732	1.2654999999999994	0.001765	0.001424	111.0	72.0	1	1	0.048235	0.048576
thin	joint_exact	joint_best	HARS2	4	4	-3.5577	-3.0244	0.5333000000000001	0.017864	0.023233	729.0	797.0	1	1	0.032136	0.026767000000000003
thin	joint_exact	joint_best	HAUS8	4	4	-4.3709	-3.0117	1.3592	0.117095	0.32674	1530.0	2098.0	0	0	0.067095	0.27674
thin	joint_exact	joint_best	HES3	3	3	-0.11146	0.44063	0.55209	1.0	1.0	14137.0	14324.0	0	0	0.95	0.95
thin	joint_exact	joint_best	HINFP	4	4	-6.3488	-5.2377	1.1110999999999995	0.00767	0.007313	445.0	393.0	1	1	0.042330000000000007	0.042687
thin	joint_exact	joint_best	HJURP	4	4	-5.1121	-4.1427	0.9694000000000003	0.090168	0.084505	1398.0	1345.0	0	0	0.040167999999999995	0.034504999999999994
thin	joint_exact	joint_best	HNRNPC	4	4	-6.5497	-5.066	1.4836999999999998	0.000939	0.001111	49.0	48.0	1	1	0.049061	0.048889
thin	joint_exact	joint_best	HSPA14	4	4	-3.7154	-3.1349	0.5804999999999998	0.013562	0.016744	615.0	683.0	1	1	0.036438000000000005	0.03325600000000001
thin	joint_exact	joint_best	HSPE1	4	4	-8.1243	-6.2705	1.8537999999999997	0.00658	0.009849	395.0	476.0	1	1	0.04342	0.040151000000000006
thin	joint_exact	joint_best	HYOU1	4	4	-2.4736	-1.8676	0.6059999999999999	0.138519	0.160012	1604.0	1662.0	0	0	0.088519	0.11001199999999998
thin	joint_exact	joint_best	IMP3	4	4	-5.5463	-3.8039	1.7423999999999995	0.004332	0.006393	248.0	356.0	1	1	0.045668	0.043607
thin	joint_exact	joint_best	INTS9	4	4	-4.6558	-4.1131	0.5427	0.020667	0.08028	803.0	1323.0	1	0	0.029333	0.03028
thin	joint_exact	joint_best	IPO11	4	4	-2.6605	-1.8503	0.8101999999999998	0.209933	0.217444	1814.0	1830.0	0	0	0.159933	0.16744399999999998
thin	joint_exact	joint_best	IPPK	4	4	-4.8165	-4.234	0.5824999999999996	0.006162	0.006523	367.0	358.0	1	1	0.043838	0.043477
thin	joint_exact	joint_best	KANSL3	4	4	-2.9946	-2.3834	0.6112000000000002	0.017	0.013249	707.0	588.0	1	1	0.033	0.036751000000000006
thin	joint_exact	joint_best	KARS	4	4	-5.0587	-3.9929	1.0657999999999999	0.000928	0.001061	38.0	10.0	1	1	0.049072000000000005	0.048939
thin	joint_exact	joint_best	KIAA0391	4	4	-5.2279	-4.5847	0.6432000000000002	0.153566	0.144542	1664.0	1614.0	0	0	0.103566	0.094542
thin	joint_exact	joint_best	KIF11	4	4	-4.5862	-4.0349	0.5512999999999995	0.005526	0.005091	316.0	269.0	1	1	0.044474	0.044909000000000004
thin	joint_exact	joint_best	KPNB1	4	4	-6.7227	-5.9047	0.8179999999999996	0.000928	0.001473	48.0	82.0	1	1	0.049072000000000005	0.048527
thin	joint_exact	joint_best	KRR1	4	4	-5.8529	-4.1774	1.6755000000000004	0.002335	0.006242	158.0	340.0	1	1	0.047665000000000006	0.043758000000000005
thin	joint_exact	joint_best	KRT18	4	4	-5.4713	-3.9139	1.5574000000000003	0.036354	0.032513	1015.0	932.0	1	1	0.013646000000000005	0.017487000000000003
thin	joint_exact	joint_best	LARS	4	4	-7.4643	-6.7966	0.6677	0.001818	0.00146	126.0	78.0	1	1	0.048182	0.04854
thin	joint_exact	joint_best	LIAS	4	4	-2.3518	-1.8362	0.5155999999999998	0.12669	0.119159	1568.0	1507.0	0	0	0.07669	0.069159
thin	joint_exact	joint_best	LIPT2	4	4	-2.0447	-1.4854	0.5593000000000001	0.416412	1.0	2282.0	3184.0	0	0	0.366412	0.95
thin	joint_exact	joint_best	LOC100144595	4	4	-4.2157	-2.2697	1.9460000000000002	0.067778	0.433631	1273.0	2297.0	0	0	0.017778000000000002	0.383631
thin	joint_exact	joint_best	LONP1	4	4	-4.9963	-3.9264	1.0698999999999996	0.006637	0.01064	401.0	513.0	1	1	0.043363000000000006	0.039360000000000006
thin	joint_exact	joint_best	LRPPRC	4	4	-5.3912	-4.4043	0.9869000000000003	0.00844	0.011449	470.0	544.0	1	1	0.04156	0.038551
thin	joint_exact	joint_best	LRRC37A	4	4	-4.5112	-3.1861	1.3250999999999995	0.015577	0.048229	664.0	1090.0	1	1	0.034423	0.0017710000000000017
thin	joint_exact	joint_best	LSM6	4	4	-5.3902	-4.6611	0.7290999999999999	0.011425	0.010975	558.0	522.0	1	1	0.038575000000000005	0.039025000000000004
thin	joint_exact	joint_best	LSM7	4	4	-6.8014	-5.9444	0.8570000000000002	0.00658	0.018427	394.0	734.0	1	1	0.04342	0.031573000000000004
thin	joint_exact	joint_best	LTV1	3	3	-4.7775	-2.977	1.8005	0.196843	0.407835	1872.0	2343.0	0	0	0.146843	0.357835
thin	joint_exact	joint_best	LYRM4	3	3	-3.7599	-3.25	0.5099	0.002817	0.002723	183.0	144.0	1	1	0.047183	0.047277
thin	joint_exact	joint_best	MAD2L2	3	3	-2.658	-1.9693	0.6886999999999999	0.396867	0.339794	2344.0	2241.0	0	0	0.34686700000000004	0.289794
thin	joint_exact	joint_best	MAP2K2	4	4	-0.5715	-0.048055	0.523445	1.0	1.0	6320.0	10246.0	0	0	0.95	0.95
thin	joint_exact	joint_best	MARS2	4	4	-4.7465	-3.747	0.9995000000000003	0.00321	0.003351	201.0	164.0	1	1	0.046790000000000005	0.046649
thin	joint_exact	joint_best	MCM3	4	4	-6.0008	-4.3391	1.6616999999999997	0.002293	0.006787	148.0	377.0	1	1	0.047707	0.043213
thin	joint_exact	joint_best	MCM7	4	4	-6.585	-4.9563	1.6287000000000003	0.001107	0.005091	79.0	263.0	1	1	0.048893000000000006	0.044909000000000004
thin	joint_exact	joint_best	MDM2	4	4	-6.0987	-5.4225	0.6761999999999997	0.001408	0.002964	104.0	150.0	1	1	0.048592	0.047036
thin	joint_exact	joint_best	MDM4	4	4	-6.0805	-4.5229	1.5575999999999999	0.004432	0.004376	257.0	240.0	1	1	0.045568000000000004	0.045624000000000005
thin	joint_exact	joint_best	MED21	4	4	-3.831	-3.2735	0.5575000000000001	0.024972	0.025907	875.0	835.0	1	1	0.025028	0.024093000000000003
thin	joint_exact	joint_best	MED30	3	3	-3.1323	-2.1288	1.0034999999999998	0.032817	0.113416	1034.0	1572.0	1	0	0.017183000000000004	0.063416
thin	joint_exact	joint_best	METTL16	4	4	-4.6547	-3.4264	1.2283	0.006546	0.042122	383.0	1039.0	1	1	0.043454000000000007	0.007878000000000003
thin	joint_exact	joint_best	MFN2	4	4	-4.3726	-3.7675	0.6051000000000002	0.003186	0.002723	188.0	131.0	1	1	0.046814	0.047277
thin	joint_exact	joint_best	MRPL11	4	4	-5.3483	-3.3473	2.001	0.010875	0.013614	540.0	614.0	1	1	0.03912500000000001	0.036386
thin	joint_exact	joint_best	MRPL13	4	4	-5.819	-4.6588	1.1601999999999997	0.001079	0.00146	71.0	75.0	1	1	0.048921000000000006	0.04854
thin	joint_exact	joint_best	MRPL19	4	4	-2.6093	-1.9675	0.6418000000000001	0.091269	0.105947	1404.0	1428.0	0	0	0.041269	0.055947
thin	joint_exact	joint_best	MRPL38	4	4	-2.7935	-2.1887	0.6048	0.110331	0.110823	1495.0	1452.0	0	0	0.060330999999999996	0.060823
thin	joint_exact	joint_best	MRPL46	4	4	-3.1622	-2.636	0.5261999999999998	0.111015	0.113054	1500.0	1470.0	0	0	0.061015	0.063054
thin	joint_exact	joint_best	MRPS10	4	4	-3.6789	-2.8593	0.8195999999999999	0.011324	0.009407	550.0	466.0	1	1	0.038676	0.040593000000000004
thin	joint_exact	joint_best	MRPS12	4	4	-3.5041	-2.3943	1.1098000000000003	0.013806	0.024632	622.0	818.0	1	1	0.036194000000000004	0.025368
thin	joint_exact	joint_best	MRPS5	4	4	-4.8317	-3.661	1.1706999999999996	0.065859	0.111141	1269.0	1456.0	0	0	0.015858999999999998	0.061141
thin	joint_exact	joint_best	MRPS6	4	4	-2.9993	-2.4389	0.5604	0.033076	0.053232	962.0	1143.0	1	0	0.016924	0.0032319999999999988
thin	joint_exact	joint_best	MTG2	3	3	-4.8506	-3.4586	1.392	0.091041	0.172632	1493.0	1785.0	0	0	0.041040999999999994	0.122632
thin	joint_exact	joint_best	MVD	4	4	-5.4551	-4.3584	1.0967000000000002	0.038124	0.028159	1029.0	862.0	1	1	0.011876000000000005	0.021841000000000003
thin	joint_exact	joint_best	MVK	4	4	-4.6771	-4.042	0.6351000000000004	0.008321	0.007904	465.0	420.0	1	1	0.041679	0.042096
thin	joint_exact	joint_best	NAA50	3	3	-5.9744	-4.6709	1.3035000000000005	0.011623	0.011675	617.0	608.0	1	1	0.038377	0.038325000000000005
thin	joint_exact	joint_best	NARS2	4	4	-2.7573	-2.2047	0.5526	0.019007	0.018315	756.0	722.0	1	1	0.030993000000000003	0.031685000000000005
thin	joint_exact	joint_best	NCBP2	4	4	-4.5093	-3.9857	0.5235999999999996	0.005994	0.006006	348.0	316.0	1	1	0.044006	0.043994000000000005
thin	joint_exact	joint_best	NCL	4	4	-4.7974	-3.9908	0.8065999999999995	0.013729	0.010587	620.0	509.0	1	1	0.036271000000000005	0.039413000000000004
thin	joint_exact	joint_best	NDUFAB1	4	4	-1.8306	-1.2443	0.5863	0.820459	0.836125	2833.0	2848.0	0	0	0.770459	0.786125
thin	joint_exact	joint_best	NELFB	4	4	-3.2937	-2.2446	1.0490999999999997	0.065344	0.069708	1261.0	1264.0	0	0	0.015343999999999997	0.019708000000000003
thin	joint_exact	joint_best	NELFCD	4	4	-3.9434	-2.7303	1.2130999999999998	0.011519	0.033962	563.0	951.0	1	1	0.038481	0.016038000000000004
thin	joint_exact	joint_best	NHP2L1	4	4	-5.0443	-4.178	0.8662999999999998	0.041743	0.034898	1062.0	965.0	1	1	0.008257	0.015102000000000004
thin	joint_exact	joint_best	NIP7	4	4	-3.5016	-2.7386	0.7629999999999999	0.012774	0.014414	595.0	627.0	1	1	0.037226	0.035586000000000007
thin	joint_exact	joint_best	NLE1	4	4	-5.7786	-4.1115	1.6670999999999996	0.00427	0.010605	238.0	510.0	1	1	0.04573	0.039395
thin	joint_exact	joint_best	NMD3	4	4	-4.7816	-4.2296	0.5520000000000005	0.001079	0.001111	75.0	29.0	1	1	0.048921000000000006	0.048889
thin	joint_exact	joint_best	NOL6	4	4	-5.3573	-4.5107	0.8466000000000005	0.007548	0.011712	442.0	558.0	1	1	0.042452000000000004	0.038288
thin	joint_exact	joint_best	NOP58	4	4	-7.7813	-7.0126	0.7686999999999999	0.001079	0.009407	65.0	467.0	1	1	0.048921000000000006	0.040593000000000004
thin	joint_exact	joint_best	NPIPA5	4	4	-3.1313	-2.066	1.0653000000000001	0.31401	0.332103	2086.0	2117.0	0	0	0.26401	0.282103
thin	joint_exact	joint_best	NPIPA8	4	4	-5.1759	-3.2487	1.9272000000000005	0.060122	0.080236	1229.0	1322.0	0	0	0.010121999999999999	0.030236
thin	joint_exact	joint_best	NSF	4	4	-5.0114	-3.9973	1.0141	0.007064	0.023781	417.0	804.0	1	1	0.042936	0.026219000000000003
thin	joint_exact	joint_best	NUBP2	4	4	-7.0812	-3.3302	3.751	0.005001	0.007904	278.0	411.0	1	1	0.044999000000000004	0.042096
thin	joint_exact	joint_best	NUDC	3	3	-2.2146	-1.5239	0.6906999999999999	0.219636	0.209819	1942.0	1909.0	0	0	0.169636	0.159819
thin	joint_exact	joint_best	NUP205	3	3	-4.0876	-3.0767	1.0109	0.026582	0.02751	935.0	920.0	1	1	0.023418	0.022490000000000003
thin	joint_exact	joint_best	NUP85	4	4	-6.5968	-4.6847	1.9120999999999997	0.000939	0.001344	53.0	61.0	1	1	0.049061	0.048656000000000005
thin	joint_exact	joint_best	ORAOV1	4	4	-5.7407	-4.8034	0.9373000000000005	0.001407	0.010792	99.0	514.0	1	1	0.048593000000000004	0.03920800000000001
thin	joint_exact	joint_best	ORC3	4	4	-3.1721	-2.4481	0.7239999999999998	0.033594	0.027092	975.0	856.0	1	1	0.016406000000000004	0.022908
thin	joint_exact	joint_best	OSBP	4	4	-4.0229	-2.9025	1.1204	0.083445	0.157951	1370.0	1656.0	0	0	0.033445	0.107951
thin	joint_exact	joint_best	PAFAH1B1	4	4	-5.6625	-5.0884	0.5740999999999996	0.004519	0.004376	262.0	246.0	1	1	0.045481	0.045624000000000005
thin	joint_exact	joint_best	PAG1	3	3	-0.73583	-0.12043	0.6154	1.0	1.0	4627.0	10239.0	0	0	0.95	0.95
thin	joint_exact	joint_best	PAXBP1	4	4	-2.8093	-2.0665	0.7427999999999999	0.057362	0.052928	1207.0	1140.0	0	0	0.0073620000000000005	0.002928
thin	joint_exact	joint_best	PDAP1	4	4	-2.4109	-1.513	0.8978999999999999	0.209933	0.223818	1815.0	1849.0	0	0	0.159933	0.17381799999999997
thin	joint_exact	joint_best	PDPK1	4	4	-5.5587	-4.7631	0.7956000000000003	0.012774	0.018215	593.0	718.0	1	1	0.037226	0.03178500000000001
thin	joint_exact	joint_best	PFDN2	4	4	-5.6119	-4.3978	1.2141000000000002	0.000874	0.001111	14.0	33.0	1	1	0.049126	0.048889
thin	joint_exact	joint_best	PGS1	4	4	-6.1685	-4.484	1.6844999999999999	0.000928	0.004642	27.0	256.0	1	1	0.049072000000000005	0.045358
thin	joint_exact	joint_best	PHF5A	4	4	-6.0282	-4.7886	1.2396000000000003	0.000928	0.00302	46.0	155.0	1	1	0.049072000000000005	0.04698
thin	joint_exact	joint_best	PKMYT1	4	4	-4.1149	-3.5646	0.5502999999999996	0.081752	0.073718	1359.0	1284.0	0	0	0.031752	0.023718000000000003
thin	joint_exact	joint_best	PLK4	4	4	-3.9074	-2.7981	1.1093000000000002	0.006337	0.006596	372.0	361.0	1	1	0.043663	0.043404000000000005
thin	joint_exact	joint_best	PMVK	4	4	-3.5059	-2.6385	0.8674	0.015989	0.026677	675.0	846.0	1	1	0.034011	0.023323000000000003
thin	joint_exact	joint_best	PNPT1	4	4	-5.3057	-3.8285	1.4771999999999998	0.003569	0.006085	211.0	327.0	1	1	0.046431	0.043915
thin	joint_exact	joint_best	POLA2	4	4	-4.4455	-3.7113	0.7342	0.004986	0.004308	276.0	229.0	1	1	0.045014000000000005	0.045692
thin	joint_exact	joint_best	POLD1	4	4	-6.7682	-5.1786	1.5896	0.008705	0.020093	475.0	762.0	1	1	0.041295000000000005	0.029907000000000003
thin	joint_exact	joint_best	POLE	4	4	-4.3417	-2.8131	1.5286000000000004	0.01853	0.069436	746.0	1261.0	1	0	0.03147	0.019435999999999995
thin	joint_exact	joint_best	POLE4	4	4	-2.0309	-1.4946	0.5363	0.241086	0.250077	1892.0	1913.0	0	0	0.19108599999999998	0.200077
thin	joint_exact	joint_best	POLG	4	4	-1.7108	-1.0592	0.6516000000000002	0.241072	0.236326	1891.0	1886.0	0	0	0.19107200000000002	0.186326
thin	joint_exact	joint_best	POLR1A	4	4	-6.5181	-5.8703	0.6477999999999993	0.000928	0.001615	34.0	95.0	1	1	0.049072000000000005	0.048385000000000004
thin	joint_exact	joint_best	POLR1C	3	3	-5.6064	-4.2943	1.3121	0.010852	0.010525	592.0	564.0	1	1	0.039148	0.039475
thin	joint_exact	joint_best	POLR2A	4	4	-4.9257	-3.9006	1.0251000000000001	0.068141	0.046545	1283.0	1075.0	0	1	0.01814099999999999	0.0034549999999999997
thin	joint_exact	joint_best	POLR2B	4	4	-4.8051	-3.8947	0.9104000000000005	0.042598	0.064465	1069.0	1226.0	1	0	0.007402000000000006	0.014464999999999992
thin	joint_exact	joint_best	POLR2E	4	4	-2.97	-2.3109	0.6591	0.35274	0.517639	2156.0	2385.0	0	0	0.30274	0.46763899999999997
thin	joint_exact	joint_best	POLR2F	4	4	-5.202	-4.4651	0.7369000000000003	0.02023	0.018315	786.0	723.0	1	1	0.02977	0.031685000000000005
thin	joint_exact	joint_best	POLR2J3	3	3	-8.8343	-4.1894	4.644900000000001	0.008847	0.011081	522.0	579.0	1	1	0.041153	0.038919
thin	joint_exact	joint_best	POLR2L	4	4	-7.6842	-5.8638	1.8203999999999994	0.001765	0.001344	113.0	58.0	1	1	0.048235	0.048656000000000005
thin	joint_exact	joint_best	POLR3F	4	4	-4.2183	-3.4151	0.8032000000000004	0.121473	0.115383	1546.0	1485.0	0	0	0.071473	0.065383
thin	joint_exact	joint_best	POP5	4	4	-5.0047	-3.9829	1.0217999999999998	0.068676	0.119159	1291.0	1504.0	0	0	0.018675999999999998	0.069159
thin	joint_exact	joint_best	POP7	4	4	-3.0684	-2.1261	0.9422999999999999	0.024274	0.0244	863.0	815.0	1	1	0.025726000000000002	0.0256
thin	joint_exact	joint_best	PPAN-P2RY11	4	4	-2.5267	-1.5683	0.9583999999999999	0.19701	0.203507	1781.0	1777.0	0	0	0.14700999999999997	0.153507
thin	joint_exact	joint_best	PPIAL4C	4	4	-5.2316	-4.2867	0.9449000000000005	0.007346	0.007038	431.0	387.0	1	1	0.042654000000000004	0.042962
thin	joint_exact	joint_best	PPIAL4E	4	4	-7.2738	-4.809	2.4647999999999994	0.001079	0.003532	68.0	191.0	1	1	0.048921000000000006	0.046468
thin	joint_exact	joint_best	PPP2R1A	4	4	-4.1746	-3.5307	0.6438999999999999	0.006992	0.006059	413.0	322.0	1	1	0.043008000000000005	0.043941
thin	joint_exact	joint_best	PPP4C	4	4	-5.3587	-3.7298	1.6288999999999998	0.010875	0.008891	543.0	443.0	1	1	0.03912500000000001	0.04110900000000001
thin	joint_exact	joint_best	PPP6C	4	4	-7.8898	-5.7267	2.1631	0.005909	0.005559	342.0	291.0	1	1	0.044091000000000005	0.044441
thin	joint_exact	joint_best	PRIM1	4	4	-3.8373	-3.2019	0.6353999999999997	0.007476	0.006351	436.0	346.0	1	1	0.042524000000000006	0.043649
thin	joint_exact	joint_best	PRMT1	4	4	-4.5378	-4.0057	0.5320999999999998	0.000928	0.001111	47.0	31.0	1	1	0.049072000000000005	0.048889
thin	joint_exact	joint_best	PRMT5	4	4	-4.8206	-3.7087	1.1118999999999999	0.000928	0.001111	19.0	41.0	1	1	0.049072000000000005	0.048889
thin	joint_exact	joint_best	PRPF19	4	4	-8.2592	-7.69	0.5691999999999995	0.001408	0.001344	103.0	66.0	1	1	0.048592	0.048656000000000005
thin	joint_exact	joint_best	PRPF38A	4	4	-4.3137	-3.2669	1.0467999999999997	0.033076	0.072981	964.0	1283.0	1	0	0.016924	0.022981
thin	joint_exact	joint_best	PSMA3	4	4	-3.097	-2.0929	1.0040999999999998	0.087044	0.494635	1384.0	2362.0	0	0	0.037043999999999994	0.444635
thin	joint_exact	joint_best	PSMB2	4	4	-4.6988	-4.0577	0.6411000000000007	0.006546	0.007904	382.0	419.0	1	1	0.043454000000000007	0.042096
thin	joint_exact	joint_best	PSMB4	4	4	-4.5604	-3.9814	0.5789999999999997	0.002122	0.001733	146.0	100.0	1	1	0.047878000000000004	0.048267000000000004
thin	joint_exact	joint_best	PSMC5	4	4	-4.1833	-3.0661	1.1172	0.042336	0.041797	1066.0	1035.0	1	1	0.007664000000000004	0.008203000000000002
thin	joint_exact	joint_best	PSMD13	4	4	-3.0737	-2.4145	0.6592000000000002	0.020489	0.204581	795.0	1780.0	1	0	0.029511000000000003	0.15458100000000002
thin	joint_exact	joint_best	PSMD6	4	4	-3.1262	-2.4497	0.6764999999999999	0.006661	0.006632	407.0	364.0	1	1	0.043339	0.043368000000000004
thin	joint_exact	joint_best	PSMG2	4	4	-3.4705	-2.8609	0.6095999999999999	0.007773	0.021094	448.0	774.0	1	1	0.042227	0.028906
thin	joint_exact	joint_best	PWP2	3	3	-3.8986	-3.2421	0.6564999999999999	0.008913	0.009394	524.0	520.0	1	1	0.041087	0.040606
thin	joint_exact	joint_best	QRSL1	4	4	-3.8961	-2.9045	0.9916	0.071244	0.066705	1308.0	1241.0	0	0	0.021244	0.016704999999999998
thin	joint_exact	joint_best	RABGGTB	4	4	-7.1938	-5.3687	1.8251000000000008	0.001765	0.003532	112.0	189.0	1	1	0.048235	0.046468
thin	joint_exact	joint_best	RANGAP1	4	4	-3.8152	-3.0755	0.7397	0.005699	0.006059	324.0	326.0	1	1	0.044301	0.043941
thin	joint_exact	joint_best	RBBP4	4	4	-5.6986	-3.9208	1.7778	0.003724	0.00302	220.0	156.0	1	1	0.046276000000000005	0.04698
thin	joint_exact	joint_best	RBM39	4	4	-4.8338	-3.9403	0.8935	0.004986	0.006188	274.0	339.0	1	1	0.045014000000000005	0.043812000000000004
thin	joint_exact	joint_best	RBM8A	4	4	-3.9552	-3.3727	0.5825	0.005642	0.005091	320.0	267.0	1	1	0.044358	0.044909000000000004
thin	joint_exact	joint_best	RNF20	4	4	-2.4581	-1.8069	0.6512	0.153273	0.156912	1661.0	1653.0	0	0	0.10327299999999999	0.106912
thin	joint_exact	joint_best	RPA2	4	4	-2.3376	-1.6068	0.7308000000000001	0.254957	0.250884	1931.0	1914.0	0	0	0.204957	0.200884
thin	joint_exact	joint_best	RPIA	4	4	-5.2785	-3.2523	2.0262000000000002	0.05295	0.111604	1165.0	1459.0	0	0	0.0029499999999999943	0.06160399999999999
thin	joint_exact	joint_best	RPL11	4	4	-7.6401	-6.699	0.9411000000000005	0.000874	0.005008	12.0	257.0	1	1	0.049126	0.044992000000000004
thin	joint_exact	joint_best	RPL15	4	4	-5.1548	-3.5155	1.6393	0.010852	0.040772	532.0	1022.0	1	1	0.039148	0.009228
thin	joint_exact	joint_best	RPL17-C18orf32	4	4	-6.5342	-4.8438	1.6904000000000003	0.000939	0.001344	51.0	70.0	1	1	0.049061	0.048656000000000005
thin	joint_exact	joint_best	RPL18	4	4	-6.474	-5.6526	0.8214000000000006	0.009132	0.006787	492.0	376.0	1	1	0.040868	0.043213
thin	joint_exact	joint_best	RPL19	4	4	-6.1708	-5.2928	0.8780000000000001	0.00045	0.000707	3.0	6.0	1	1	0.049550000000000004	0.049293000000000003
thin	joint_exact	joint_best	RPL27	4	4	-7.8207	-6.0854	1.7353000000000005	0.000939	0.003532	52.0	185.0	1	1	0.049061	0.046468
thin	joint_exact	joint_best	RPL28	4	4	-3.0127	-2.0087	1.004	0.052838	0.052576	1162.0	1138.0	0	0	0.0028380000000000002	0.002575999999999995
thin	joint_exact	joint_best	RPL31	4	4	-6.1725	-4.8389	1.3336000000000006	0.001818	0.001971	125.0	109.0	1	1	0.048182	0.048029
thin	joint_exact	joint_best	RPL35A	4	4	-6.1393	-5.4852	0.6541000000000006	0.000928	0.001344	44.0	54.0	1	1	0.049072000000000005	0.048656000000000005
thin	joint_exact	joint_best	RPL37	4	4	-4.4279	-3.7212	0.7067000000000001	0.00315	0.006373	187.0	353.0	1	1	0.04685	0.043627
thin	joint_exact	joint_best	RPL38	4	4	-3.8003	-2.6169	1.1834000000000002	0.057051	0.060239	1204.0	1190.0	0	0	0.007050999999999995	0.010238999999999998
thin	joint_exact	joint_best	RPL39	4	4	-4.7993	-4.2074	0.5918999999999999	0.016042	0.016744	681.0	675.0	1	1	0.033958	0.03325600000000001
thin	joint_exact	joint_best	RPL4	4	4	-8.2404	-6.3271	1.9132999999999996	0.001155	0.002957	90.0	147.0	1	1	0.048845	0.047043
thin	joint_exact	joint_best	RPL6	4	4	-6.4279	-4.9565	1.4714	0.000825	0.002723	11.0	136.0	1	1	0.049175	0.047277
thin	joint_exact	joint_best	RPL7L1	4	4	-3.092	-2.1622	0.9298000000000002	0.059917	0.062062	1223.0	1201.0	0	0	0.009916999999999995	0.012061999999999996
thin	joint_exact	joint_best	RPLP1	4	4	-4.6203	-2.1172	2.5031000000000003	0.081752	0.076048	1358.0	1296.0	0	0	0.031752	0.026048
thin	joint_exact	joint_best	RPP21	4	4	-9.1529	-5.0054	4.147500000000001	0.00045	0.001111	1.0	47.0	1	1	0.049550000000000004	0.048889
thin	joint_exact	joint_best	RPS12	4	4	-5.9789	-4.8104	1.1685000000000008	0.005526	0.010799	314.0	515.0	1	1	0.044474	0.039201
thin	joint_exact	joint_best	RPS14	4	4	-6.0982	-5.5152	0.5830000000000002	0.001408	0.003575	106.0	198.0	1	1	0.048592	0.046425
thin	joint_exact	joint_best	RPS16	4	4	-3.9616	-3.3895	0.5720999999999998	0.001931	0.001893	140.0	102.0	1	1	0.048069	0.048107000000000004
thin	joint_exact	joint_best	RPS17	4	4	-8.1316	-6.7661	1.3655000000000008	0.001407	0.003634	102.0	203.0	1	1	0.048593000000000004	0.046366000000000004
thin	joint_exact	joint_best	RPS20	4	4	-4.94	-4.3407	0.5993000000000004	0.006645	0.006685	403.0	367.0	1	1	0.043355000000000005	0.043315000000000006
thin	joint_exact	joint_best	RPS21	4	4	-3.1955	-2.4494	0.7461000000000002	0.018829	0.039794	752.0	1008.0	1	1	0.031171000000000004	0.010206
thin	joint_exact	joint_best	RPS24	4	4	-5.0384	-4.2142	0.8242000000000003	0.005686	0.005773	323.0	300.0	1	1	0.044314000000000006	0.044227
thin	joint_exact	joint_best	RPS26	2	2	-3.0914	-2.0137	1.0777	0.082269	0.188037	1576.0	2002.0	0	0	0.03226899999999999	0.13803700000000002
thin	joint_exact	joint_best	RPS27	4	4	-6.4273	-5.8926	0.5347	0.00321	0.002294	200.0	122.0	1	1	0.046790000000000005	0.047706000000000005
thin	joint_exact	joint_best	RPS3A	4	4	-9.5385	-8.436	1.102500000000001	0.00045	0.000707	2.0	1.0	1	1	0.049550000000000004	0.049293000000000003
thin	joint_exact	joint_best	RPSA	4	4	-4.8869	-4.1028	0.7840999999999996	0.016547	0.029056	691.0	876.0	1	1	0.033453000000000004	0.020944000000000004
thin	joint_exact	joint_best	RRM2	4	4	-3.383	-1.8831	1.4999	0.28174	0.452868	2004.0	2320.0	0	0	0.23174	0.402868
thin	joint_exact	joint_best	RRN3	4	4	-6.2744	-5.0017	1.2727000000000004	0.010425	0.017055	512.0	686.0	1	1	0.039575	0.032945
thin	joint_exact	joint_best	RRP12	4	4	-5.3909	-4.6904	0.7004999999999999	0.042536	0.117076	1068.0	1491.0	1	0	0.007464000000000005	0.067076
thin	joint_exact	joint_best	RRP9	4	4	-6.822	-3.4372	3.3848000000000003	0.007576	0.017163	444.0	690.0	1	1	0.042424	0.032837000000000005
thin	joint_exact	joint_best	RTEL1	3	3	-4.7324	-3.9426	0.7898000000000001	0.014203	0.012743	694.0	638.0	1	1	0.035797	0.037257
thin	joint_exact	joint_best	RTF1	4	4	-5.3104	-4.2593	1.0511	0.027726	0.023852	899.0	806.0	1	1	0.022274000000000002	0.026148
thin	joint_exact	joint_best	SARS	4	4	-4.8	-3.942	0.8579999999999997	0.016878	0.027063	701.0	854.0	1	1	0.033122	0.022937000000000003
thin	joint_exact	joint_best	SARS2	4	4	-2.6759	-2.037	0.6389	0.040125	0.04882	1049.0	1098.0	1	1	0.009875000000000002	0.0011800000000000005
thin	joint_exact	joint_best	SDE2	3	3	-3.5616	-1.7337	1.8278999999999999	0.245218	0.366624	2024.0	2293.0	0	0	0.195218	0.316624
thin	joint_exact	joint_best	SDHA	4	4	-5.9817	-4.4823	1.4993999999999996	0.005719	0.006059	331.0	323.0	1	1	0.044281	0.043941
thin	joint_exact	joint_best	SEH1L	3	3	-3.9881	-3.015	0.9731000000000001	0.043485	0.042419	1155.0	1119.0	1	1	0.006515	0.007581000000000004
thin	joint_exact	joint_best	SETD1A	3	3	-3.2615	-2.7059	0.5555999999999996	0.054924	0.047642	1266.0	1165.0	0	1	0.004923999999999998	0.002358000000000006
thin	joint_exact	joint_best	SF3B1	4	4	-4.8522	-3.4369	1.4152999999999998	0.002335	0.003532	157.0	183.0	1	1	0.047665000000000006	0.046468
thin	joint_exact	joint_best	SF3B2	4	4	-3.1592	-2.443	0.7161999999999997	0.112064	0.10457	1505.0	1423.0	0	0	0.062063999999999994	0.054569999999999994
thin	joint_exact	joint_best	SF3B4	4	4	-4.5548	-3.8283	0.7265000000000001	0.049768	0.143081	1140.0	1608.0	1	0	0.00023200000000000304	0.09308100000000001
thin	joint_exact	joint_best	SLMO2	4	4	-5.1281	-3.6884	1.4396999999999998	0.026656	0.043207	888.0	1049.0	1	1	0.023344000000000004	0.006793
thin	joint_exact	joint_best	SMC6	4	4	-5.598	-4.2688	1.3292000000000002	0.017471	0.015569	716.0	646.0	1	1	0.032529	0.034431
thin	joint_exact	joint_best	SMN1	4	4	-2.4524	-1.948	0.5044	0.036737	0.126953	1020.0	1536.0	1	0	0.013263000000000004	0.07695300000000001
thin	joint_exact	joint_best	SMU1	4	4	-6.3666	-5.804	0.5625999999999998	0.000874	0.001344	13.0	55.0	1	1	0.049126	0.048656000000000005
thin	joint_exact	joint_best	SNRNP200	3	3	-3.95	-3.2956	0.6544000000000003	0.02023	0.067468	850.0	1318.0	1	0	0.02977	0.017467999999999997
thin	joint_exact	joint_best	SNRNP25	4	4	-6.0519	-4.3311	1.7207999999999997	0.001973	0.004036	143.0	221.0	1	1	0.048027	0.045964000000000005
thin	joint_exact	joint_best	SNRNP35	4	4	-3.92	-3.3543	0.5657000000000001	0.018138	0.022306	736.0	783.0	1	1	0.031862	0.027694000000000003
thin	joint_exact	joint_best	SNRPD2	4	4	-4.3575	-3.502	0.8555000000000001	0.012857	0.01345	605.0	597.0	1	1	0.037143	0.03655
thin	joint_exact	joint_best	SNRPD3	3	3	-4.8662	-3.9182	0.948	0.030006	0.029974	998.0	959.0	1	1	0.019994	0.020026000000000002
thin	joint_exact	joint_best	SOD2	4	4	-4.4342	-3.899	0.5351999999999997	0.002634	0.00299	165.0	153.0	1	1	0.047366000000000005	0.04701
thin	joint_exact	joint_best	SPATA5	4	4	-3.8067	-2.9707	0.8360000000000003	0.06859	0.063932	1289.0	1221.0	0	0	0.018589999999999995	0.013932
thin	joint_exact	joint_best	SPDYE1	4	4	-3.9041	-3.3899	0.5142000000000002	0.02023	0.017953	779.0	710.0	1	1	0.02977	0.032047000000000006
thin	joint_exact	joint_best	SPDYE3	4	4	-2.6837	-2.1745	0.5091999999999999	0.201484	0.225084	1794.0	1851.0	0	0	0.151484	0.17508400000000002
thin	joint_exact	joint_best	SRSF1	4	4	-4.4508	-3.728	0.7227999999999999	0.0061	0.026639	358.0	843.0	1	1	0.0439	0.023361000000000003
thin	joint_exact	joint_best	SRSF2	4	4	-6.5657	-3.6611	2.9046	0.024972	0.213774	871.0	1816.0	1	0	0.025028	0.16377399999999998
thin	joint_exact	joint_best	STX18	4	4	-2.8559	-2.3485	0.5074000000000001	0.0061	0.008635	356.0	439.0	1	1	0.0439	0.041365
thin	joint_exact	joint_best	SUMO2	3	3	-3.5152	-2.6295	0.8856999999999999	0.488484	0.585488	2417.0	2526.0	0	0	0.438484	0.535488
thin	joint_exact	joint_best	SUPT4H1	3	3	-7.2557	-6.5277	0.7279999999999998	0.006337	0.005063	419.0	298.0	1	1	0.043663	0.044937000000000005
thin	joint_exact	joint_best	SUPV3L1	4	4	-4.5874	-3.7641	0.8232999999999997	0.062763	0.059219	1239.0	1185.0	0	0	0.012762999999999997	0.009218999999999998
thin	joint_exact	joint_best	SURF6	4	4	-2.8811	-2.3213	0.5598000000000001	0.04736	0.043513	1119.0	1052.0	1	1	0.0026400000000000035	0.006487
thin	joint_exact	joint_best	TAF1C	4	4	-3.9061	-2.9554	0.9506999999999999	0.003209	0.002723	195.0	134.0	1	1	0.046791	0.047277
thin	joint_exact	joint_best	TAMM41	4	4	-5.4075	-3.6502	1.7572999999999999	0.013333	0.01761	610.0	698.0	1	1	0.036667000000000005	0.03239
thin	joint_exact	joint_best	TBC1D3C	3	3	-3.4979	-2.9585	0.5394000000000001	0.005856	0.008394	377.0	475.0	1	1	0.044144	0.041606000000000004
thin	joint_exact	joint_best	TBCA	4	4	-2.7384	-1.6441	1.0943	0.441276	0.750109	2327.0	2714.0	0	0	0.391276	0.700109
thin	joint_exact	joint_best	TBCC	4	4	-3.4522	-2.3325	1.1197	0.044595	0.068372	1090.0	1259.0	1	0	0.005405	0.018372
thin	joint_exact	joint_best	TBL3	4	4	-6.7922	-5.6815	1.1107000000000005	0.007351	0.007313	432.0	392.0	1	1	0.042649000000000006	0.042687
thin	joint_exact	joint_best	TCEB1	4	4	-3.5693	-2.813	0.7563	0.018326	0.017302	742.0	694.0	1	1	0.03167400000000001	0.032698000000000005
thin	joint_exact	joint_best	TCEB2	4	4	-5.6375	-2.4316	3.2059	0.036089	0.176589	1012.0	1710.0	1	0	0.013911	0.126589
thin	joint_exact	joint_best	TERF2	4	4	-4.0307	-3.1415	0.8892000000000002	0.021841	0.028159	822.0	864.0	1	1	0.028159000000000003	0.021841000000000003
thin	joint_exact	joint_best	TFAM	4	4	-5.9854	-4.3966	1.5888	0.005719	0.007904	329.0	413.0	1	1	0.044281	0.042096
thin	joint_exact	joint_best	THOC3	4	4	-2.9412	-2.3922	0.5489999999999999	0.032957	0.068802	960.0	1260.0	1	0	0.017043000000000003	0.018802
thin	joint_exact	joint_best	THOC7	4	4	-2.9291	-2.1253	0.8037999999999998	0.341335	0.371896	2135.0	2185.0	0	0	0.291335	0.321896
thin	joint_exact	joint_best	TICRR	4	4	-4.9854	-4.3717	0.6137000000000006	0.017728	0.015245	723.0	640.0	1	1	0.032272	0.034755
thin	joint_exact	joint_best	TM4SF5	3	3	-0.31687	0.70269	1.01956	1.0	1.0	7006.0	7257.0	0	0	0.95	0.95
thin	joint_exact	joint_best	TMA16	4	4	-4.5173	-3.78	0.7372999999999998	0.07194	0.082544	1311.0	1328.0	0	0	0.02194	0.032544000000000003
thin	joint_exact	joint_best	TOMM22	4	4	-3.3487	-2.6646	0.6840999999999999	0.068117	0.13457	1280.0	1565.0	0	0	0.018116999999999994	0.08456999999999999
thin	joint_exact	joint_best	TOP2A	4	4	-8.5378	-5.7002	2.837600000000001	0.000928	0.003532	30.0	192.0	1	1	0.049072000000000005	0.046468
thin	joint_exact	joint_best	TPI1	4	4	-5.1628	-4.6016	0.5611999999999995	0.012842	0.010525	599.0	490.0	1	1	0.037158000000000004	0.039475
thin	joint_exact	joint_best	TPX2	4	4	-1.5975	-0.91352	0.6839799999999999	0.278537	0.280245	1999.0	1984.0	0	0	0.228537	0.23024500000000003
thin	joint_exact	joint_best	TRAPPC1	4	4	-5.629	-2.4463	3.1826999999999996	0.013835	0.024987	626.0	822.0	1	1	0.036165	0.025013000000000004
thin	joint_exact	joint_best	TRAPPC3	3	3	-4.0186	-3.3435	0.6751	0.250405	0.281081	2040.0	2112.0	0	0	0.200405	0.23108100000000004
thin	joint_exact	joint_best	TTC34	3	3	-0.036815	0.46385	0.500665	1.0	1.0	14848.0	14557.0	0	0	0.95	0.95
thin	joint_exact	joint_best	TTI2	4	4	-4.0491	-2.956	1.0931000000000002	0.202516	0.197877	1799.0	1759.0	0	0	0.15251599999999998	0.14787699999999998
thin	joint_exact	joint_best	TUBA1B	4	4	-4.609	-3.3755	1.2334999999999998	0.005719	0.004376	326.0	244.0	1	1	0.044281	0.045624000000000005
thin	joint_exact	joint_best	TUBG1	4	4	-2.8891	-2.3879	0.5011999999999999	0.369064	0.487002	2192.0	2356.0	0	0	0.319064	0.437002
thin	joint_exact	joint_best	TUBGCP2	4	4	-4.6449	-3.3124	1.3325	0.037143	0.118851	1024.0	1495.0	1	0	0.012857	0.068851
thin	joint_exact	joint_best	TUT1	4	4	-6.1795	-4.8719	1.3075999999999999	0.001055	0.001262	60.0	50.0	1	1	0.048945	0.048738000000000004
thin	joint_exact	joint_best	U2AF1	4	4	-7.6789	-7.1528	0.5260999999999996	0.001238	0.001424	91.0	71.0	1	1	0.048762	0.048576
thin	joint_exact	joint_best	U2AF2	3	3	-5.0096	-3.7132	1.2963999999999998	0.262839	0.280471	2077.0	2109.0	0	0	0.212839	0.23047100000000004
thin	joint_exact	joint_best	U2SURP	4	4	-3.924	-3.3646	0.5594000000000001	0.019436	0.019639	766.0	754.0	1	1	0.030564000000000004	0.030361000000000003
thin	joint_exact	joint_best	UBA1	4	4	-5.9594	-4.5459	1.4135	0.002385	0.003532	164.0	188.0	1	1	0.047615000000000005	0.046468
thin	joint_exact	joint_best	UBA52	4	4	-5.0989	-4.463	0.6359000000000004	0.000939	0.003547	58.0	194.0	1	1	0.049061	0.046453
thin	joint_exact	joint_best	UBE2D3	4	4	-5.0356	-4.3945	0.6410999999999998	0.010425	0.008394	513.0	430.0	1	1	0.039575	0.041606000000000004
thin	joint_exact	joint_best	UBE2I	4	4	-6.7814	-5.5109	1.2704999999999993	0.001155	0.003532	88.0	182.0	1	1	0.048845	0.046468
thin	joint_exact	joint_best	UBL5	4	4	-5.2839	-4.3865	0.8974000000000002	0.006337	0.005646	376.0	297.0	1	1	0.043663	0.044354000000000005
thin	joint_exact	joint_best	UBTF	4	4	-3.013	-2.4388	0.5741999999999998	0.08007	0.200896	1352.0	1763.0	0	0	0.03007	0.15089599999999997
thin	joint_exact	joint_best	UQCRB	4	4	-3.9287	-3.4095	0.5192000000000001	0.028863	0.2064	909.0	1783.0	1	0	0.021137000000000003	0.15639999999999998
thin	joint_exact	joint_best	URI1	4	4	-3.045	-2.4178	0.6271999999999998	0.004017	0.003637	228.0	205.0	1	1	0.045983	0.046363
thin	joint_exact	joint_best	USP17L11	4	4	-3.8215	-2.9179	0.9036	0.067778	0.1679	1274.0	1688.0	0	0	0.017778000000000002	0.11789999999999999
thin	joint_exact	joint_best	USP17L26	4	4	-3.2125	-2.0381	1.1743999999999999	0.144962	0.494756	1640.0	2363.0	0	0	0.094962	0.444756
thin	joint_exact	joint_best	USP24	2	2	-0.85669	-0.31608	0.5406099999999999	1.0	1.0	5540.0	8152.0	0	0	0.95	0.95
thin	joint_exact	joint_best	UTP15	4	4	-5.5107	-4.5844	0.9263000000000003	0.019007	0.056918	761.0	1172.0	1	0	0.030993000000000003	0.0069180000000000005
thin	joint_exact	joint_best	UTP18	4	4	-4.237	-3.4166	0.8204000000000002	0.006005	0.005646	349.0	296.0	1	1	0.043995000000000006	0.044354000000000005
thin	joint_exact	joint_best	VARS	4	4	-4.1055	-3.598	0.5075000000000003	0.006032	0.005787	352.0	301.0	1	1	0.043968	0.044213
thin	joint_exact	joint_best	VASP	4	4	-0.31352	0.19118	0.5047	1.0	1.0	13858.0	13902.0	0	0	0.95	0.95
thin	joint_exact	joint_best	VHL	4	4	-4.3591	-3.0478	1.3112999999999997	0.087529	0.080464	1387.0	1325.0	0	0	0.03752899999999999	0.03046399999999999
thin	joint_exact	joint_best	VMP1	4	4	-5.4797	-2.8762	2.6035000000000004	0.031663	0.03201	940.0	923.0	1	1	0.018337000000000006	0.017990000000000006
thin	joint_exact	joint_best	VPRBP	4	4	-5.417	-4.5664	0.8506	0.001155	0.002723	89.0	138.0	1	1	0.048845	0.047277
thin	joint_exact	joint_best	VPS51	4	4	-3.2417	-2.7318	0.5099	0.013236	0.013441	607.0	595.0	1	1	0.036764000000000005	0.036559
thin	joint_exact	joint_best	VPS52	4	4	-2.3017	-1.4715	0.8301999999999998	0.029029	0.028026	913.0	860.0	1	1	0.020971000000000004	0.021974000000000004
thin	joint_exact	joint_best	WBSCR16	4	4	-3.5039	-2.8289	0.6749999999999998	0.014496	0.08484	639.0	1347.0	1	0	0.035504	0.034839999999999996
thin	joint_exact	joint_best	WDHD1	4	4	-4.0643	-3.2639	0.8004000000000002	0.006669	0.015569	410.0	645.0	1	1	0.043331	0.034431
thin	joint_exact	joint_best	WDR18	4	4	-4.5945	-3.2771	1.3174000000000001	0.001931	0.002723	133.0	132.0	1	1	0.048069	0.047277
thin	joint_exact	joint_best	WDR3	4	4	-3.928	-3.3699	0.5581	0.013729	0.016744	618.0	682.0	1	1	0.036271000000000005	0.03325600000000001
thin	joint_exact	joint_best	WDR46	4	4	-4.9824	-4.0296	0.9527999999999999	0.018829	0.046545	749.0	1076.0	1	1	0.031171000000000004	0.0034549999999999997
thin	joint_exact	joint_best	WDR5	4	4	-5.6304	-3.3419	2.2885	0.018326	0.01872	741.0	743.0	1	1	0.03167400000000001	0.03128
thin	joint_exact	joint_best	WDR75	4	4	-6.314	-4.6603	1.6536999999999997	0.008321	0.009339	466.0	463.0	1	1	0.041679	0.040661
thin	joint_exact	joint_best	WDR77	4	4	-3.4567	-2.4808	0.9759000000000002	0.054638	0.092268	1183.0	1379.0	0	0	0.004637999999999996	0.042268
thin	joint_exact	joint_best	XPO5	4	4	-3.4647	-2.8565	0.6082000000000001	0.005446	0.006523	306.0	357.0	1	1	0.044554	0.043477
thin	joint_exact	joint_best	XRN1	4	4	-4.2589	-3.7265	0.5323999999999995	0.002335	0.001989	154.0	114.0	1	1	0.047665000000000006	0.048011000000000005
thin	joint_exact	joint_best	YAE1D1	4	4	-5.2106	-3.843	1.3676000000000004	0.005719	0.005008	334.0	258.0	1	1	0.044281	0.044992000000000004
thin	joint_exact	joint_best	YARS2	4	4	-6.7501	-4.5707	2.1793999999999993	0.0061	0.007345	361.0	395.0	1	1	0.0439	0.042655000000000005
thin	joint_exact	joint_best	YRDC	4	4	-7.6518	-6.9533	0.6985000000000001	0.010954	0.008394	548.0	433.0	1	1	0.039046000000000004	0.041606000000000004
thin	joint_exact	joint_best	ZNF830	4	4	-2.5081	-1.5273	0.9808000000000001	0.124316	0.676794	1560.0	2610.0	0	0	0.074316	0.626794
thin	joint_exact	joint_best	ZPR1	4	4	-3.9639	-3.343	0.6209000000000002	0.002634	0.001684	167.0	97.0	1	1	0.047366000000000005	0.048316000000000005
thin	joint_best	joint_radius	ACOT1	3	3	0.8245	1.6016	0.7770999999999999	1.0	0.999999	14971.0	18948.0	0	0	0.95	0.9499989999999999
thin	joint_best	joint_radius	AGAP9	4	4	-2.8561	-1.9994	0.8567	0.264071	0.415101	1960.0	2208.0	0	0	0.214071	0.365101
thin	joint_best	joint_radius	AMY1A	4	4	-2.8171	-2.2407	0.5764	0.090804	0.647368	1370.0	2514.0	0	0	0.04080399999999999	0.597368
thin	joint_best	joint_radius	AMY2B	4	4	-0.93898	-0.34545	0.5935300000000001	0.804439	0.999999	2785.0	10518.0	0	0	0.754439	0.9499989999999999
thin	joint_best	joint_radius	ATAD3B	4	4	-0.21888	0.53326	0.7521399999999999	1.0	0.999999	8594.0	11198.0	0	0	0.95	0.9499989999999999
thin	joint_best	joint_radius	C1QTNF9B	4	4	0.40623	1.2444	0.83817	1.0	0.999999	17146.0	18249.0	0	0	0.95	0.9499989999999999
thin	joint_best	joint_radius	CDK11B	4	4	-2.1766	-1.6609	0.5157	0.647758	0.877888	2559.0	2870.0	0	0	0.5977579999999999	0.827888
thin	joint_best	joint_radius	CSHL1	4	4	-0.98406	-1.6025	-0.61844	1.0	0.999999	3191.0	3213.0	0	0	0.95	0.9499989999999999
thin	joint_best	joint_radius	CT45A5	4	4	-1.5686	-1.0131	0.5555000000000001	0.256667	0.999999	1928.0	3371.0	0	0	0.206667	0.9499989999999999
thin	joint_best	joint_radius	CXCL1	4	4	0.95468	0.33928	-0.6154	1.0	0.999999	9388.0	9350.0	0	0	0.95	0.9499989999999999
thin	joint_best	joint_radius	DDX19B	4	4	-0.59767	0.089351	0.687021	0.845339	0.999999	2868.0	4277.0	0	0	0.7953389999999999	0.9499989999999999
thin	joint_best	joint_radius	DGCR6L	4	4	0.95314	1.4561	0.50296	1.0	0.999999	18886.0	19004.0	0	0	0.95	0.9499989999999999
thin	joint_best	joint_radius	DHFR	4	4	-5.754	-4.7238	1.0301999999999998	0.001111	0.008355	25.0	442.0	1	1	0.048889	0.041645
thin	joint_best	joint_radius	EEF2KMT	4	4	-0.93515	0.026436	0.961586	1.0	0.999999	4850.0	6572.0	0	0	0.95	0.9499989999999999
thin	joint_best	joint_radius	FAHD2B	4	4	0.89631	1.5809	0.6845899999999999	1.0	0.999999	13901.0	13869.0	0	0	0.95	0.9499989999999999
thin	joint_best	joint_radius	FAM127B	3	3	1.0632	0.33632	-0.72688	1.0	0.999999	12762.0	16255.0	0	0	0.95	0.9499989999999999
thin	joint_best	joint_radius	FAM127C	4	4	0.80869	0.099131	-0.709559	1.0	0.999999	12455.0	12000.0	0	0	0.95	0.9499989999999999
thin	joint_best	joint_radius	FNTB	4	4	-2.3126	-1.786	0.5266000000000002	0.09525	0.629848	1394.0	2487.0	0	0	0.04525	0.5798479999999999
thin	joint_best	joint_radius	FOXD4	4	4	-0.25072	0.31496	0.56568	1.0	0.999999	12111.0	15187.0	0	0	0.95	0.9499989999999999
thin	joint_best	joint_radius	FOXD4L3	3	3	-3.1709	-1.2263	1.9446	0.606149	0.644121	2552.0	2561.0	0	0	0.556149	0.594121
thin	joint_best	joint_radius	FRG2B	4	4	-2.643	-1.9755	0.6674999999999998	0.210197	0.638734	1810.0	2498.0	0	0	0.16019699999999998	0.588734
thin	joint_best	joint_radius	GAGE12C	4	4	-0.89746	-0.34871	0.5487500000000001	0.806906	0.999999	2792.0	12686.0	0	0	0.756906	0.9499989999999999
thin	joint_best	joint_radius	GAGE2A	4	4	-0.24668	0.79338	1.04006	0.603923	0.999999	2503.0	7073.0	0	0	0.5539229999999999	0.9499989999999999
thin	joint_best	joint_radius	GOLGA6A	4	4	-2.337	-1.7271	0.6099000000000001	0.787262	0.826614	2765.0	2800.0	0	0	0.737262	0.7766139999999999
thin	joint_best	joint_radius	GOLGA6B	4	4	-1.1815	-0.58857	0.59293	0.690781	0.681691	2636.0	2578.0	0	0	0.6407809999999999	0.631691
thin	joint_best	joint_radius	GOLGA6C	4	4	-1.8751	-1.3256	0.5495000000000001	0.122583	0.437234	1517.0	2246.0	0	0	0.072583	0.387234
thin	joint_best	joint_radius	GOLGA8M	4	4	-1.9725	-1.2271	0.7453999999999998	0.020093	0.096424	761.0	1388.0	1	0	0.029907000000000003	0.04642399999999999
thin	joint_best	joint_radius	GOLGA8O	4	4	-1.7026	-0.57319	1.12941	0.100951	0.999999	1412.0	6160.0	0	0	0.050950999999999996	0.9499989999999999
thin	joint_best	joint_radius	H2AFB1	1	1	0.41994	1.0197	0.5997600000000001	1.0	0.999999	10993.0	10837.0	0	0	0.95	0.9499989999999999
thin	joint_best	joint_radius	H2AFB3	4	4	-0.96032	-0.27416	0.6861599999999999	1.0	0.999999	3866.0	5567.0	0	0	0.95	0.9499989999999999
thin	joint_best	joint_radius	HIST1H2AI	4	4	-2.6712	-1.7752	0.8959999999999999	0.204581	0.806034	1781.0	2761.0	0	0	0.15458100000000002	0.756034
thin	joint_best	joint_radius	HIST1H3J	4	4	-0.30133	0.9084	1.20973	1.0	0.999999	5575.0	11155.0	0	0	0.95	0.9499989999999999
thin	joint_best	joint_radius	HIST2H2AA4	1	1	-2.4939	-1.7303	0.7636000000000001	0.686519	0.999999	3487.0	4777.0	0	0	0.636519	0.9499989999999999
thin	joint_best	joint_radius	HIST2H2BF	4	4	-1.9366	-0.91289	1.0237100000000001	0.260345	0.999999	1945.0	3258.0	0	0	0.210345	0.9499989999999999
thin	joint_best	joint_radius	HIST2H3D	3	3	-3.8321	-3.2268	0.6053000000000002	0.115493	0.705407	1588.0	2632.0	0	0	0.065493	0.655407
thin	joint_best	joint_radius	HNRNPC	4	4	-5.066	-3.8782	1.1877999999999997	0.001111	0.02004	48.0	764.0	1	1	0.048889	0.029960000000000004
thin	joint_best	joint_radius	HP	3	3	-0.38231	0.31894	0.7012499999999999	1.0	0.999999	9923.0	9886.0	0	0	0.95	0.9499989999999999
thin	joint_best	joint_radius	HTN3	4	4	-0.20165	0.37595	0.5776	1.0	0.999999	8121.0	8076.0	0	0	0.95	0.9499989999999999
thin	joint_best	joint_radius	IFNA10	4	4	-0.16885	0.70098	0.8698300000000001	1.0	0.999999	3438.0	8343.0	0	0	0.95	0.9499989999999999
thin	joint_best	joint_radius	IFNL2	4	4	0.58409	-0.03914	-0.62323	1.0	0.999999	17596.0	14746.0	0	0	0.95	0.9499989999999999
thin	joint_best	joint_radius	KCNJ18	4	4	0.12635	0.76532	0.63897	1.0	0.999999	11159.0	11836.0	0	0	0.95	0.9499989999999999
thin	joint_best	joint_radius	KRT6A	3	3	-0.70182	0.32712	1.02894	1.0	0.999999	3665.0	8699.0	0	0	0.95	0.9499989999999999
thin	joint_best	joint_radius	KRTAP19-6	4	4	0.65953	1.1628	0.5032700000000001	1.0	0.999999	17452.0	18725.0	0	0	0.95	0.9499989999999999
thin	joint_best	joint_radius	KRTAP4-8	4	4	-0.83026	0.031065	0.861325	1.0	0.999999	3215.0	6666.0	0	0	0.95	0.9499989999999999
thin	joint_best	joint_radius	KRTAP5-8	4	4	-0.79658	0.18101	0.97759	1.0	0.999999	3586.0	11751.0	0	0	0.95	0.9499989999999999
thin	joint_best	joint_radius	KRTAP9-7	3	3	0.30001	-0.40369	-0.7037	1.0	0.999999	8785.0	10762.0	0	0	0.95	0.9499989999999999
thin	joint_best	joint_radius	LCE1B	4	4	-1.7204	-1.1368	0.5835999999999999	0.223708	0.999999	1847.0	3449.0	0	0	0.17370799999999997	0.9499989999999999
thin	joint_best	joint_radius	LOC100129216	4	4	-0.94437	-0.10151	0.84286	1.0	0.999999	4127.0	7034.0	0	0	0.95	0.9499989999999999
thin	joint_best	joint_radius	LOC101060321	3	3	-2.6697	-1.9087	0.7610000000000001	0.256584	0.523969	2036.0	2410.0	0	0	0.206584	0.47396900000000003
thin	joint_best	joint_radius	LOC101929983	4	4	-0.50418	0.53716	1.04134	0.94724	0.999999	3043.0	12637.0	0	0	0.8972399999999999	0.9499989999999999
thin	joint_best	joint_radius	LOC102724862	4	4	-5.0114	-2.6413	2.3701	0.006596	0.253277	362.0	1880.0	1	0	0.043404000000000005	0.20327699999999999
thin	joint_best	joint_radius	LRRC37A	4	4	-3.1861	-2.3614	0.8247	0.048229	0.076275	1090.0	1301.0	1	0	0.0017710000000000017	0.026274999999999993
thin	joint_best	joint_radius	LRRC37A3	4	4	-6.1331	-2.6595	3.4736	0.030497	0.039282	908.0	1018.0	1	1	0.019503000000000003	0.010718000000000005
thin	joint_best	joint_radius	METTL2B	4	4	-1.3012	-0.63716	0.66404	0.604695	0.999999	2504.0	4657.0	0	0	0.5546949999999999	0.9499989999999999
thin	joint_best	joint_radius	MRGPRX4	4	4	0.47737	1.0886	0.6112299999999999	1.0	0.999999	12757.0	12714.0	0	0	0.95	0.9499989999999999
thin	joint_best	joint_radius	MTRNR2L1	2	2	-1.1874	-0.32515	0.86225	0.704931	0.999999	2902.0	8888.0	0	0	0.6549309999999999	0.9499989999999999
thin	joint_best	joint_radius	MTRNR2L2	4	4	-1.3311	-0.68753	0.64357	0.236502	0.999999	1889.0	6378.0	0	0	0.186502	0.9499989999999999
thin	joint_best	joint_radius	MTRNR2L6	3	3	-0.13892	0.41115	0.5500700000000001	1.0	0.999999	7510.0	12045.0	0	0	0.95	0.9499989999999999
thin	joint_best	joint_radius	NFIX	4	4	0.25723	-0.28391	-0.54114	1.0	0.999999	8211.0	8109.0	0	0	0.95	0.9499989999999999
thin	joint_best	joint_radius	NPIPA1	3	3	-2.5347	-1.6887	0.8459999999999999	0.206919	0.305589	1904.0	2109.0	0	0	0.15691899999999998	0.255589
thin	joint_best	joint_radius	NPIPA5	4	4	-2.066	-1.0652	1.0008	0.332103	0.999999	2117.0	3603.0	0	0	0.282103	0.9499989999999999
thin	joint_best	joint_radius	NUDT11	3	3	0.3938	0.92013	0.52633	1.0	0.999999	12895.0	12876.0	0	0	0.95	0.9499989999999999
thin	joint_best	joint_radius	OR51A4	4	4	-0.047152	0.67306	0.720212	1.0	0.999999	14381.0	14879.0	0	0	0.95	0.9499989999999999
thin	joint_best	joint_radius	OR5M1	4	4	-1.015	-0.48754	0.5274599999999999	0.778684	0.999999	2755.0	4497.0	0	0	0.728684	0.9499989999999999
thin	joint_best	joint_radius	OR5M10	4	4	-0.24294	0.38171	0.6246499999999999	1.0	0.999999	3925.0	4968.0	0	0	0.95	0.9499989999999999
thin	joint_best	joint_radius	OST4	4	4	-1.8367	-0.63435	1.20235	0.403009	0.999999	2242.0	6342.0	0	0	0.353009	0.9499989999999999
thin	joint_best	joint_radius	PGAM1	4	4	-3.5177	-2.5934	0.9243000000000001	0.001111	0.013183	22.0	615.0	1	1	0.048889	0.036817
thin	joint_best	joint_radius	POM121C	4	4	-1.1588	-0.37242	0.7863800000000001	0.333092	0.391422	2120.0	2157.0	0	0	0.283092	0.341422
thin	joint_best	joint_radius	POTEB3	4	4	-0.96528	-0.32414	0.64114	0.390038	0.999999	2211.0	13328.0	0	0	0.340038	0.9499989999999999
thin	joint_best	joint_radius	POTEF	4	4	-1.7185	-0.7742	0.9442999999999999	0.076098	0.995331	1297.0	3105.0	0	0	0.026097999999999996	0.9453309999999999
thin	joint_best	joint_radius	POTEG	4	4	-1.3843	-0.50497	0.8793300000000001	0.656054	0.999999	2572.0	5563.0	0	0	0.606054	0.9499989999999999
thin	joint_best	joint_radius	POTEJ	3	3	-0.36689	-1.123	-0.7561100000000001	1.0	0.999999	8727.0	4394.0	0	0	0.95	0.9499989999999999
thin	joint_best	joint_radius	PRAMEF5	4	4	-2.5247	-2.0176	0.5071000000000003	0.129054	0.53827	1541.0	2362.0	0	0	0.079054	0.48827000000000004
thin	joint_best	joint_radius	RPE	4	4	-4.6181	-3.9222	0.6959	0.030371	0.161986	905.0	1643.0	1	0	0.019629000000000004	0.11198599999999999
thin	joint_best	joint_radius	SMR3B	3	3	0.44383	1.0933	0.64947	1.0	0.999999	14643.0	14643.0	0	0	0.95	0.9499989999999999
thin	joint_best	joint_radius	SPATA31A7	4	4	-0.73401	-0.16967	0.5643400000000001	1.0	0.999999	4045.0	7263.0	0	0	0.95	0.9499989999999999
thin	joint_best	joint_radius	SPDYE1	4	4	-3.3899	-1.0473	2.3426	0.017953	0.999999	710.0	4174.0	1	0	0.032047000000000006	0.9499989999999999
thin	joint_best	joint_radius	SSX3	4	4	0.055623	0.67855	0.622927	1.0	0.999999	13868.0	14751.0	0	0	0.95	0.9499989999999999
thin	joint_best	joint_radius	TBC1D3L	2	2	-1.5914	-0.99842	0.59298	0.479144	0.999999	2556.0	8017.0	0	0	0.429144	0.9499989999999999
thin	joint_best	joint_radius	TMSB15B	4	4	0.3349	0.92769	0.59279	1.0	0.999999	17133.0	18265.0	0	0	0.95	0.9499989999999999
thin	joint_best	joint_radius	TRIM64	4	4	-0.29649	0.25571	0.5522	1.0	0.999999	5211.0	5148.0	0	0	0.95	0.9499989999999999
thin	joint_best	joint_radius	TSPY2	3	3	1.3455	0.74945	-0.59605	1.0	0.999999	19044.0	15836.0	0	0	0.95	0.9499989999999999
thin	joint_best	joint_radius	TUBG1	4	4	-2.3879	-1.6941	0.6938000000000002	0.487002	0.565118	2356.0	2400.0	0	0	0.437002	0.515118
thin	joint_best	joint_radius	UGT1A7	4	4	-0.059204	0.69186	0.7510640000000001	1.0	0.999999	6799.0	9056.0	0	0	0.95	0.9499989999999999
thin	joint_best	joint_radius	USP17L11	4	4	-2.9179	-1.3714	1.5465	0.1679	0.567139	1688.0	2406.0	0	0	0.11789999999999999	0.5171389999999999
thin	joint_best	joint_radius	USP17L19	4	4	-2.997	-1.9087	1.0882999999999998	0.065519	0.747181	1236.0	2670.0	0	0	0.015518999999999991	0.6971809999999999
thin	joint_best	joint_radius	USP17L22	3	3	-2.8034	-2.1761	0.6273	0.140012	0.391565	1685.0	2282.0	0	0	0.090012	0.341565
thin	joint_best	joint_radius	USP17L27	4	4	-2.8504	-2.0056	0.8448000000000002	0.022862	0.109908	789.0	1447.0	1	0	0.027138000000000002	0.059908
thin	joint_best	joint_radius	USP17L28	4	4	-2.8587	-1.5568	1.3018999999999998	0.034643	0.239473	962.0	1852.0	1	0	0.015357000000000003	0.189473
thin	joint_best	joint_radius	USP17L29	4	4	-3.0965	-1.55	1.5464999999999998	0.04639	0.309411	1073.0	2005.0	1	0	0.003610000000000002	0.259411
thin	joint_best	joint_radius	USP17L5	4	4	-2.4742	-0.74002	1.7341800000000003	0.037086	0.944704	984.0	2996.0	1	0	0.012914000000000002	0.8947039999999999
thin	joint_best	joint_radius	USP17L8	4	4	0.019304	-0.66749	-0.686794	1.0	0.999999	8355.0	4033.0	0	0	0.95	0.9499989999999999
thin	joint_best	joint_radius	ZNF221	4	4	-0.78469	-0.18325	0.60144	0.881095	0.999999	2921.0	5052.0	0	0	0.8310949999999999	0.9499989999999999
thin	joint_best	joint_radius	ZNF223	3	3	-1.4021	-0.88968	0.5124199999999999	0.371896	0.682979	2304.0	2606.0	0	0	0.321896	0.632979
thin	joint_best	joint_radius	ZNF492	3	3	-2.0487	-0.64996	1.39874	0.57169	0.999999	2509.0	5122.0	0	0	0.52169	0.9499989999999999
thin	joint_best	joint_radius	ZNF626	4	4	-5.1241	-3.8523	1.2718000000000003	0.011675	0.038112	555.0	1004.0	1	1	0.038325000000000005	0.011888000000000003
thin	joint_best	joint_radius	ZNF649	4	4	-0.32793	0.19383	0.52176	1.0	0.999999	6722.0	11353.0	0	0	0.95	0.9499989999999999
thin	joint_best	joint_radius	ZNF763	3	3	-0.45005	0.18551	0.63556	1.0	0.999999	5244.0	8903.0	0	0	0.95	0.9499989999999999
thin	joint_best	joint_radius	ZNF99	4	4	-0.97736	-1.6176	-0.6402399999999999	0.190795	0.186797	1746.0	1709.0	0	0	0.140795	0.136797
