seed,correlated,alternatives,method,test_genes,control_genes,guides,true_calls,false_calls,total_calls,false_discovery_proportion,power,any_false_call
20000,0,0,pooled_guide_bh,600,4000,4,0,0,0,0.0,,0
20000,0,0,whole_gene_bh,600,4000,4,0,0,0,0.0,,0
20000,0,0,whole_gene_by,600,4000,4,0,0,0,0.0,,0
20001,0,0,pooled_guide_bh,600,4000,4,0,0,0,0.0,,0
20001,0,0,whole_gene_bh,600,4000,4,0,0,0,0.0,,0
20001,0,0,whole_gene_by,600,4000,4,0,0,0,0.0,,0
20002,0,0,pooled_guide_bh,600,4000,4,0,0,0,0.0,,0
20002,0,0,whole_gene_bh,600,4000,4,0,0,0,0.0,,0
20002,0,0,whole_gene_by,600,4000,4,0,0,0,0.0,,0
20003,0,0,pooled_guide_bh,600,4000,4,0,0,0,0.0,,0
20003,0,0,whole_gene_bh,600,4000,4,0,0,0,0.0,,0
20003,0,0,whole_gene_by,600,4000,4,0,0,0,0.0,,0
20004,0,0,pooled_guide_bh,600,4000,4,0,0,0,0.0,,0
20004,0,0,whole_gene_bh,600,4000,4,0,0,0,0.0,,0
20004,0,0,whole_gene_by,600,4000,4,0,0,0,0.0,,0
20005,0,0,pooled_guide_bh,600,4000,4,0,0,0,0.0,,0
20005,0,0,whole_gene_bh,600,4000,4,0,0,0,0.0,,0
20005,0,0,whole_gene_by,600,4000,4,0,0,0,0.0,,0
20006,0,0,pooled_guide_bh,600,4000,4,0,0,0,0.0,,0
20006,0,0,whole_gene_bh,600,4000,4,0,0,0,0.0,,0
20006,0,0,whole_gene_by,600,4000,4,0,0,0,0.0,,0
20007,0,0,pooled_guide_bh,600,4000,4,0,1,1,1.0,,1
20007,0,0,whole_gene_bh,600,4000,4,0,0,0,0.0,,0
20007,0,0,whole_gene_by,600,4000,4,0,0,0,0.0,,0
20008,0,0,pooled_guide_bh,600,4000,4,0,1,1,1.0,,1
20008,0,0,whole_gene_bh,600,4000,4,0,0,0,0.0,,0
20008,0,0,whole_gene_by,600,4000,4,0,0,0,0.0,,0
20009,0,0,pooled_guide_bh,600,4000,4,0,0,0,0.0,,0
20009,0,0,whole_gene_bh,600,4000,4,0,0,0,0.0,,0
20009,0,0,whole_gene_by,600,4000,4,0,0,0,0.0,,0
20010,0,0,pooled_guide_bh,600,4000,4,0,0,0,0.0,,0
20010,0,0,whole_gene_bh,600,4000,4,0,0,0,0.0,,0
20010,0,0,whole_gene_by,600,4000,4,0,0,0,0.0,,0
20011,0,0,pooled_guide_bh,600,4000,4,0,0,0,0.0,,0
20011,0,0,whole_gene_bh,600,4000,4,0,0,0,0.0,,0
20011,0,0,whole_gene_by,600,4000,4,0,0,0,0.0,,0
20012,0,0,pooled_guide_bh,600,4000,4,0,0,0,0.0,,0
20012,0,0,whole_gene_bh,600,4000,4,0,0,0,0.0,,0
20012,0,0,whole_gene_by,600,4000,4,0,0,0,0.0,,0
20013,0,0,pooled_guide_bh,600,4000,4,0,0,0,0.0,,0
20013,0,0,whole_gene_bh,600,4000,4,0,0,0,0.0,,0
20013,0,0,whole_gene_by,600,4000,4,0,0,0,0.0,,0
20014,0,0,pooled_guide_bh,600,4000,4,0,1,1,1.0,,1
20014,0,0,whole_gene_bh,600,4000,4,0,0,0,0.0,,0
20014,0,0,whole_gene_by,600,4000,4,0,0,0,0.0,,0
20015,0,0,pooled_guide_bh,600,4000,4,0,0,0,0.0,,0
20015,0,0,whole_gene_bh,600,4000,4,0,0,0,0.0,,0
20015,0,0,whole_gene_by,600,4000,4,0,0,0,0.0,,0
20016,0,0,pooled_guide_bh,600,4000,4,0,0,0,0.0,,0
20016,0,0,whole_gene_bh,600,4000,4,0,0,0,0.0,,0
20016,0,0,whole_gene_by,600,4000,4,0,0,0,0.0,,0
20017,0,0,pooled_guide_bh,600,4000,4,0,0,0,0.0,,0
20017,0,0,whole_gene_bh,600,4000,4,0,0,0,0.0,,0
20017,0,0,whole_gene_by,600,4000,4,0,0,0,0.0,,0
20018,0,0,pooled_guide_bh,600,4000,4,0,0,0,0.0,,0
20018,0,0,whole_gene_bh,600,4000,4,0,0,0,0.0,,0
20018,0,0,whole_gene_by,600,4000,4,0,0,0,0.0,,0
20019,0,0,pooled_guide_bh,600,4000,4,0,0,0,0.0,,0
20019,0,0,whole_gene_bh,600,4000,4,0,0,0,0.0,,0
20019,0,0,whole_gene_by,600,4000,4,0,0,0,0.0,,0
20020,0,0,pooled_guide_bh,600,4000,4,0,0,0,0.0,,0
20020,0,0,whole_gene_bh,600,4000,4,0,0,0,0.0,,0
20020,0,0,whole_gene_by,600,4000,4,0,0,0,0.0,,0
20021,0,0,pooled_guide_bh,600,4000,4,0,0,0,0.0,,0
20021,0,0,whole_gene_bh,600,4000,4,0,0,0,0.0,,0
20021,0,0,whole_gene_by,600,4000,4,0,0,0,0.0,,0
20022,0,0,pooled_guide_bh,600,4000,4,0,0,0,0.0,,0
20022,0,0,whole_gene_bh,600,4000,4,0,0,0,0.0,,0
20022,0,0,whole_gene_by,600,4000,4,0,0,0,0.0,,0
20023,0,0,pooled_guide_bh,600,4000,4,0,0,0,0.0,,0
20023,0,0,whole_gene_bh,600,4000,4,0,0,0,0.0,,0
20023,0,0,whole_gene_by,600,4000,4,0,0,0,0.0,,0
20024,0,0,pooled_guide_bh,600,4000,4,0,0,0,0.0,,0
20024,0,0,whole_gene_bh,600,4000,4,0,0,0,0.0,,0
20024,0,0,whole_gene_by,600,4000,4,0,0,0,0.0,,0
20025,0,0,pooled_guide_bh,600,4000,4,0,0,0,0.0,,0
20025,0,0,whole_gene_bh,600,4000,4,0,0,0,0.0,,0
20025,0,0,whole_gene_by,600,4000,4,0,0,0,0.0,,0
20026,0,0,pooled_guide_bh,600,4000,4,0,0,0,0.0,,0
20026,0,0,whole_gene_bh,600,4000,4,0,0,0,0.0,,0
20026,0,0,whole_gene_by,600,4000,4,0,0,0,0.0,,0
20027,0,0,pooled_guide_bh,600,4000,4,0,0,0,0.0,,0
20027,0,0,whole_gene_bh,600,4000,4,0,0,0,0.0,,0
20027,0,0,whole_gene_by,600,4000,4,0,0,0,0.0,,0
20028,0,0,pooled_guide_bh,600,4000,4,0,0,0,0.0,,0
20028,0,0,whole_gene_bh,600,4000,4,0,0,0,0.0,,0
20028,0,0,whole_gene_by,600,4000,4,0,0,0,0.0,,0
20029,0,0,pooled_guide_bh,600,4000,4,0,0,0,0.0,,0
20029,0,0,whole_gene_bh,600,4000,4,0,0,0,0.0,,0
20029,0,0,whole_gene_by,600,4000,4,0,0,0,0.0,,0
20030,0,0,pooled_guide_bh,600,4000,4,0,0,0,0.0,,0
20030,0,0,whole_gene_bh,600,4000,4,0,0,0,0.0,,0
20030,0,0,whole_gene_by,600,4000,4,0,0,0,0.0,,0
20031,0,0,pooled_guide_bh,600,4000,4,0,0,0,0.0,,0
20031,0,0,whole_gene_bh,600,4000,4,0,0,0,0.0,,0
20031,0,0,whole_gene_by,600,4000,4,0,0,0,0.0,,0
20032,0,0,pooled_guide_bh,600,4000,4,0,0,0,0.0,,0
20032,0,0,whole_gene_bh,600,4000,4,0,0,0,0.0,,0
20032,0,0,whole_gene_by,600,4000,4,0,0,0,0.0,,0
20033,0,0,pooled_guide_bh,600,4000,4,0,0,0,0.0,,0
20033,0,0,whole_gene_bh,600,4000,4,0,0,0,0.0,,0
20033,0,0,whole_gene_by,600,4000,4,0,0,0,0.0,,0
20034,0,0,pooled_guide_bh,600,4000,4,0,0,0,0.0,,0
20034,0,0,whole_gene_bh,600,4000,4,0,0,0,0.0,,0
20034,0,0,whole_gene_by,600,4000,4,0,0,0,0.0,,0
20035,0,0,pooled_guide_bh,600,4000,4,0,0,0,0.0,,0
20035,0,0,whole_gene_bh,600,4000,4,0,0,0,0.0,,0
20035,0,0,whole_gene_by,600,4000,4,0,0,0,0.0,,0
20036,0,0,pooled_guide_bh,600,4000,4,0,0,0,0.0,,0
20036,0,0,whole_gene_bh,600,4000,4,0,0,0,0.0,,0
20036,0,0,whole_gene_by,600,4000,4,0,0,0,0.0,,0
20037,0,0,pooled_guide_bh,600,4000,4,0,0,0,0.0,,0
20037,0,0,whole_gene_bh,600,4000,4,0,0,0,0.0,,0
20037,0,0,whole_gene_by,600,4000,4,0,0,0,0.0,,0
20038,0,0,pooled_guide_bh,600,4000,4,0,0,0,0.0,,0
20038,0,0,whole_gene_bh,600,4000,4,0,0,0,0.0,,0
20038,0,0,whole_gene_by,600,4000,4,0,0,0,0.0,,0
20039,0,0,pooled_guide_bh,600,4000,4,0,0,0,0.0,,0
20039,0,0,whole_gene_bh,600,4000,4,0,0,0,0.0,,0
20039,0,0,whole_gene_by,600,4000,4,0,0,0,0.0,,0
20040,0,0,pooled_guide_bh,600,4000,4,0,0,0,0.0,,0
20040,0,0,whole_gene_bh,600,4000,4,0,0,0,0.0,,0
20040,0,0,whole_gene_by,600,4000,4,0,0,0,0.0,,0
20041,0,0,pooled_guide_bh,600,4000,4,0,0,0,0.0,,0
20041,0,0,whole_gene_bh,600,4000,4,0,0,0,0.0,,0
20041,0,0,whole_gene_by,600,4000,4,0,0,0,0.0,,0
20042,0,0,pooled_guide_bh,600,4000,4,0,1,1,1.0,,1
20042,0,0,whole_gene_bh,600,4000,4,0,0,0,0.0,,0
20042,0,0,whole_gene_by,600,4000,4,0,0,0,0.0,,0
20043,0,0,pooled_guide_bh,600,4000,4,0,0,0,0.0,,0
20043,0,0,whole_gene_bh,600,4000,4,0,0,0,0.0,,0
20043,0,0,whole_gene_by,600,4000,4,0,0,0,0.0,,0
20044,0,0,pooled_guide_bh,600,4000,4,0,0,0,0.0,,0
20044,0,0,whole_gene_bh,600,4000,4,0,0,0,0.0,,0
20044,0,0,whole_gene_by,600,4000,4,0,0,0,0.0,,0
20045,0,0,pooled_guide_bh,600,4000,4,0,0,0,0.0,,0
20045,0,0,whole_gene_bh,600,4000,4,0,0,0,0.0,,0
20045,0,0,whole_gene_by,600,4000,4,0,0,0,0.0,,0
20046,0,0,pooled_guide_bh,600,4000,4,0,0,0,0.0,,0
20046,0,0,whole_gene_bh,600,4000,4,0,0,0,0.0,,0
20046,0,0,whole_gene_by,600,4000,4,0,0,0,0.0,,0
20047,0,0,pooled_guide_bh,600,4000,4,0,1,1,1.0,,1
20047,0,0,whole_gene_bh,600,4000,4,0,0,0,0.0,,0
20047,0,0,whole_gene_by,600,4000,4,0,0,0,0.0,,0
20048,0,0,pooled_guide_bh,600,4000,4,0,1,1,1.0,,1
20048,0,0,whole_gene_bh,600,4000,4,0,0,0,0.0,,0
20048,0,0,whole_gene_by,600,4000,4,0,0,0,0.0,,0
20049,0,0,pooled_guide_bh,600,4000,4,0,0,0,0.0,,0
20049,0,0,whole_gene_bh,600,4000,4,0,0,0,0.0,,0
20049,0,0,whole_gene_by,600,4000,4,0,0,0,0.0,,0
20050,0,0,pooled_guide_bh,600,4000,4,0,0,0,0.0,,0
20050,0,0,whole_gene_bh,600,4000,4,0,0,0,0.0,,0
20050,0,0,whole_gene_by,600,4000,4,0,0,0,0.0,,0
20051,0,0,pooled_guide_bh,600,4000,4,0,0,0,0.0,,0
20051,0,0,whole_gene_bh,600,4000,4,0,0,0,0.0,,0
20051,0,0,whole_gene_by,600,4000,4,0,0,0,0.0,,0
20052,0,0,pooled_guide_bh,600,4000,4,0,0,0,0.0,,0
20052,0,0,whole_gene_bh,600,4000,4,0,0,0,0.0,,0
20052,0,0,whole_gene_by,600,4000,4,0,0,0,0.0,,0
20053,0,0,pooled_guide_bh,600,4000,4,0,0,0,0.0,,0
20053,0,0,whole_gene_bh,600,4000,4,0,0,0,0.0,,0
20053,0,0,whole_gene_by,600,4000,4,0,0,0,0.0,,0
20054,0,0,pooled_guide_bh,600,4000,4,0,1,1,1.0,,1
20054,0,0,whole_gene_bh,600,4000,4,0,0,0,0.0,,0
20054,0,0,whole_gene_by,600,4000,4,0,0,0,0.0,,0
20055,0,0,pooled_guide_bh,600,4000,4,0,0,0,0.0,,0
20055,0,0,whole_gene_bh,600,4000,4,0,0,0,0.0,,0
20055,0,0,whole_gene_by,600,4000,4,0,0,0,0.0,,0
20056,0,0,pooled_guide_bh,600,4000,4,0,0,0,0.0,,0
20056,0,0,whole_gene_bh,600,4000,4,0,0,0,0.0,,0
20056,0,0,whole_gene_by,600,4000,4,0,0,0,0.0,,0
20057,0,0,pooled_guide_bh,600,4000,4,0,0,0,0.0,,0
20057,0,0,whole_gene_bh,600,4000,4,0,0,0,0.0,,0
20057,0,0,whole_gene_by,600,4000,4,0,0,0,0.0,,0
20058,0,0,pooled_guide_bh,600,4000,4,0,0,0,0.0,,0
20058,0,0,whole_gene_bh,600,4000,4,0,0,0,0.0,,0
20058,0,0,whole_gene_by,600,4000,4,0,0,0,0.0,,0
20059,0,0,pooled_guide_bh,600,4000,4,0,0,0,0.0,,0
20059,0,0,whole_gene_bh,600,4000,4,0,0,0,0.0,,0
20059,0,0,whole_gene_by,600,4000,4,0,0,0,0.0,,0
20060,0,0,pooled_guide_bh,600,4000,4,0,0,0,0.0,,0
20060,0,0,whole_gene_bh,600,4000,4,0,0,0,0.0,,0
20060,0,0,whole_gene_by,600,4000,4,0,0,0,0.0,,0
20061,0,0,pooled_guide_bh,600,4000,4,0,0,0,0.0,,0
20061,0,0,whole_gene_bh,600,4000,4,0,0,0,0.0,,0
20061,0,0,whole_gene_by,600,4000,4,0,0,0,0.0,,0
20062,0,0,pooled_guide_bh,600,4000,4,0,0,0,0.0,,0
20062,0,0,whole_gene_bh,600,4000,4,0,0,0,0.0,,0
20062,0,0,whole_gene_by,600,4000,4,0,0,0,0.0,,0
20063,0,0,pooled_guide_bh,600,4000,4,0,0,0,0.0,,0
20063,0,0,whole_gene_bh,600,4000,4,0,0,0,0.0,,0
20063,0,0,whole_gene_by,600,4000,4,0,0,0,0.0,,0
20064,0,0,pooled_guide_bh,600,4000,4,0,0,0,0.0,,0
20064,0,0,whole_gene_bh,600,4000,4,0,0,0,0.0,,0
20064,0,0,whole_gene_by,600,4000,4,0,0,0,0.0,,0
20065,0,0,pooled_guide_bh,600,4000,4,0,0,0,0.0,,0
20065,0,0,whole_gene_bh,600,4000,4,0,0,0,0.0,,0
20065,0,0,whole_gene_by,600,4000,4,0,0,0,0.0,,0
20066,0,0,pooled_guide_bh,600,4000,4,0,0,0,0.0,,0
20066,0,0,whole_gene_bh,600,4000,4,0,0,0,0.0,,0
20066,0,0,whole_gene_by,600,4000,4,0,0,0,0.0,,0
20067,0,0,pooled_guide_bh,600,4000,4,0,0,0,0.0,,0
20067,0,0,whole_gene_bh,600,4000,4,0,0,0,0.0,,0
20067,0,0,whole_gene_by,600,4000,4,0,0,0,0.0,,0
20068,0,0,pooled_guide_bh,600,4000,4,0,0,0,0.0,,0
20068,0,0,whole_gene_bh,600,4000,4,0,0,0,0.0,,0
20068,0,0,whole_gene_by,600,4000,4,0,0,0,0.0,,0
20069,0,0,pooled_guide_bh,600,4000,4,0,0,0,0.0,,0
20069,0,0,whole_gene_bh,600,4000,4,0,0,0,0.0,,0
20069,0,0,whole_gene_by,600,4000,4,0,0,0,0.0,,0
20070,0,0,pooled_guide_bh,600,4000,4,0,0,0,0.0,,0
20070,0,0,whole_gene_bh,600,4000,4,0,0,0,0.0,,0
20070,0,0,whole_gene_by,600,4000,4,0,0,0,0.0,,0
20071,0,0,pooled_guide_bh,600,4000,4,0,0,0,0.0,,0
20071,0,0,whole_gene_bh,600,4000,4,0,0,0,0.0,,0
20071,0,0,whole_gene_by,600,4000,4,0,0,0,0.0,,0
20072,0,0,pooled_guide_bh,600,4000,4,0,0,0,0.0,,0
20072,0,0,whole_gene_bh,600,4000,4,0,0,0,0.0,,0
20072,0,0,whole_gene_by,600,4000,4,0,0,0,0.0,,0
20073,0,0,pooled_guide_bh,600,4000,4,0,0,0,0.0,,0
20073,0,0,whole_gene_bh,600,4000,4,0,0,0,0.0,,0
20073,0,0,whole_gene_by,600,4000,4,0,0,0,0.0,,0
20074,0,0,pooled_guide_bh,600,4000,4,0,0,0,0.0,,0
20074,0,0,whole_gene_bh,600,4000,4,0,0,0,0.0,,0
20074,0,0,whole_gene_by,600,4000,4,0,0,0,0.0,,0
20075,0,0,pooled_guide_bh,600,4000,4,0,1,1,1.0,,1
20075,0,0,whole_gene_bh,600,4000,4,0,0,0,0.0,,0
20075,0,0,whole_gene_by,600,4000,4,0,0,0,0.0,,0
20076,0,0,pooled_guide_bh,600,4000,4,0,0,0,0.0,,0
20076,0,0,whole_gene_bh,600,4000,4,0,0,0,0.0,,0
20076,0,0,whole_gene_by,600,4000,4,0,0,0,0.0,,0
20077,0,0,pooled_guide_bh,600,4000,4,0,0,0,0.0,,0
20077,0,0,whole_gene_bh,600,4000,4,0,0,0,0.0,,0
20077,0,0,whole_gene_by,600,4000,4,0,0,0,0.0,,0
20078,0,0,pooled_guide_bh,600,4000,4,0,0,0,0.0,,0
20078,0,0,whole_gene_bh,600,4000,4,0,0,0,0.0,,0
20078,0,0,whole_gene_by,600,4000,4,0,0,0,0.0,,0
20079,0,0,pooled_guide_bh,600,4000,4,0,0,0,0.0,,0
20079,0,0,whole_gene_bh,600,4000,4,0,0,0,0.0,,0
20079,0,0,whole_gene_by,600,4000,4,0,0,0,0.0,,0
20080,0,0,pooled_guide_bh,600,4000,4,0,0,0,0.0,,0
20080,0,0,whole_gene_bh,600,4000,4,0,0,0,0.0,,0
20080,0,0,whole_gene_by,600,4000,4,0,0,0,0.0,,0
20081,0,0,pooled_guide_bh,600,4000,4,0,0,0,0.0,,0
20081,0,0,whole_gene_bh,600,4000,4,0,0,0,0.0,,0
20081,0,0,whole_gene_by,600,4000,4,0,0,0,0.0,,0
20082,0,0,pooled_guide_bh,600,4000,4,0,0,0,0.0,,0
20082,0,0,whole_gene_bh,600,4000,4,0,0,0,0.0,,0
20082,0,0,whole_gene_by,600,4000,4,0,0,0,0.0,,0
20083,0,0,pooled_guide_bh,600,4000,4,0,0,0,0.0,,0
20083,0,0,whole_gene_bh,600,4000,4,0,0,0,0.0,,0
20083,0,0,whole_gene_by,600,4000,4,0,0,0,0.0,,0
20084,0,0,pooled_guide_bh,600,4000,4,0,0,0,0.0,,0
20084,0,0,whole_gene_bh,600,4000,4,0,0,0,0.0,,0
20084,0,0,whole_gene_by,600,4000,4,0,0,0,0.0,,0
20085,0,0,pooled_guide_bh,600,4000,4,0,0,0,0.0,,0
20085,0,0,whole_gene_bh,600,4000,4,0,0,0,0.0,,0
20085,0,0,whole_gene_by,600,4000,4,0,0,0,0.0,,0
20086,0,0,pooled_guide_bh,600,4000,4,0,0,0,0.0,,0
20086,0,0,whole_gene_bh,600,4000,4,0,0,0,0.0,,0
20086,0,0,whole_gene_by,600,4000,4,0,0,0,0.0,,0
20087,0,0,pooled_guide_bh,600,4000,4,0,0,0,0.0,,0
20087,0,0,whole_gene_bh,600,4000,4,0,0,0,0.0,,0
20087,0,0,whole_gene_by,600,4000,4,0,0,0,0.0,,0
20088,0,0,pooled_guide_bh,600,4000,4,0,0,0,0.0,,0
20088,0,0,whole_gene_bh,600,4000,4,0,0,0,0.0,,0
20088,0,0,whole_gene_by,600,4000,4,0,0,0,0.0,,0
20089,0,0,pooled_guide_bh,600,4000,4,0,0,0,0.0,,0
20089,0,0,whole_gene_bh,600,4000,4,0,0,0,0.0,,0
20089,0,0,whole_gene_by,600,4000,4,0,0,0,0.0,,0
20090,0,0,pooled_guide_bh,600,4000,4,0,0,0,0.0,,0
20090,0,0,whole_gene_bh,600,4000,4,0,0,0,0.0,,0
20090,0,0,whole_gene_by,600,4000,4,0,0,0,0.0,,0
20091,0,0,pooled_guide_bh,600,4000,4,0,0,0,0.0,,0
20091,0,0,whole_gene_bh,600,4000,4,0,0,0,0.0,,0
20091,0,0,whole_gene_by,600,4000,4,0,0,0,0.0,,0
20092,0,0,pooled_guide_bh,600,4000,4,0,0,0,0.0,,0
20092,0,0,whole_gene_bh,600,4000,4,0,0,0,0.0,,0
20092,0,0,whole_gene_by,600,4000,4,0,0,0,0.0,,0
20093,0,0,pooled_guide_bh,600,4000,4,0,0,0,0.0,,0
20093,0,0,whole_gene_bh,600,4000,4,0,0,0,0.0,,0
20093,0,0,whole_gene_by,600,4000,4,0,0,0,0.0,,0
20094,0,0,pooled_guide_bh,600,4000,4,0,0,0,0.0,,0
20094,0,0,whole_gene_bh,600,4000,4,0,0,0,0.0,,0
20094,0,0,whole_gene_by,600,4000,4,0,0,0,0.0,,0
20095,0,0,pooled_guide_bh,600,4000,4,0,0,0,0.0,,0
20095,0,0,whole_gene_bh,600,4000,4,0,0,0,0.0,,0
20095,0,0,whole_gene_by,600,4000,4,0,0,0,0.0,,0
20096,0,0,pooled_guide_bh,600,4000,4,0,0,0,0.0,,0
20096,0,0,whole_gene_bh,600,4000,4,0,0,0,0.0,,0
20096,0,0,whole_gene_by,600,4000,4,0,0,0,0.0,,0
20097,0,0,pooled_guide_bh,600,4000,4,0,0,0,0.0,,0
20097,0,0,whole_gene_bh,600,4000,4,0,0,0,0.0,,0
20097,0,0,whole_gene_by,600,4000,4,0,0,0,0.0,,0
20098,0,0,pooled_guide_bh,600,4000,4,0,0,0,0.0,,0
20098,0,0,whole_gene_bh,600,4000,4,0,0,0,0.0,,0
20098,0,0,whole_gene_by,600,4000,4,0,0,0,0.0,,0
20099,0,0,pooled_guide_bh,600,4000,4,0,0,0,0.0,,0
20099,0,0,whole_gene_bh,600,4000,4,0,0,0,0.0,,0
20099,0,0,whole_gene_by,600,4000,4,0,0,0,0.0,,0
20100,0,0,pooled_guide_bh,600,4000,4,0,0,0,0.0,,0
20100,0,0,whole_gene_bh,600,4000,4,0,0,0,0.0,,0
20100,0,0,whole_gene_by,600,4000,4,0,0,0,0.0,,0
20101,0,0,pooled_guide_bh,600,4000,4,0,0,0,0.0,,0
20101,0,0,whole_gene_bh,600,4000,4,0,0,0,0.0,,0
20101,0,0,whole_gene_by,600,4000,4,0,0,0,0.0,,0
20102,0,0,pooled_guide_bh,600,4000,4,0,0,0,0.0,,0
20102,0,0,whole_gene_bh,600,4000,4,0,0,0,0.0,,0
20102,0,0,whole_gene_by,600,4000,4,0,0,0,0.0,,0
20103,0,0,pooled_guide_bh,600,4000,4,0,0,0,0.0,,0
20103,0,0,whole_gene_bh,600,4000,4,0,0,0,0.0,,0
20103,0,0,whole_gene_by,600,4000,4,0,0,0,0.0,,0
20104,0,0,pooled_guide_bh,600,4000,4,0,0,0,0.0,,0
20104,0,0,whole_gene_bh,600,4000,4,0,0,0,0.0,,0
20104,0,0,whole_gene_by,600,4000,4,0,0,0,0.0,,0
20105,0,0,pooled_guide_bh,600,4000,4,0,0,0,0.0,,0
20105,0,0,whole_gene_bh,600,4000,4,0,0,0,0.0,,0
20105,0,0,whole_gene_by,600,4000,4,0,0,0,0.0,,0
20106,0,0,pooled_guide_bh,600,4000,4,0,0,0,0.0,,0
20106,0,0,whole_gene_bh,600,4000,4,0,0,0,0.0,,0
20106,0,0,whole_gene_by,600,4000,4,0,0,0,0.0,,0
20107,0,0,pooled_guide_bh,600,4000,4,0,0,0,0.0,,0
20107,0,0,whole_gene_bh,600,4000,4,0,0,0,0.0,,0
20107,0,0,whole_gene_by,600,4000,4,0,0,0,0.0,,0
20108,0,0,pooled_guide_bh,600,4000,4,0,0,0,0.0,,0
20108,0,0,whole_gene_bh,600,4000,4,0,0,0,0.0,,0
20108,0,0,whole_gene_by,600,4000,4,0,0,0,0.0,,0
20109,0,0,pooled_guide_bh,600,4000,4,0,0,0,0.0,,0
20109,0,0,whole_gene_bh,600,4000,4,0,0,0,0.0,,0
20109,0,0,whole_gene_by,600,4000,4,0,0,0,0.0,,0
20110,0,0,pooled_guide_bh,600,4000,4,0,0,0,0.0,,0
20110,0,0,whole_gene_bh,600,4000,4,0,0,0,0.0,,0
20110,0,0,whole_gene_by,600,4000,4,0,0,0,0.0,,0
20111,0,0,pooled_guide_bh,600,4000,4,0,0,0,0.0,,0
20111,0,0,whole_gene_bh,600,4000,4,0,0,0,0.0,,0
20111,0,0,whole_gene_by,600,4000,4,0,0,0,0.0,,0
20112,0,0,pooled_guide_bh,600,4000,4,0,0,0,0.0,,0
20112,0,0,whole_gene_bh,600,4000,4,0,0,0,0.0,,0
20112,0,0,whole_gene_by,600,4000,4,0,0,0,0.0,,0
20113,0,0,pooled_guide_bh,600,4000,4,0,0,0,0.0,,0
20113,0,0,whole_gene_bh,600,4000,4,0,0,0,0.0,,0
20113,0,0,whole_gene_by,600,4000,4,0,0,0,0.0,,0
20114,0,0,pooled_guide_bh,600,4000,4,0,1,1,1.0,,1
20114,0,0,whole_gene_bh,600,4000,4,0,0,0,0.0,,0
20114,0,0,whole_gene_by,600,4000,4,0,0,0,0.0,,0
20115,0,0,pooled_guide_bh,600,4000,4,0,0,0,0.0,,0
20115,0,0,whole_gene_bh,600,4000,4,0,0,0,0.0,,0
20115,0,0,whole_gene_by,600,4000,4,0,0,0,0.0,,0
20116,0,0,pooled_guide_bh,600,4000,4,0,0,0,0.0,,0
20116,0,0,whole_gene_bh,600,4000,4,0,0,0,0.0,,0
20116,0,0,whole_gene_by,600,4000,4,0,0,0,0.0,,0
20117,0,0,pooled_guide_bh,600,4000,4,0,0,0,0.0,,0
20117,0,0,whole_gene_bh,600,4000,4,0,0,0,0.0,,0
20117,0,0,whole_gene_by,600,4000,4,0,0,0,0.0,,0
20118,0,0,pooled_guide_bh,600,4000,4,0,0,0,0.0,,0
20118,0,0,whole_gene_bh,600,4000,4,0,0,0,0.0,,0
20118,0,0,whole_gene_by,600,4000,4,0,0,0,0.0,,0
20119,0,0,pooled_guide_bh,600,4000,4,0,0,0,0.0,,0
20119,0,0,whole_gene_bh,600,4000,4,0,0,0,0.0,,0
20119,0,0,whole_gene_by,600,4000,4,0,0,0,0.0,,0
20120,0,0,pooled_guide_bh,600,4000,4,0,1,1,1.0,,1
20120,0,0,whole_gene_bh,600,4000,4,0,0,0,0.0,,0
20120,0,0,whole_gene_by,600,4000,4,0,0,0,0.0,,0
20121,0,0,pooled_guide_bh,600,4000,4,0,0,0,0.0,,0
20121,0,0,whole_gene_bh,600,4000,4,0,0,0,0.0,,0
20121,0,0,whole_gene_by,600,4000,4,0,0,0,0.0,,0
20122,0,0,pooled_guide_bh,600,4000,4,0,0,0,0.0,,0
20122,0,0,whole_gene_bh,600,4000,4,0,0,0,0.0,,0
20122,0,0,whole_gene_by,600,4000,4,0,0,0,0.0,,0
20123,0,0,pooled_guide_bh,600,4000,4,0,0,0,0.0,,0
20123,0,0,whole_gene_bh,600,4000,4,0,0,0,0.0,,0
20123,0,0,whole_gene_by,600,4000,4,0,0,0,0.0,,0
20124,0,0,pooled_guide_bh,600,4000,4,0,0,0,0.0,,0
20124,0,0,whole_gene_bh,600,4000,4,0,0,0,0.0,,0
20124,0,0,whole_gene_by,600,4000,4,0,0,0,0.0,,0
20125,0,0,pooled_guide_bh,600,4000,4,0,0,0,0.0,,0
20125,0,0,whole_gene_bh,600,4000,4,0,0,0,0.0,,0
20125,0,0,whole_gene_by,600,4000,4,0,0,0,0.0,,0
20126,0,0,pooled_guide_bh,600,4000,4,0,0,0,0.0,,0
20126,0,0,whole_gene_bh,600,4000,4,0,0,0,0.0,,0
20126,0,0,whole_gene_by,600,4000,4,0,0,0,0.0,,0
20127,0,0,pooled_guide_bh,600,4000,4,0,0,0,0.0,,0
20127,0,0,whole_gene_bh,600,4000,4,0,0,0,0.0,,0
20127,0,0,whole_gene_by,600,4000,4,0,0,0,0.0,,0
20128,0,0,pooled_guide_bh,600,4000,4,0,0,0,0.0,,0
20128,0,0,whole_gene_bh,600,4000,4,0,0,0,0.0,,0
20128,0,0,whole_gene_by,600,4000,4,0,0,0,0.0,,0
20129,0,0,pooled_guide_bh,600,4000,4,0,0,0,0.0,,0
20129,0,0,whole_gene_bh,600,4000,4,0,0,0,0.0,,0
20129,0,0,whole_gene_by,600,4000,4,0,0,0,0.0,,0
20130,0,0,pooled_guide_bh,600,4000,4,0,0,0,0.0,,0
20130,0,0,whole_gene_bh,600,4000,4,0,0,0,0.0,,0
20130,0,0,whole_gene_by,600,4000,4,0,0,0,0.0,,0
20131,0,0,pooled_guide_bh,600,4000,4,0,0,0,0.0,,0
20131,0,0,whole_gene_bh,600,4000,4,0,0,0,0.0,,0
20131,0,0,whole_gene_by,600,4000,4,0,0,0,0.0,,0
20132,0,0,pooled_guide_bh,600,4000,4,0,0,0,0.0,,0
20132,0,0,whole_gene_bh,600,4000,4,0,0,0,0.0,,0
20132,0,0,whole_gene_by,600,4000,4,0,0,0,0.0,,0
20133,0,0,pooled_guide_bh,600,4000,4,0,0,0,0.0,,0
20133,0,0,whole_gene_bh,600,4000,4,0,0,0,0.0,,0
20133,0,0,whole_gene_by,600,4000,4,0,0,0,0.0,,0
20134,0,0,pooled_guide_bh,600,4000,4,0,0,0,0.0,,0
20134,0,0,whole_gene_bh,600,4000,4,0,0,0,0.0,,0
20134,0,0,whole_gene_by,600,4000,4,0,0,0,0.0,,0
20135,0,0,pooled_guide_bh,600,4000,4,0,0,0,0.0,,0
20135,0,0,whole_gene_bh,600,4000,4,0,0,0,0.0,,0
20135,0,0,whole_gene_by,600,4000,4,0,0,0,0.0,,0
20136,0,0,pooled_guide_bh,600,4000,4,0,0,0,0.0,,0
20136,0,0,whole_gene_bh,600,4000,4,0,0,0,0.0,,0
20136,0,0,whole_gene_by,600,4000,4,0,0,0,0.0,,0
20137,0,0,pooled_guide_bh,600,4000,4,0,0,0,0.0,,0
20137,0,0,whole_gene_bh,600,4000,4,0,0,0,0.0,,0
20137,0,0,whole_gene_by,600,4000,4,0,0,0,0.0,,0
20138,0,0,pooled_guide_bh,600,4000,4,0,1,1,1.0,,1
20138,0,0,whole_gene_bh,600,4000,4,0,0,0,0.0,,0
20138,0,0,whole_gene_by,600,4000,4,0,0,0,0.0,,0
20139,0,0,pooled_guide_bh,600,4000,4,0,0,0,0.0,,0
20139,0,0,whole_gene_bh,600,4000,4,0,0,0,0.0,,0
20139,0,0,whole_gene_by,600,4000,4,0,0,0,0.0,,0
20140,0,0,pooled_guide_bh,600,4000,4,0,0,0,0.0,,0
20140,0,0,whole_gene_bh,600,4000,4,0,0,0,0.0,,0
20140,0,0,whole_gene_by,600,4000,4,0,0,0,0.0,,0
20141,0,0,pooled_guide_bh,600,4000,4,0,0,0,0.0,,0
20141,0,0,whole_gene_bh,600,4000,4,0,0,0,0.0,,0
20141,0,0,whole_gene_by,600,4000,4,0,0,0,0.0,,0
20142,0,0,pooled_guide_bh,600,4000,4,0,0,0,0.0,,0
20142,0,0,whole_gene_bh,600,4000,4,0,0,0,0.0,,0
20142,0,0,whole_gene_by,600,4000,4,0,0,0,0.0,,0
20143,0,0,pooled_guide_bh,600,4000,4,0,0,0,0.0,,0
20143,0,0,whole_gene_bh,600,4000,4,0,0,0,0.0,,0
20143,0,0,whole_gene_by,600,4000,4,0,0,0,0.0,,0
20144,0,0,pooled_guide_bh,600,4000,4,0,0,0,0.0,,0
20144,0,0,whole_gene_bh,600,4000,4,0,0,0,0.0,,0
20144,0,0,whole_gene_by,600,4000,4,0,0,0,0.0,,0
20145,0,0,pooled_guide_bh,600,4000,4,0,0,0,0.0,,0
20145,0,0,whole_gene_bh,600,4000,4,0,0,0,0.0,,0
20145,0,0,whole_gene_by,600,4000,4,0,0,0,0.0,,0
20146,0,0,pooled_guide_bh,600,4000,4,0,0,0,0.0,,0
20146,0,0,whole_gene_bh,600,4000,4,0,0,0,0.0,,0
20146,0,0,whole_gene_by,600,4000,4,0,0,0,0.0,,0
20147,0,0,pooled_guide_bh,600,4000,4,0,0,0,0.0,,0
20147,0,0,whole_gene_bh,600,4000,4,0,0,0,0.0,,0
20147,0,0,whole_gene_by,600,4000,4,0,0,0,0.0,,0
20148,0,0,pooled_guide_bh,600,4000,4,0,0,0,0.0,,0
20148,0,0,whole_gene_bh,600,4000,4,0,0,0,0.0,,0
20148,0,0,whole_gene_by,600,4000,4,0,0,0,0.0,,0
20149,0,0,pooled_guide_bh,600,4000,4,0,0,0,0.0,,0
20149,0,0,whole_gene_bh,600,4000,4,0,0,0,0.0,,0
20149,0,0,whole_gene_by,600,4000,4,0,0,0,0.0,,0
20150,0,0,pooled_guide_bh,600,4000,4,0,1,1,1.0,,1
20150,0,0,whole_gene_bh,600,4000,4,0,0,0,0.0,,0
20150,0,0,whole_gene_by,600,4000,4,0,0,0,0.0,,0
20151,0,0,pooled_guide_bh,600,4000,4,0,0,0,0.0,,0
20151,0,0,whole_gene_bh,600,4000,4,0,0,0,0.0,,0
20151,0,0,whole_gene_by,600,4000,4,0,0,0,0.0,,0
20152,0,0,pooled_guide_bh,600,4000,4,0,0,0,0.0,,0
20152,0,0,whole_gene_bh,600,4000,4,0,0,0,0.0,,0
20152,0,0,whole_gene_by,600,4000,4,0,0,0,0.0,,0
20153,0,0,pooled_guide_bh,600,4000,4,0,0,0,0.0,,0
20153,0,0,whole_gene_bh,600,4000,4,0,0,0,0.0,,0
20153,0,0,whole_gene_by,600,4000,4,0,0,0,0.0,,0
20154,0,0,pooled_guide_bh,600,4000,4,0,0,0,0.0,,0
20154,0,0,whole_gene_bh,600,4000,4,0,0,0,0.0,,0
20154,0,0,whole_gene_by,600,4000,4,0,0,0,0.0,,0
20155,0,0,pooled_guide_bh,600,4000,4,0,0,0,0.0,,0
20155,0,0,whole_gene_bh,600,4000,4,0,0,0,0.0,,0
20155,0,0,whole_gene_by,600,4000,4,0,0,0,0.0,,0
20156,0,0,pooled_guide_bh,600,4000,4,0,0,0,0.0,,0
20156,0,0,whole_gene_bh,600,4000,4,0,0,0,0.0,,0
20156,0,0,whole_gene_by,600,4000,4,0,0,0,0.0,,0
20157,0,0,pooled_guide_bh,600,4000,4,0,0,0,0.0,,0
20157,0,0,whole_gene_bh,600,4000,4,0,0,0,0.0,,0
20157,0,0,whole_gene_by,600,4000,4,0,0,0,0.0,,0
20158,0,0,pooled_guide_bh,600,4000,4,0,0,0,0.0,,0
20158,0,0,whole_gene_bh,600,4000,4,0,0,0,0.0,,0
20158,0,0,whole_gene_by,600,4000,4,0,0,0,0.0,,0
20159,0,0,pooled_guide_bh,600,4000,4,0,0,0,0.0,,0
20159,0,0,whole_gene_bh,600,4000,4,0,0,0,0.0,,0
20159,0,0,whole_gene_by,600,4000,4,0,0,0,0.0,,0
20160,0,0,pooled_guide_bh,600,4000,4,0,0,0,0.0,,0
20160,0,0,whole_gene_bh,600,4000,4,0,0,0,0.0,,0
20160,0,0,whole_gene_by,600,4000,4,0,0,0,0.0,,0
20161,0,0,pooled_guide_bh,600,4000,4,0,0,0,0.0,,0
20161,0,0,whole_gene_bh,600,4000,4,0,0,0,0.0,,0
20161,0,0,whole_gene_by,600,4000,4,0,0,0,0.0,,0
20162,0,0,pooled_guide_bh,600,4000,4,0,0,0,0.0,,0
20162,0,0,whole_gene_bh,600,4000,4,0,0,0,0.0,,0
20162,0,0,whole_gene_by,600,4000,4,0,0,0,0.0,,0
20163,0,0,pooled_guide_bh,600,4000,4,0,0,0,0.0,,0
20163,0,0,whole_gene_bh,600,4000,4,0,0,0,0.0,,0
20163,0,0,whole_gene_by,600,4000,4,0,0,0,0.0,,0
20164,0,0,pooled_guide_bh,600,4000,4,0,0,0,0.0,,0
20164,0,0,whole_gene_bh,600,4000,4,0,0,0,0.0,,0
20164,0,0,whole_gene_by,600,4000,4,0,0,0,0.0,,0
20165,0,0,pooled_guide_bh,600,4000,4,0,0,0,0.0,,0
20165,0,0,whole_gene_bh,600,4000,4,0,0,0,0.0,,0
20165,0,0,whole_gene_by,600,4000,4,0,0,0,0.0,,0
20166,0,0,pooled_guide_bh,600,4000,4,0,0,0,0.0,,0
20166,0,0,whole_gene_bh,600,4000,4,0,0,0,0.0,,0
20166,0,0,whole_gene_by,600,4000,4,0,0,0,0.0,,0
20167,0,0,pooled_guide_bh,600,4000,4,0,0,0,0.0,,0
20167,0,0,whole_gene_bh,600,4000,4,0,0,0,0.0,,0
20167,0,0,whole_gene_by,600,4000,4,0,0,0,0.0,,0
20168,0,0,pooled_guide_bh,600,4000,4,0,0,0,0.0,,0
20168,0,0,whole_gene_bh,600,4000,4,0,0,0,0.0,,0
20168,0,0,whole_gene_by,600,4000,4,0,0,0,0.0,,0
20169,0,0,pooled_guide_bh,600,4000,4,0,0,0,0.0,,0
20169,0,0,whole_gene_bh,600,4000,4,0,0,0,0.0,,0
20169,0,0,whole_gene_by,600,4000,4,0,0,0,0.0,,0
20170,0,0,pooled_guide_bh,600,4000,4,0,0,0,0.0,,0
20170,0,0,whole_gene_bh,600,4000,4,0,0,0,0.0,,0
20170,0,0,whole_gene_by,600,4000,4,0,0,0,0.0,,0
20171,0,0,pooled_guide_bh,600,4000,4,0,0,0,0.0,,0
20171,0,0,whole_gene_bh,600,4000,4,0,0,0,0.0,,0
20171,0,0,whole_gene_by,600,4000,4,0,0,0,0.0,,0
20172,0,0,pooled_guide_bh,600,4000,4,0,1,1,1.0,,1
20172,0,0,whole_gene_bh,600,4000,4,0,0,0,0.0,,0
20172,0,0,whole_gene_by,600,4000,4,0,0,0,0.0,,0
20173,0,0,pooled_guide_bh,600,4000,4,0,0,0,0.0,,0
20173,0,0,whole_gene_bh,600,4000,4,0,0,0,0.0,,0
20173,0,0,whole_gene_by,600,4000,4,0,0,0,0.0,,0
20174,0,0,pooled_guide_bh,600,4000,4,0,0,0,0.0,,0
20174,0,0,whole_gene_bh,600,4000,4,0,0,0,0.0,,0
20174,0,0,whole_gene_by,600,4000,4,0,0,0,0.0,,0
20175,0,0,pooled_guide_bh,600,4000,4,0,0,0,0.0,,0
20175,0,0,whole_gene_bh,600,4000,4,0,0,0,0.0,,0
20175,0,0,whole_gene_by,600,4000,4,0,0,0,0.0,,0
20176,0,0,pooled_guide_bh,600,4000,4,0,0,0,0.0,,0
20176,0,0,whole_gene_bh,600,4000,4,0,0,0,0.0,,0
20176,0,0,whole_gene_by,600,4000,4,0,0,0,0.0,,0
20177,0,0,pooled_guide_bh,600,4000,4,0,0,0,0.0,,0
20177,0,0,whole_gene_bh,600,4000,4,0,0,0,0.0,,0
20177,0,0,whole_gene_by,600,4000,4,0,0,0,0.0,,0
20178,0,0,pooled_guide_bh,600,4000,4,0,0,0,0.0,,0
20178,0,0,whole_gene_bh,600,4000,4,0,0,0,0.0,,0
20178,0,0,whole_gene_by,600,4000,4,0,0,0,0.0,,0
20179,0,0,pooled_guide_bh,600,4000,4,0,0,0,0.0,,0
20179,0,0,whole_gene_bh,600,4000,4,0,0,0,0.0,,0
20179,0,0,whole_gene_by,600,4000,4,0,0,0,0.0,,0
20180,0,0,pooled_guide_bh,600,4000,4,0,0,0,0.0,,0
20180,0,0,whole_gene_bh,600,4000,4,0,0,0,0.0,,0
20180,0,0,whole_gene_by,600,4000,4,0,0,0,0.0,,0
20181,0,0,pooled_guide_bh,600,4000,4,0,0,0,0.0,,0
20181,0,0,whole_gene_bh,600,4000,4,0,0,0,0.0,,0
20181,0,0,whole_gene_by,600,4000,4,0,0,0,0.0,,0
20182,0,0,pooled_guide_bh,600,4000,4,0,0,0,0.0,,0
20182,0,0,whole_gene_bh,600,4000,4,0,0,0,0.0,,0
20182,0,0,whole_gene_by,600,4000,4,0,0,0,0.0,,0
20183,0,0,pooled_guide_bh,600,4000,4,0,0,0,0.0,,0
20183,0,0,whole_gene_bh,600,4000,4,0,0,0,0.0,,0
20183,0,0,whole_gene_by,600,4000,4,0,0,0,0.0,,0
20184,0,0,pooled_guide_bh,600,4000,4,0,0,0,0.0,,0
20184,0,0,whole_gene_bh,600,4000,4,0,0,0,0.0,,0
20184,0,0,whole_gene_by,600,4000,4,0,0,0,0.0,,0
20185,0,0,pooled_guide_bh,600,4000,4,0,0,0,0.0,,0
20185,0,0,whole_gene_bh,600,4000,4,0,0,0,0.0,,0
20185,0,0,whole_gene_by,600,4000,4,0,0,0,0.0,,0
20186,0,0,pooled_guide_bh,600,4000,4,0,0,0,0.0,,0
20186,0,0,whole_gene_bh,600,4000,4,0,0,0,0.0,,0
20186,0,0,whole_gene_by,600,4000,4,0,0,0,0.0,,0
20187,0,0,pooled_guide_bh,600,4000,4,0,0,0,0.0,,0
20187,0,0,whole_gene_bh,600,4000,4,0,0,0,0.0,,0
20187,0,0,whole_gene_by,600,4000,4,0,0,0,0.0,,0
20188,0,0,pooled_guide_bh,600,4000,4,0,0,0,0.0,,0
20188,0,0,whole_gene_bh,600,4000,4,0,0,0,0.0,,0
20188,0,0,whole_gene_by,600,4000,4,0,0,0,0.0,,0
20189,0,0,pooled_guide_bh,600,4000,4,0,0,0,0.0,,0
20189,0,0,whole_gene_bh,600,4000,4,0,0,0,0.0,,0
20189,0,0,whole_gene_by,600,4000,4,0,0,0,0.0,,0
20190,0,0,pooled_guide_bh,600,4000,4,0,0,0,0.0,,0
20190,0,0,whole_gene_bh,600,4000,4,0,0,0,0.0,,0
20190,0,0,whole_gene_by,600,4000,4,0,0,0,0.0,,0
20191,0,0,pooled_guide_bh,600,4000,4,0,0,0,0.0,,0
20191,0,0,whole_gene_bh,600,4000,4,0,0,0,0.0,,0
20191,0,0,whole_gene_by,600,4000,4,0,0,0,0.0,,0
20192,0,0,pooled_guide_bh,600,4000,4,0,1,1,1.0,,1
20192,0,0,whole_gene_bh,600,4000,4,0,0,0,0.0,,0
20192,0,0,whole_gene_by,600,4000,4,0,0,0,0.0,,0
20193,0,0,pooled_guide_bh,600,4000,4,0,0,0,0.0,,0
20193,0,0,whole_gene_bh,600,4000,4,0,0,0,0.0,,0
20193,0,0,whole_gene_by,600,4000,4,0,0,0,0.0,,0
20194,0,0,pooled_guide_bh,600,4000,4,0,0,0,0.0,,0
20194,0,0,whole_gene_bh,600,4000,4,0,0,0,0.0,,0
20194,0,0,whole_gene_by,600,4000,4,0,0,0,0.0,,0
20195,0,0,pooled_guide_bh,600,4000,4,0,0,0,0.0,,0
20195,0,0,whole_gene_bh,600,4000,4,0,0,0,0.0,,0
20195,0,0,whole_gene_by,600,4000,4,0,0,0,0.0,,0
20196,0,0,pooled_guide_bh,600,4000,4,0,0,0,0.0,,0
20196,0,0,whole_gene_bh,600,4000,4,0,0,0,0.0,,0
20196,0,0,whole_gene_by,600,4000,4,0,0,0,0.0,,0
20197,0,0,pooled_guide_bh,600,4000,4,0,0,0,0.0,,0
20197,0,0,whole_gene_bh,600,4000,4,0,0,0,0.0,,0
20197,0,0,whole_gene_by,600,4000,4,0,0,0,0.0,,0
20198,0,0,pooled_guide_bh,600,4000,4,0,0,0,0.0,,0
20198,0,0,whole_gene_bh,600,4000,4,0,0,0,0.0,,0
20198,0,0,whole_gene_by,600,4000,4,0,0,0,0.0,,0
20199,0,0,pooled_guide_bh,600,4000,4,0,0,0,0.0,,0
20199,0,0,whole_gene_bh,600,4000,4,0,0,0,0.0,,0
20199,0,0,whole_gene_by,600,4000,4,0,0,0,0.0,,0
20000,0,1,pooled_guide_bh,600,4000,4,120,3,123,0.024390243902439025,1.0,1
20000,0,1,whole_gene_bh,600,4000,4,120,5,125,0.04,1.0,1
20000,0,1,whole_gene_by,600,4000,4,120,0,120,0.0,1.0,0
20001,0,1,pooled_guide_bh,600,4000,4,120,5,125,0.04,1.0,1
20001,0,1,whole_gene_bh,600,4000,4,120,5,125,0.04,1.0,1
20001,0,1,whole_gene_by,600,4000,4,120,2,122,0.01639344262295082,1.0,1
20002,0,1,pooled_guide_bh,600,4000,4,120,6,126,0.047619047619047616,1.0,1
20002,0,1,whole_gene_bh,600,4000,4,120,6,126,0.047619047619047616,1.0,1
20002,0,1,whole_gene_by,600,4000,4,120,1,121,0.008264462809917356,1.0,1
20003,0,1,pooled_guide_bh,600,4000,4,120,8,128,0.0625,1.0,1
20003,0,1,whole_gene_bh,600,4000,4,120,8,128,0.0625,1.0,1
20003,0,1,whole_gene_by,600,4000,4,120,3,123,0.024390243902439025,1.0,1
20004,0,1,pooled_guide_bh,600,4000,4,120,5,125,0.04,1.0,1
20004,0,1,whole_gene_bh,600,4000,4,120,4,124,0.03225806451612903,1.0,1
20004,0,1,whole_gene_by,600,4000,4,120,0,120,0.0,1.0,0
20005,0,1,pooled_guide_bh,600,4000,4,120,5,125,0.04,1.0,1
20005,0,1,whole_gene_bh,600,4000,4,120,5,125,0.04,1.0,1
20005,0,1,whole_gene_by,600,4000,4,120,1,121,0.008264462809917356,1.0,1
20006,0,1,pooled_guide_bh,600,4000,4,120,4,124,0.03225806451612903,1.0,1
20006,0,1,whole_gene_bh,600,4000,4,120,4,124,0.03225806451612903,1.0,1
20006,0,1,whole_gene_by,600,4000,4,120,0,120,0.0,1.0,0
20007,0,1,pooled_guide_bh,600,4000,4,120,8,128,0.0625,1.0,1
20007,0,1,whole_gene_bh,600,4000,4,120,8,128,0.0625,1.0,1
20007,0,1,whole_gene_by,600,4000,4,120,1,121,0.008264462809917356,1.0,1
20008,0,1,pooled_guide_bh,600,4000,4,120,3,123,0.024390243902439025,1.0,1
20008,0,1,whole_gene_bh,600,4000,4,120,3,123,0.024390243902439025,1.0,1
20008,0,1,whole_gene_by,600,4000,4,120,1,121,0.008264462809917356,1.0,1
20009,0,1,pooled_guide_bh,600,4000,4,120,7,127,0.05511811023622047,1.0,1
20009,0,1,whole_gene_bh,600,4000,4,120,4,124,0.03225806451612903,1.0,1
20009,0,1,whole_gene_by,600,4000,4,120,0,120,0.0,1.0,0
20010,0,1,pooled_guide_bh,600,4000,4,120,3,123,0.024390243902439025,1.0,1
20010,0,1,whole_gene_bh,600,4000,4,120,3,123,0.024390243902439025,1.0,1
20010,0,1,whole_gene_by,600,4000,4,120,2,122,0.01639344262295082,1.0,1
20011,0,1,pooled_guide_bh,600,4000,4,120,5,125,0.04,1.0,1
20011,0,1,whole_gene_bh,600,4000,4,120,5,125,0.04,1.0,1
20011,0,1,whole_gene_by,600,4000,4,120,1,121,0.008264462809917356,1.0,1
20012,0,1,pooled_guide_bh,600,4000,4,120,6,126,0.047619047619047616,1.0,1
20012,0,1,whole_gene_bh,600,4000,4,120,6,126,0.047619047619047616,1.0,1
20012,0,1,whole_gene_by,600,4000,4,120,0,120,0.0,1.0,0
20013,0,1,pooled_guide_bh,600,4000,4,120,3,123,0.024390243902439025,1.0,1
20013,0,1,whole_gene_bh,600,4000,4,120,1,121,0.008264462809917356,1.0,1
20013,0,1,whole_gene_by,600,4000,4,120,0,120,0.0,1.0,0
20014,0,1,pooled_guide_bh,600,4000,4,120,5,125,0.04,1.0,1
20014,0,1,whole_gene_bh,600,4000,4,120,4,124,0.03225806451612903,1.0,1
20014,0,1,whole_gene_by,600,4000,4,120,0,120,0.0,1.0,0
20015,0,1,pooled_guide_bh,600,4000,4,120,9,129,0.06976744186046512,1.0,1
20015,0,1,whole_gene_bh,600,4000,4,120,12,132,0.09090909090909091,1.0,1
20015,0,1,whole_gene_by,600,4000,4,120,0,120,0.0,1.0,0
20016,0,1,pooled_guide_bh,600,4000,4,120,2,122,0.01639344262295082,1.0,1
20016,0,1,whole_gene_bh,600,4000,4,120,2,122,0.01639344262295082,1.0,1
20016,0,1,whole_gene_by,600,4000,4,120,0,120,0.0,1.0,0
20017,0,1,pooled_guide_bh,600,4000,4,120,5,125,0.04,1.0,1
20017,0,1,whole_gene_bh,600,4000,4,120,11,131,0.08396946564885496,1.0,1
20017,0,1,whole_gene_by,600,4000,4,120,1,121,0.008264462809917356,1.0,1
20018,0,1,pooled_guide_bh,600,4000,4,120,5,125,0.04,1.0,1
20018,0,1,whole_gene_bh,600,4000,4,120,5,125,0.04,1.0,1
20018,0,1,whole_gene_by,600,4000,4,120,0,120,0.0,1.0,0
20019,0,1,pooled_guide_bh,600,4000,4,120,3,123,0.024390243902439025,1.0,1
20019,0,1,whole_gene_bh,600,4000,4,120,3,123,0.024390243902439025,1.0,1
20019,0,1,whole_gene_by,600,4000,4,120,1,121,0.008264462809917356,1.0,1
20020,0,1,pooled_guide_bh,600,4000,4,120,10,130,0.07692307692307693,1.0,1
20020,0,1,whole_gene_bh,600,4000,4,120,7,127,0.05511811023622047,1.0,1
20020,0,1,whole_gene_by,600,4000,4,120,0,120,0.0,1.0,0
20021,0,1,pooled_guide_bh,600,4000,4,120,3,123,0.024390243902439025,1.0,1
20021,0,1,whole_gene_bh,600,4000,4,120,4,124,0.03225806451612903,1.0,1
20021,0,1,whole_gene_by,600,4000,4,120,0,120,0.0,1.0,0
20022,0,1,pooled_guide_bh,600,4000,4,120,5,125,0.04,1.0,1
20022,0,1,whole_gene_bh,600,4000,4,120,5,125,0.04,1.0,1
20022,0,1,whole_gene_by,600,4000,4,120,1,121,0.008264462809917356,1.0,1
20023,0,1,pooled_guide_bh,600,4000,4,120,6,126,0.047619047619047616,1.0,1
20023,0,1,whole_gene_bh,600,4000,4,120,4,124,0.03225806451612903,1.0,1
20023,0,1,whole_gene_by,600,4000,4,120,0,120,0.0,1.0,0
20024,0,1,pooled_guide_bh,600,4000,4,120,5,125,0.04,1.0,1
20024,0,1,whole_gene_bh,600,4000,4,120,3,123,0.024390243902439025,1.0,1
20024,0,1,whole_gene_by,600,4000,4,120,0,120,0.0,1.0,0
20025,0,1,pooled_guide_bh,600,4000,4,120,5,125,0.04,1.0,1
20025,0,1,whole_gene_bh,600,4000,4,120,5,125,0.04,1.0,1
20025,0,1,whole_gene_by,600,4000,4,120,0,120,0.0,1.0,0
20026,0,1,pooled_guide_bh,600,4000,4,120,4,124,0.03225806451612903,1.0,1
20026,0,1,whole_gene_bh,600,4000,4,120,4,124,0.03225806451612903,1.0,1
20026,0,1,whole_gene_by,600,4000,4,120,0,120,0.0,1.0,0
20027,0,1,pooled_guide_bh,600,4000,4,120,7,127,0.05511811023622047,1.0,1
20027,0,1,whole_gene_bh,600,4000,4,120,6,126,0.047619047619047616,1.0,1
20027,0,1,whole_gene_by,600,4000,4,120,0,120,0.0,1.0,0
20028,0,1,pooled_guide_bh,600,4000,4,120,1,121,0.008264462809917356,1.0,1
20028,0,1,whole_gene_bh,600,4000,4,120,1,121,0.008264462809917356,1.0,1
20028,0,1,whole_gene_by,600,4000,4,120,0,120,0.0,1.0,0
20029,0,1,pooled_guide_bh,600,4000,4,120,3,123,0.024390243902439025,1.0,1
20029,0,1,whole_gene_bh,600,4000,4,120,3,123,0.024390243902439025,1.0,1
20029,0,1,whole_gene_by,600,4000,4,120,1,121,0.008264462809917356,1.0,1
20030,0,1,pooled_guide_bh,600,4000,4,120,8,128,0.0625,1.0,1
20030,0,1,whole_gene_bh,600,4000,4,120,8,128,0.0625,1.0,1
20030,0,1,whole_gene_by,600,4000,4,120,4,124,0.03225806451612903,1.0,1
20031,0,1,pooled_guide_bh,600,4000,4,120,3,123,0.024390243902439025,1.0,1
20031,0,1,whole_gene_bh,600,4000,4,120,6,126,0.047619047619047616,1.0,1
20031,0,1,whole_gene_by,600,4000,4,120,0,120,0.0,1.0,0
20032,0,1,pooled_guide_bh,600,4000,4,120,3,123,0.024390243902439025,1.0,1
20032,0,1,whole_gene_bh,600,4000,4,120,4,124,0.03225806451612903,1.0,1
20032,0,1,whole_gene_by,600,4000,4,120,0,120,0.0,1.0,0
20033,0,1,pooled_guide_bh,600,4000,4,120,3,123,0.024390243902439025,1.0,1
20033,0,1,whole_gene_bh,600,4000,4,120,5,125,0.04,1.0,1
20033,0,1,whole_gene_by,600,4000,4,120,0,120,0.0,1.0,0
20034,0,1,pooled_guide_bh,600,4000,4,120,3,123,0.024390243902439025,1.0,1
20034,0,1,whole_gene_bh,600,4000,4,120,3,123,0.024390243902439025,1.0,1
20034,0,1,whole_gene_by,600,4000,4,120,0,120,0.0,1.0,0
20035,0,1,pooled_guide_bh,600,4000,4,120,4,124,0.03225806451612903,1.0,1
20035,0,1,whole_gene_bh,600,4000,4,120,4,124,0.03225806451612903,1.0,1
20035,0,1,whole_gene_by,600,4000,4,120,0,120,0.0,1.0,0
20036,0,1,pooled_guide_bh,600,4000,4,120,2,122,0.01639344262295082,1.0,1
20036,0,1,whole_gene_bh,600,4000,4,120,2,122,0.01639344262295082,1.0,1
20036,0,1,whole_gene_by,600,4000,4,120,0,120,0.0,1.0,0
20037,0,1,pooled_guide_bh,600,4000,4,120,5,125,0.04,1.0,1
20037,0,1,whole_gene_bh,600,4000,4,120,4,124,0.03225806451612903,1.0,1
20037,0,1,whole_gene_by,600,4000,4,120,0,120,0.0,1.0,0
20038,0,1,pooled_guide_bh,600,4000,4,120,2,122,0.01639344262295082,1.0,1
20038,0,1,whole_gene_bh,600,4000,4,120,2,122,0.01639344262295082,1.0,1
20038,0,1,whole_gene_by,600,4000,4,120,0,120,0.0,1.0,0
20039,0,1,pooled_guide_bh,600,4000,4,120,4,124,0.03225806451612903,1.0,1
20039,0,1,whole_gene_bh,600,4000,4,120,4,124,0.03225806451612903,1.0,1
20039,0,1,whole_gene_by,600,4000,4,120,0,120,0.0,1.0,0
20040,0,1,pooled_guide_bh,600,4000,4,120,6,126,0.047619047619047616,1.0,1
20040,0,1,whole_gene_bh,600,4000,4,120,6,126,0.047619047619047616,1.0,1
20040,0,1,whole_gene_by,600,4000,4,120,0,120,0.0,1.0,0
20041,0,1,pooled_guide_bh,600,4000,4,120,5,125,0.04,1.0,1
20041,0,1,whole_gene_bh,600,4000,4,120,4,124,0.03225806451612903,1.0,1
20041,0,1,whole_gene_by,600,4000,4,120,1,121,0.008264462809917356,1.0,1
20042,0,1,pooled_guide_bh,600,4000,4,120,4,124,0.03225806451612903,1.0,1
20042,0,1,whole_gene_bh,600,4000,4,120,4,124,0.03225806451612903,1.0,1
20042,0,1,whole_gene_by,600,4000,4,120,1,121,0.008264462809917356,1.0,1
20043,0,1,pooled_guide_bh,600,4000,4,120,8,128,0.0625,1.0,1
20043,0,1,whole_gene_bh,600,4000,4,120,8,128,0.0625,1.0,1
20043,0,1,whole_gene_by,600,4000,4,120,3,123,0.024390243902439025,1.0,1
20044,0,1,pooled_guide_bh,600,4000,4,120,8,128,0.0625,1.0,1
20044,0,1,whole_gene_bh,600,4000,4,120,8,128,0.0625,1.0,1
20044,0,1,whole_gene_by,600,4000,4,120,1,121,0.008264462809917356,1.0,1
20045,0,1,pooled_guide_bh,600,4000,4,120,5,125,0.04,1.0,1
20045,0,1,whole_gene_bh,600,4000,4,120,4,124,0.03225806451612903,1.0,1
20045,0,1,whole_gene_by,600,4000,4,120,1,121,0.008264462809917356,1.0,1
20046,0,1,pooled_guide_bh,600,4000,4,120,0,120,0.0,1.0,0
20046,0,1,whole_gene_bh,600,4000,4,120,1,121,0.008264462809917356,1.0,1
20046,0,1,whole_gene_by,600,4000,4,120,0,120,0.0,1.0,0
20047,0,1,pooled_guide_bh,600,4000,4,120,6,126,0.047619047619047616,1.0,1
20047,0,1,whole_gene_bh,600,4000,4,120,5,125,0.04,1.0,1
20047,0,1,whole_gene_by,600,4000,4,120,2,122,0.01639344262295082,1.0,1
20048,0,1,pooled_guide_bh,600,4000,4,120,6,126,0.047619047619047616,1.0,1
20048,0,1,whole_gene_bh,600,4000,4,120,4,124,0.03225806451612903,1.0,1
20048,0,1,whole_gene_by,600,4000,4,120,1,121,0.008264462809917356,1.0,1
20049,0,1,pooled_guide_bh,600,4000,4,120,9,129,0.06976744186046512,1.0,1
20049,0,1,whole_gene_bh,600,4000,4,120,10,130,0.07692307692307693,1.0,1
20049,0,1,whole_gene_by,600,4000,4,120,0,120,0.0,1.0,0
20050,0,1,pooled_guide_bh,600,4000,4,120,8,128,0.0625,1.0,1
20050,0,1,whole_gene_bh,600,4000,4,120,11,131,0.08396946564885496,1.0,1
20050,0,1,whole_gene_by,600,4000,4,120,1,121,0.008264462809917356,1.0,1
20051,0,1,pooled_guide_bh,600,4000,4,120,8,128,0.0625,1.0,1
20051,0,1,whole_gene_bh,600,4000,4,120,8,128,0.0625,1.0,1
20051,0,1,whole_gene_by,600,4000,4,120,1,121,0.008264462809917356,1.0,1
20052,0,1,pooled_guide_bh,600,4000,4,120,4,124,0.03225806451612903,1.0,1
20052,0,1,whole_gene_bh,600,4000,4,120,3,123,0.024390243902439025,1.0,1
20052,0,1,whole_gene_by,600,4000,4,120,0,120,0.0,1.0,0
20053,0,1,pooled_guide_bh,600,4000,4,120,4,124,0.03225806451612903,1.0,1
20053,0,1,whole_gene_bh,600,4000,4,120,4,124,0.03225806451612903,1.0,1
20053,0,1,whole_gene_by,600,4000,4,120,1,121,0.008264462809917356,1.0,1
20054,0,1,pooled_guide_bh,600,4000,4,120,6,126,0.047619047619047616,1.0,1
20054,0,1,whole_gene_bh,600,4000,4,120,8,128,0.0625,1.0,1
20054,0,1,whole_gene_by,600,4000,4,120,1,121,0.008264462809917356,1.0,1
20055,0,1,pooled_guide_bh,600,4000,4,120,4,124,0.03225806451612903,1.0,1
20055,0,1,whole_gene_bh,600,4000,4,120,4,124,0.03225806451612903,1.0,1
20055,0,1,whole_gene_by,600,4000,4,120,0,120,0.0,1.0,0
20056,0,1,pooled_guide_bh,600,4000,4,120,9,129,0.06976744186046512,1.0,1
20056,0,1,whole_gene_bh,600,4000,4,120,9,129,0.06976744186046512,1.0,1
20056,0,1,whole_gene_by,600,4000,4,120,0,120,0.0,1.0,0
20057,0,1,pooled_guide_bh,600,4000,4,120,7,127,0.05511811023622047,1.0,1
20057,0,1,whole_gene_bh,600,4000,4,120,7,127,0.05511811023622047,1.0,1
20057,0,1,whole_gene_by,600,4000,4,120,1,121,0.008264462809917356,1.0,1
20058,0,1,pooled_guide_bh,600,4000,4,120,6,126,0.047619047619047616,1.0,1
20058,0,1,whole_gene_bh,600,4000,4,120,6,126,0.047619047619047616,1.0,1
20058,0,1,whole_gene_by,600,4000,4,120,1,121,0.008264462809917356,1.0,1
20059,0,1,pooled_guide_bh,600,4000,4,120,10,130,0.07692307692307693,1.0,1
20059,0,1,whole_gene_bh,600,4000,4,120,9,129,0.06976744186046512,1.0,1
20059,0,1,whole_gene_by,600,4000,4,120,0,120,0.0,1.0,0
20060,0,1,pooled_guide_bh,600,4000,4,120,5,125,0.04,1.0,1
20060,0,1,whole_gene_bh,600,4000,4,120,7,127,0.05511811023622047,1.0,1
20060,0,1,whole_gene_by,600,4000,4,120,0,120,0.0,1.0,0
20061,0,1,pooled_guide_bh,600,4000,4,120,4,124,0.03225806451612903,1.0,1
20061,0,1,whole_gene_bh,600,4000,4,120,5,125,0.04,1.0,1
20061,0,1,whole_gene_by,600,4000,4,120,0,120,0.0,1.0,0
20062,0,1,pooled_guide_bh,600,4000,4,120,4,124,0.03225806451612903,1.0,1
20062,0,1,whole_gene_bh,600,4000,4,120,5,125,0.04,1.0,1
20062,0,1,whole_gene_by,600,4000,4,120,1,121,0.008264462809917356,1.0,1
20063,0,1,pooled_guide_bh,600,4000,4,120,11,131,0.08396946564885496,1.0,1
20063,0,1,whole_gene_bh,600,4000,4,120,11,131,0.08396946564885496,1.0,1
20063,0,1,whole_gene_by,600,4000,4,120,2,122,0.01639344262295082,1.0,1
20064,0,1,pooled_guide_bh,600,4000,4,120,8,128,0.0625,1.0,1
20064,0,1,whole_gene_bh,600,4000,4,120,6,126,0.047619047619047616,1.0,1
20064,0,1,whole_gene_by,600,4000,4,120,0,120,0.0,1.0,0
20065,0,1,pooled_guide_bh,600,4000,4,120,9,129,0.06976744186046512,1.0,1
20065,0,1,whole_gene_bh,600,4000,4,120,7,127,0.05511811023622047,1.0,1
20065,0,1,whole_gene_by,600,4000,4,120,2,122,0.01639344262295082,1.0,1
20066,0,1,pooled_guide_bh,600,4000,4,120,5,125,0.04,1.0,1
20066,0,1,whole_gene_bh,600,4000,4,120,5,125,0.04,1.0,1
20066,0,1,whole_gene_by,600,4000,4,120,2,122,0.01639344262295082,1.0,1
20067,0,1,pooled_guide_bh,600,4000,4,120,3,123,0.024390243902439025,1.0,1
20067,0,1,whole_gene_bh,600,4000,4,120,3,123,0.024390243902439025,1.0,1
20067,0,1,whole_gene_by,600,4000,4,120,1,121,0.008264462809917356,1.0,1
20068,0,1,pooled_guide_bh,600,4000,4,120,8,128,0.0625,1.0,1
20068,0,1,whole_gene_bh,600,4000,4,120,8,128,0.0625,1.0,1
20068,0,1,whole_gene_by,600,4000,4,120,0,120,0.0,1.0,0
20069,0,1,pooled_guide_bh,600,4000,4,120,6,126,0.047619047619047616,1.0,1
20069,0,1,whole_gene_bh,600,4000,4,120,9,129,0.06976744186046512,1.0,1
20069,0,1,whole_gene_by,600,4000,4,120,3,123,0.024390243902439025,1.0,1
20070,0,1,pooled_guide_bh,600,4000,4,120,5,125,0.04,1.0,1
20070,0,1,whole_gene_bh,600,4000,4,120,4,124,0.03225806451612903,1.0,1
20070,0,1,whole_gene_by,600,4000,4,120,1,121,0.008264462809917356,1.0,1
20071,0,1,pooled_guide_bh,600,4000,4,120,4,124,0.03225806451612903,1.0,1
20071,0,1,whole_gene_bh,600,4000,4,120,4,124,0.03225806451612903,1.0,1
20071,0,1,whole_gene_by,600,4000,4,120,0,120,0.0,1.0,0
20072,0,1,pooled_guide_bh,600,4000,4,120,4,124,0.03225806451612903,1.0,1
20072,0,1,whole_gene_bh,600,4000,4,120,6,126,0.047619047619047616,1.0,1
20072,0,1,whole_gene_by,600,4000,4,120,0,120,0.0,1.0,0
20073,0,1,pooled_guide_bh,600,4000,4,120,3,123,0.024390243902439025,1.0,1
20073,0,1,whole_gene_bh,600,4000,4,120,4,124,0.03225806451612903,1.0,1
20073,0,1,whole_gene_by,600,4000,4,120,0,120,0.0,1.0,0
20074,0,1,pooled_guide_bh,600,4000,4,120,7,127,0.05511811023622047,1.0,1
20074,0,1,whole_gene_bh,600,4000,4,120,5,125,0.04,1.0,1
20074,0,1,whole_gene_by,600,4000,4,120,0,120,0.0,1.0,0
20075,0,1,pooled_guide_bh,600,4000,4,120,5,125,0.04,1.0,1
20075,0,1,whole_gene_bh,600,4000,4,120,6,126,0.047619047619047616,1.0,1
20075,0,1,whole_gene_by,600,4000,4,120,0,120,0.0,1.0,0
20076,0,1,pooled_guide_bh,600,4000,4,120,9,129,0.06976744186046512,1.0,1
20076,0,1,whole_gene_bh,600,4000,4,120,5,125,0.04,1.0,1
20076,0,1,whole_gene_by,600,4000,4,120,0,120,0.0,1.0,0
20077,0,1,pooled_guide_bh,600,4000,4,120,6,126,0.047619047619047616,1.0,1
20077,0,1,whole_gene_bh,600,4000,4,120,6,126,0.047619047619047616,1.0,1
20077,0,1,whole_gene_by,600,4000,4,120,0,120,0.0,1.0,0
20078,0,1,pooled_guide_bh,600,4000,4,120,3,123,0.024390243902439025,1.0,1
20078,0,1,whole_gene_bh,600,4000,4,120,3,123,0.024390243902439025,1.0,1
20078,0,1,whole_gene_by,600,4000,4,120,0,120,0.0,1.0,0
20079,0,1,pooled_guide_bh,600,4000,4,120,7,127,0.05511811023622047,1.0,1
20079,0,1,whole_gene_bh,600,4000,4,120,7,127,0.05511811023622047,1.0,1
20079,0,1,whole_gene_by,600,4000,4,120,0,120,0.0,1.0,0
20080,0,1,pooled_guide_bh,600,4000,4,120,3,123,0.024390243902439025,1.0,1
20080,0,1,whole_gene_bh,600,4000,4,120,2,122,0.01639344262295082,1.0,1
20080,0,1,whole_gene_by,600,4000,4,120,2,122,0.01639344262295082,1.0,1
20081,0,1,pooled_guide_bh,600,4000,4,120,3,123,0.024390243902439025,1.0,1
20081,0,1,whole_gene_bh,600,4000,4,120,3,123,0.024390243902439025,1.0,1
20081,0,1,whole_gene_by,600,4000,4,120,0,120,0.0,1.0,0
20082,0,1,pooled_guide_bh,600,4000,4,120,3,123,0.024390243902439025,1.0,1
20082,0,1,whole_gene_bh,600,4000,4,120,3,123,0.024390243902439025,1.0,1
20082,0,1,whole_gene_by,600,4000,4,120,0,120,0.0,1.0,0
20083,0,1,pooled_guide_bh,600,4000,4,120,5,125,0.04,1.0,1
20083,0,1,whole_gene_bh,600,4000,4,120,5,125,0.04,1.0,1
20083,0,1,whole_gene_by,600,4000,4,120,0,120,0.0,1.0,0
20084,0,1,pooled_guide_bh,600,4000,4,120,1,121,0.008264462809917356,1.0,1
20084,0,1,whole_gene_bh,600,4000,4,120,2,122,0.01639344262295082,1.0,1
20084,0,1,whole_gene_by,600,4000,4,120,0,120,0.0,1.0,0
20085,0,1,pooled_guide_bh,600,4000,4,120,5,125,0.04,1.0,1
20085,0,1,whole_gene_bh,600,4000,4,120,5,125,0.04,1.0,1
20085,0,1,whole_gene_by,600,4000,4,120,1,121,0.008264462809917356,1.0,1
20086,0,1,pooled_guide_bh,600,4000,4,120,4,124,0.03225806451612903,1.0,1
20086,0,1,whole_gene_bh,600,4000,4,120,6,126,0.047619047619047616,1.0,1
20086,0,1,whole_gene_by,600,4000,4,120,0,120,0.0,1.0,0
20087,0,1,pooled_guide_bh,600,4000,4,120,3,123,0.024390243902439025,1.0,1
20087,0,1,whole_gene_bh,600,4000,4,120,1,121,0.008264462809917356,1.0,1
20087,0,1,whole_gene_by,600,4000,4,120,0,120,0.0,1.0,0
20088,0,1,pooled_guide_bh,600,4000,4,120,5,125,0.04,1.0,1
20088,0,1,whole_gene_bh,600,4000,4,120,2,122,0.01639344262295082,1.0,1
20088,0,1,whole_gene_by,600,4000,4,120,0,120,0.0,1.0,0
20089,0,1,pooled_guide_bh,600,4000,4,120,4,124,0.03225806451612903,1.0,1
20089,0,1,whole_gene_bh,600,4000,4,120,2,122,0.01639344262295082,1.0,1
20089,0,1,whole_gene_by,600,4000,4,120,0,120,0.0,1.0,0
20090,0,1,pooled_guide_bh,600,4000,4,120,5,125,0.04,1.0,1
20090,0,1,whole_gene_bh,600,4000,4,120,6,126,0.047619047619047616,1.0,1
20090,0,1,whole_gene_by,600,4000,4,120,0,120,0.0,1.0,0
20091,0,1,pooled_guide_bh,600,4000,4,120,5,125,0.04,1.0,1
20091,0,1,whole_gene_bh,600,4000,4,120,5,125,0.04,1.0,1
20091,0,1,whole_gene_by,600,4000,4,120,0,120,0.0,1.0,0
20092,0,1,pooled_guide_bh,600,4000,4,120,1,121,0.008264462809917356,1.0,1
20092,0,1,whole_gene_bh,600,4000,4,120,1,121,0.008264462809917356,1.0,1
20092,0,1,whole_gene_by,600,4000,4,120,0,120,0.0,1.0,0
20093,0,1,pooled_guide_bh,600,4000,4,120,8,128,0.0625,1.0,1
20093,0,1,whole_gene_bh,600,4000,4,120,6,126,0.047619047619047616,1.0,1
20093,0,1,whole_gene_by,600,4000,4,120,0,120,0.0,1.0,0
20094,0,1,pooled_guide_bh,600,4000,4,120,5,125,0.04,1.0,1
20094,0,1,whole_gene_bh,600,4000,4,120,5,125,0.04,1.0,1
20094,0,1,whole_gene_by,600,4000,4,120,1,121,0.008264462809917356,1.0,1
20095,0,1,pooled_guide_bh,600,4000,4,120,7,127,0.05511811023622047,1.0,1
20095,0,1,whole_gene_bh,600,4000,4,120,13,133,0.09774436090225563,1.0,1
20095,0,1,whole_gene_by,600,4000,4,120,3,123,0.024390243902439025,1.0,1
20096,0,1,pooled_guide_bh,600,4000,4,120,5,125,0.04,1.0,1
20096,0,1,whole_gene_bh,600,4000,4,120,5,125,0.04,1.0,1
20096,0,1,whole_gene_by,600,4000,4,120,0,120,0.0,1.0,0
20097,0,1,pooled_guide_bh,600,4000,4,120,8,128,0.0625,1.0,1
20097,0,1,whole_gene_bh,600,4000,4,120,8,128,0.0625,1.0,1
20097,0,1,whole_gene_by,600,4000,4,120,0,120,0.0,1.0,0
20098,0,1,pooled_guide_bh,600,4000,4,120,7,127,0.05511811023622047,1.0,1
20098,0,1,whole_gene_bh,600,4000,4,120,7,127,0.05511811023622047,1.0,1
20098,0,1,whole_gene_by,600,4000,4,120,1,121,0.008264462809917356,1.0,1
20099,0,1,pooled_guide_bh,600,4000,4,120,6,126,0.047619047619047616,1.0,1
20099,0,1,whole_gene_bh,600,4000,4,120,6,126,0.047619047619047616,1.0,1
20099,0,1,whole_gene_by,600,4000,4,120,0,120,0.0,1.0,0
20100,0,1,pooled_guide_bh,600,4000,4,120,3,123,0.024390243902439025,1.0,1
20100,0,1,whole_gene_bh,600,4000,4,120,3,123,0.024390243902439025,1.0,1
20100,0,1,whole_gene_by,600,4000,4,120,0,120,0.0,1.0,0
20101,0,1,pooled_guide_bh,600,4000,4,120,2,122,0.01639344262295082,1.0,1
20101,0,1,whole_gene_bh,600,4000,4,120,2,122,0.01639344262295082,1.0,1
20101,0,1,whole_gene_by,600,4000,4,120,0,120,0.0,1.0,0
20102,0,1,pooled_guide_bh,600,4000,4,120,6,126,0.047619047619047616,1.0,1
20102,0,1,whole_gene_bh,600,4000,4,120,6,126,0.047619047619047616,1.0,1
20102,0,1,whole_gene_by,600,4000,4,120,0,120,0.0,1.0,0
20103,0,1,pooled_guide_bh,600,4000,4,120,8,128,0.0625,1.0,1
20103,0,1,whole_gene_bh,600,4000,4,120,5,125,0.04,1.0,1
20103,0,1,whole_gene_by,600,4000,4,120,2,122,0.01639344262295082,1.0,1
20104,0,1,pooled_guide_bh,600,4000,4,120,4,124,0.03225806451612903,1.0,1
20104,0,1,whole_gene_bh,600,4000,4,120,3,123,0.024390243902439025,1.0,1
20104,0,1,whole_gene_by,600,4000,4,120,0,120,0.0,1.0,0
20105,0,1,pooled_guide_bh,600,4000,4,120,2,122,0.01639344262295082,1.0,1
20105,0,1,whole_gene_bh,600,4000,4,120,2,122,0.01639344262295082,1.0,1
20105,0,1,whole_gene_by,600,4000,4,120,0,120,0.0,1.0,0
20106,0,1,pooled_guide_bh,600,4000,4,120,5,125,0.04,1.0,1
20106,0,1,whole_gene_bh,600,4000,4,120,5,125,0.04,1.0,1
20106,0,1,whole_gene_by,600,4000,4,120,0,120,0.0,1.0,0
20107,0,1,pooled_guide_bh,600,4000,4,120,2,122,0.01639344262295082,1.0,1
20107,0,1,whole_gene_bh,600,4000,4,120,2,122,0.01639344262295082,1.0,1
20107,0,1,whole_gene_by,600,4000,4,120,1,121,0.008264462809917356,1.0,1
20108,0,1,pooled_guide_bh,600,4000,4,120,4,124,0.03225806451612903,1.0,1
20108,0,1,whole_gene_bh,600,4000,4,120,3,123,0.024390243902439025,1.0,1
20108,0,1,whole_gene_by,600,4000,4,120,1,121,0.008264462809917356,1.0,1
20109,0,1,pooled_guide_bh,600,4000,4,120,3,123,0.024390243902439025,1.0,1
20109,0,1,whole_gene_bh,600,4000,4,120,5,125,0.04,1.0,1
20109,0,1,whole_gene_by,600,4000,4,120,0,120,0.0,1.0,0
20110,0,1,pooled_guide_bh,600,4000,4,120,10,130,0.07692307692307693,1.0,1
20110,0,1,whole_gene_bh,600,4000,4,120,10,130,0.07692307692307693,1.0,1
20110,0,1,whole_gene_by,600,4000,4,120,2,122,0.01639344262295082,1.0,1
20111,0,1,pooled_guide_bh,600,4000,4,120,1,121,0.008264462809917356,1.0,1
20111,0,1,whole_gene_bh,600,4000,4,120,1,121,0.008264462809917356,1.0,1
20111,0,1,whole_gene_by,600,4000,4,120,1,121,0.008264462809917356,1.0,1
20112,0,1,pooled_guide_bh,600,4000,4,120,7,127,0.05511811023622047,1.0,1
20112,0,1,whole_gene_bh,600,4000,4,120,7,127,0.05511811023622047,1.0,1
20112,0,1,whole_gene_by,600,4000,4,120,0,120,0.0,1.0,0
20113,0,1,pooled_guide_bh,600,4000,4,120,5,125,0.04,1.0,1
20113,0,1,whole_gene_bh,600,4000,4,120,5,125,0.04,1.0,1
20113,0,1,whole_gene_by,600,4000,4,120,1,121,0.008264462809917356,1.0,1
20114,0,1,pooled_guide_bh,600,4000,4,120,9,129,0.06976744186046512,1.0,1
20114,0,1,whole_gene_bh,600,4000,4,120,9,129,0.06976744186046512,1.0,1
20114,0,1,whole_gene_by,600,4000,4,120,1,121,0.008264462809917356,1.0,1
20115,0,1,pooled_guide_bh,600,4000,4,120,0,120,0.0,1.0,0
20115,0,1,whole_gene_bh,600,4000,4,120,0,120,0.0,1.0,0
20115,0,1,whole_gene_by,600,4000,4,120,0,120,0.0,1.0,0
20116,0,1,pooled_guide_bh,600,4000,4,120,5,125,0.04,1.0,1
20116,0,1,whole_gene_bh,600,4000,4,120,5,125,0.04,1.0,1
20116,0,1,whole_gene_by,600,4000,4,120,0,120,0.0,1.0,0
20117,0,1,pooled_guide_bh,600,4000,4,120,3,123,0.024390243902439025,1.0,1
20117,0,1,whole_gene_bh,600,4000,4,120,4,124,0.03225806451612903,1.0,1
20117,0,1,whole_gene_by,600,4000,4,120,1,121,0.008264462809917356,1.0,1
20118,0,1,pooled_guide_bh,600,4000,4,120,4,124,0.03225806451612903,1.0,1
20118,0,1,whole_gene_bh,600,4000,4,120,4,124,0.03225806451612903,1.0,1
20118,0,1,whole_gene_by,600,4000,4,120,0,120,0.0,1.0,0
20119,0,1,pooled_guide_bh,600,4000,4,120,9,129,0.06976744186046512,1.0,1
20119,0,1,whole_gene_bh,600,4000,4,120,7,127,0.05511811023622047,1.0,1
20119,0,1,whole_gene_by,600,4000,4,120,1,121,0.008264462809917356,1.0,1
20120,0,1,pooled_guide_bh,600,4000,4,120,4,124,0.03225806451612903,1.0,1
20120,0,1,whole_gene_bh,600,4000,4,120,5,125,0.04,1.0,1
20120,0,1,whole_gene_by,600,4000,4,120,0,120,0.0,1.0,0
20121,0,1,pooled_guide_bh,600,4000,4,120,4,124,0.03225806451612903,1.0,1
20121,0,1,whole_gene_bh,600,4000,4,120,4,124,0.03225806451612903,1.0,1
20121,0,1,whole_gene_by,600,4000,4,120,0,120,0.0,1.0,0
20122,0,1,pooled_guide_bh,600,4000,4,120,4,124,0.03225806451612903,1.0,1
20122,0,1,whole_gene_bh,600,4000,4,120,6,126,0.047619047619047616,1.0,1
20122,0,1,whole_gene_by,600,4000,4,120,0,120,0.0,1.0,0
20123,0,1,pooled_guide_bh,600,4000,4,120,9,129,0.06976744186046512,1.0,1
20123,0,1,whole_gene_bh,600,4000,4,120,9,129,0.06976744186046512,1.0,1
20123,0,1,whole_gene_by,600,4000,4,120,0,120,0.0,1.0,0
20124,0,1,pooled_guide_bh,600,4000,4,120,8,128,0.0625,1.0,1
20124,0,1,whole_gene_bh,600,4000,4,120,7,127,0.05511811023622047,1.0,1
20124,0,1,whole_gene_by,600,4000,4,120,2,122,0.01639344262295082,1.0,1
20125,0,1,pooled_guide_bh,600,4000,4,120,4,124,0.03225806451612903,1.0,1
20125,0,1,whole_gene_bh,600,4000,4,120,3,123,0.024390243902439025,1.0,1
20125,0,1,whole_gene_by,600,4000,4,120,0,120,0.0,1.0,0
20126,0,1,pooled_guide_bh,600,4000,4,120,6,126,0.047619047619047616,1.0,1
20126,0,1,whole_gene_bh,600,4000,4,120,8,128,0.0625,1.0,1
20126,0,1,whole_gene_by,600,4000,4,120,2,122,0.01639344262295082,1.0,1
20127,0,1,pooled_guide_bh,600,4000,4,120,7,127,0.05511811023622047,1.0,1
20127,0,1,whole_gene_bh,600,4000,4,120,6,126,0.047619047619047616,1.0,1
20127,0,1,whole_gene_by,600,4000,4,120,0,120,0.0,1.0,0
20128,0,1,pooled_guide_bh,600,4000,4,120,2,122,0.01639344262295082,1.0,1
20128,0,1,whole_gene_bh,600,4000,4,120,2,122,0.01639344262295082,1.0,1
20128,0,1,whole_gene_by,600,4000,4,120,1,121,0.008264462809917356,1.0,1
20129,0,1,pooled_guide_bh,600,4000,4,120,8,128,0.0625,1.0,1
20129,0,1,whole_gene_bh,600,4000,4,120,8,128,0.0625,1.0,1
20129,0,1,whole_gene_by,600,4000,4,120,2,122,0.01639344262295082,1.0,1
20130,0,1,pooled_guide_bh,600,4000,4,120,5,125,0.04,1.0,1
20130,0,1,whole_gene_bh,600,4000,4,120,3,123,0.024390243902439025,1.0,1
20130,0,1,whole_gene_by,600,4000,4,120,1,121,0.008264462809917356,1.0,1
20131,0,1,pooled_guide_bh,600,4000,4,120,4,124,0.03225806451612903,1.0,1
20131,0,1,whole_gene_bh,600,4000,4,120,3,123,0.024390243902439025,1.0,1
20131,0,1,whole_gene_by,600,4000,4,120,0,120,0.0,1.0,0
20132,0,1,pooled_guide_bh,600,4000,4,120,4,124,0.03225806451612903,1.0,1
20132,0,1,whole_gene_bh,600,4000,4,120,4,124,0.03225806451612903,1.0,1
20132,0,1,whole_gene_by,600,4000,4,120,0,120,0.0,1.0,0
20133,0,1,pooled_guide_bh,600,4000,4,120,9,129,0.06976744186046512,1.0,1
20133,0,1,whole_gene_bh,600,4000,4,120,9,129,0.06976744186046512,1.0,1
20133,0,1,whole_gene_by,600,4000,4,120,1,121,0.008264462809917356,1.0,1
20134,0,1,pooled_guide_bh,600,4000,4,120,3,123,0.024390243902439025,1.0,1
20134,0,1,whole_gene_bh,600,4000,4,120,3,123,0.024390243902439025,1.0,1
20134,0,1,whole_gene_by,600,4000,4,120,0,120,0.0,1.0,0
20135,0,1,pooled_guide_bh,600,4000,4,120,7,127,0.05511811023622047,1.0,1
20135,0,1,whole_gene_bh,600,4000,4,120,6,126,0.047619047619047616,1.0,1
20135,0,1,whole_gene_by,600,4000,4,120,1,121,0.008264462809917356,1.0,1
20136,0,1,pooled_guide_bh,600,4000,4,120,3,123,0.024390243902439025,1.0,1
20136,0,1,whole_gene_bh,600,4000,4,120,2,122,0.01639344262295082,1.0,1
20136,0,1,whole_gene_by,600,4000,4,120,0,120,0.0,1.0,0
20137,0,1,pooled_guide_bh,600,4000,4,120,6,126,0.047619047619047616,1.0,1
20137,0,1,whole_gene_bh,600,4000,4,120,7,127,0.05511811023622047,1.0,1
20137,0,1,whole_gene_by,600,4000,4,120,1,121,0.008264462809917356,1.0,1
20138,0,1,pooled_guide_bh,600,4000,4,120,12,132,0.09090909090909091,1.0,1
20138,0,1,whole_gene_bh,600,4000,4,120,9,129,0.06976744186046512,1.0,1
20138,0,1,whole_gene_by,600,4000,4,120,2,122,0.01639344262295082,1.0,1
20139,0,1,pooled_guide_bh,600,4000,4,120,7,127,0.05511811023622047,1.0,1
20139,0,1,whole_gene_bh,600,4000,4,120,7,127,0.05511811023622047,1.0,1
20139,0,1,whole_gene_by,600,4000,4,120,1,121,0.008264462809917356,1.0,1
20140,0,1,pooled_guide_bh,600,4000,4,120,4,124,0.03225806451612903,1.0,1
20140,0,1,whole_gene_bh,600,4000,4,120,4,124,0.03225806451612903,1.0,1
20140,0,1,whole_gene_by,600,4000,4,120,0,120,0.0,1.0,0
20141,0,1,pooled_guide_bh,600,4000,4,120,7,127,0.05511811023622047,1.0,1
20141,0,1,whole_gene_bh,600,4000,4,120,7,127,0.05511811023622047,1.0,1
20141,0,1,whole_gene_by,600,4000,4,120,1,121,0.008264462809917356,1.0,1
20142,0,1,pooled_guide_bh,600,4000,4,120,0,120,0.0,1.0,0
20142,0,1,whole_gene_bh,600,4000,4,120,0,120,0.0,1.0,0
20142,0,1,whole_gene_by,600,4000,4,120,0,120,0.0,1.0,0
20143,0,1,pooled_guide_bh,600,4000,4,120,2,122,0.01639344262295082,1.0,1
20143,0,1,whole_gene_bh,600,4000,4,120,2,122,0.01639344262295082,1.0,1
20143,0,1,whole_gene_by,600,4000,4,120,0,120,0.0,1.0,0
20144,0,1,pooled_guide_bh,600,4000,4,120,6,126,0.047619047619047616,1.0,1
20144,0,1,whole_gene_bh,600,4000,4,120,4,124,0.03225806451612903,1.0,1
20144,0,1,whole_gene_by,600,4000,4,120,2,122,0.01639344262295082,1.0,1
20145,0,1,pooled_guide_bh,600,4000,4,120,4,124,0.03225806451612903,1.0,1
20145,0,1,whole_gene_bh,600,4000,4,120,4,124,0.03225806451612903,1.0,1
20145,0,1,whole_gene_by,600,4000,4,120,1,121,0.008264462809917356,1.0,1
20146,0,1,pooled_guide_bh,600,4000,4,120,4,124,0.03225806451612903,1.0,1
20146,0,1,whole_gene_bh,600,4000,4,120,4,124,0.03225806451612903,1.0,1
20146,0,1,whole_gene_by,600,4000,4,120,1,121,0.008264462809917356,1.0,1
20147,0,1,pooled_guide_bh,600,4000,4,120,7,127,0.05511811023622047,1.0,1
20147,0,1,whole_gene_bh,600,4000,4,120,7,127,0.05511811023622047,1.0,1
20147,0,1,whole_gene_by,600,4000,4,120,1,121,0.008264462809917356,1.0,1
20148,0,1,pooled_guide_bh,600,4000,4,120,2,122,0.01639344262295082,1.0,1
20148,0,1,whole_gene_bh,600,4000,4,120,6,126,0.047619047619047616,1.0,1
20148,0,1,whole_gene_by,600,4000,4,120,0,120,0.0,1.0,0
20149,0,1,pooled_guide_bh,600,4000,4,120,6,126,0.047619047619047616,1.0,1
20149,0,1,whole_gene_bh,600,4000,4,120,4,124,0.03225806451612903,1.0,1
20149,0,1,whole_gene_by,600,4000,4,120,1,121,0.008264462809917356,1.0,1
20150,0,1,pooled_guide_bh,600,4000,4,120,1,121,0.008264462809917356,1.0,1
20150,0,1,whole_gene_bh,600,4000,4,120,1,121,0.008264462809917356,1.0,1
20150,0,1,whole_gene_by,600,4000,4,120,0,120,0.0,1.0,0
20151,0,1,pooled_guide_bh,600,4000,4,120,1,121,0.008264462809917356,1.0,1
20151,0,1,whole_gene_bh,600,4000,4,120,1,121,0.008264462809917356,1.0,1
20151,0,1,whole_gene_by,600,4000,4,120,0,120,0.0,1.0,0
20152,0,1,pooled_guide_bh,600,4000,4,120,4,124,0.03225806451612903,1.0,1
20152,0,1,whole_gene_bh,600,4000,4,120,5,125,0.04,1.0,1
20152,0,1,whole_gene_by,600,4000,4,120,0,120,0.0,1.0,0
20153,0,1,pooled_guide_bh,600,4000,4,120,3,123,0.024390243902439025,1.0,1
20153,0,1,whole_gene_bh,600,4000,4,120,3,123,0.024390243902439025,1.0,1
20153,0,1,whole_gene_by,600,4000,4,120,1,121,0.008264462809917356,1.0,1
20154,0,1,pooled_guide_bh,600,4000,4,120,8,128,0.0625,1.0,1
20154,0,1,whole_gene_bh,600,4000,4,120,8,128,0.0625,1.0,1
20154,0,1,whole_gene_by,600,4000,4,120,0,120,0.0,1.0,0
20155,0,1,pooled_guide_bh,600,4000,4,120,4,124,0.03225806451612903,1.0,1
20155,0,1,whole_gene_bh,600,4000,4,120,6,126,0.047619047619047616,1.0,1
20155,0,1,whole_gene_by,600,4000,4,120,2,122,0.01639344262295082,1.0,1
20156,0,1,pooled_guide_bh,600,4000,4,120,4,124,0.03225806451612903,1.0,1
20156,0,1,whole_gene_bh,600,4000,4,120,4,124,0.03225806451612903,1.0,1
20156,0,1,whole_gene_by,600,4000,4,120,0,120,0.0,1.0,0
20157,0,1,pooled_guide_bh,600,4000,4,120,11,131,0.08396946564885496,1.0,1
20157,0,1,whole_gene_bh,600,4000,4,120,12,132,0.09090909090909091,1.0,1
20157,0,1,whole_gene_by,600,4000,4,120,0,120,0.0,1.0,0
20158,0,1,pooled_guide_bh,600,4000,4,120,7,127,0.05511811023622047,1.0,1
20158,0,1,whole_gene_bh,600,4000,4,120,7,127,0.05511811023622047,1.0,1
20158,0,1,whole_gene_by,600,4000,4,120,1,121,0.008264462809917356,1.0,1
20159,0,1,pooled_guide_bh,600,4000,4,120,5,125,0.04,1.0,1
20159,0,1,whole_gene_bh,600,4000,4,120,5,125,0.04,1.0,1
20159,0,1,whole_gene_by,600,4000,4,120,0,120,0.0,1.0,0
20160,0,1,pooled_guide_bh,600,4000,4,120,4,124,0.03225806451612903,1.0,1
20160,0,1,whole_gene_bh,600,4000,4,120,5,125,0.04,1.0,1
20160,0,1,whole_gene_by,600,4000,4,120,1,121,0.008264462809917356,1.0,1
20161,0,1,pooled_guide_bh,600,4000,4,120,4,124,0.03225806451612903,1.0,1
20161,0,1,whole_gene_bh,600,4000,4,120,4,124,0.03225806451612903,1.0,1
20161,0,1,whole_gene_by,600,4000,4,120,0,120,0.0,1.0,0
20162,0,1,pooled_guide_bh,600,4000,4,120,6,126,0.047619047619047616,1.0,1
20162,0,1,whole_gene_bh,600,4000,4,120,6,126,0.047619047619047616,1.0,1
20162,0,1,whole_gene_by,600,4000,4,120,0,120,0.0,1.0,0
20163,0,1,pooled_guide_bh,600,4000,4,120,12,132,0.09090909090909091,1.0,1
20163,0,1,whole_gene_bh,600,4000,4,120,11,131,0.08396946564885496,1.0,1
20163,0,1,whole_gene_by,600,4000,4,120,2,122,0.01639344262295082,1.0,1
20164,0,1,pooled_guide_bh,600,4000,4,120,6,126,0.047619047619047616,1.0,1
20164,0,1,whole_gene_bh,600,4000,4,120,6,126,0.047619047619047616,1.0,1
20164,0,1,whole_gene_by,600,4000,4,120,1,121,0.008264462809917356,1.0,1
20165,0,1,pooled_guide_bh,600,4000,4,120,5,125,0.04,1.0,1
20165,0,1,whole_gene_bh,600,4000,4,120,5,125,0.04,1.0,1
20165,0,1,whole_gene_by,600,4000,4,120,0,120,0.0,1.0,0
20166,0,1,pooled_guide_bh,600,4000,4,120,3,123,0.024390243902439025,1.0,1
20166,0,1,whole_gene_bh,600,4000,4,120,3,123,0.024390243902439025,1.0,1
20166,0,1,whole_gene_by,600,4000,4,120,1,121,0.008264462809917356,1.0,1
20167,0,1,pooled_guide_bh,600,4000,4,120,8,128,0.0625,1.0,1
20167,0,1,whole_gene_bh,600,4000,4,120,9,129,0.06976744186046512,1.0,1
20167,0,1,whole_gene_by,600,4000,4,120,0,120,0.0,1.0,0
20168,0,1,pooled_guide_bh,600,4000,4,120,8,128,0.0625,1.0,1
20168,0,1,whole_gene_bh,600,4000,4,120,7,127,0.05511811023622047,1.0,1
20168,0,1,whole_gene_by,600,4000,4,120,0,120,0.0,1.0,0
20169,0,1,pooled_guide_bh,600,4000,4,120,10,130,0.07692307692307693,1.0,1
20169,0,1,whole_gene_bh,600,4000,4,120,10,130,0.07692307692307693,1.0,1
20169,0,1,whole_gene_by,600,4000,4,120,4,124,0.03225806451612903,1.0,1
20170,0,1,pooled_guide_bh,600,4000,4,120,5,125,0.04,1.0,1
20170,0,1,whole_gene_bh,600,4000,4,120,5,125,0.04,1.0,1
20170,0,1,whole_gene_by,600,4000,4,120,0,120,0.0,1.0,0
20171,0,1,pooled_guide_bh,600,4000,4,120,2,122,0.01639344262295082,1.0,1
20171,0,1,whole_gene_bh,600,4000,4,120,2,122,0.01639344262295082,1.0,1
20171,0,1,whole_gene_by,600,4000,4,120,0,120,0.0,1.0,0
20172,0,1,pooled_guide_bh,600,4000,4,120,3,123,0.024390243902439025,1.0,1
20172,0,1,whole_gene_bh,600,4000,4,120,6,126,0.047619047619047616,1.0,1
20172,0,1,whole_gene_by,600,4000,4,120,1,121,0.008264462809917356,1.0,1
20173,0,1,pooled_guide_bh,600,4000,4,120,2,122,0.01639344262295082,1.0,1
20173,0,1,whole_gene_bh,600,4000,4,120,2,122,0.01639344262295082,1.0,1
20173,0,1,whole_gene_by,600,4000,4,120,0,120,0.0,1.0,0
20174,0,1,pooled_guide_bh,600,4000,4,120,8,128,0.0625,1.0,1
20174,0,1,whole_gene_bh,600,4000,4,120,6,126,0.047619047619047616,1.0,1
20174,0,1,whole_gene_by,600,4000,4,120,0,120,0.0,1.0,0
20175,0,1,pooled_guide_bh,600,4000,4,120,5,125,0.04,1.0,1
20175,0,1,whole_gene_bh,600,4000,4,120,5,125,0.04,1.0,1
20175,0,1,whole_gene_by,600,4000,4,120,0,120,0.0,1.0,0
20176,0,1,pooled_guide_bh,600,4000,4,120,3,123,0.024390243902439025,1.0,1
20176,0,1,whole_gene_bh,600,4000,4,120,4,124,0.03225806451612903,1.0,1
20176,0,1,whole_gene_by,600,4000,4,120,0,120,0.0,1.0,0
20177,0,1,pooled_guide_bh,600,4000,4,120,8,128,0.0625,1.0,1
20177,0,1,whole_gene_bh,600,4000,4,120,6,126,0.047619047619047616,1.0,1
20177,0,1,whole_gene_by,600,4000,4,120,0,120,0.0,1.0,0
20178,0,1,pooled_guide_bh,600,4000,4,120,3,123,0.024390243902439025,1.0,1
20178,0,1,whole_gene_bh,600,4000,4,120,4,124,0.03225806451612903,1.0,1
20178,0,1,whole_gene_by,600,4000,4,120,2,122,0.01639344262295082,1.0,1
20179,0,1,pooled_guide_bh,600,4000,4,120,7,127,0.05511811023622047,1.0,1
20179,0,1,whole_gene_bh,600,4000,4,120,5,125,0.04,1.0,1
20179,0,1,whole_gene_by,600,4000,4,120,1,121,0.008264462809917356,1.0,1
20180,0,1,pooled_guide_bh,600,4000,4,120,3,123,0.024390243902439025,1.0,1
20180,0,1,whole_gene_bh,600,4000,4,120,3,123,0.024390243902439025,1.0,1
20180,0,1,whole_gene_by,600,4000,4,120,2,122,0.01639344262295082,1.0,1
20181,0,1,pooled_guide_bh,600,4000,4,120,5,125,0.04,1.0,1
20181,0,1,whole_gene_bh,600,4000,4,120,5,125,0.04,1.0,1
20181,0,1,whole_gene_by,600,4000,4,120,2,122,0.01639344262295082,1.0,1
20182,0,1,pooled_guide_bh,600,4000,4,120,5,125,0.04,1.0,1
20182,0,1,whole_gene_bh,600,4000,4,120,5,125,0.04,1.0,1
20182,0,1,whole_gene_by,600,4000,4,120,0,120,0.0,1.0,0
20183,0,1,pooled_guide_bh,600,4000,4,120,4,124,0.03225806451612903,1.0,1
20183,0,1,whole_gene_bh,600,4000,4,120,3,123,0.024390243902439025,1.0,1
20183,0,1,whole_gene_by,600,4000,4,120,1,121,0.008264462809917356,1.0,1
20184,0,1,pooled_guide_bh,600,4000,4,120,4,124,0.03225806451612903,1.0,1
20184,0,1,whole_gene_bh,600,4000,4,120,4,124,0.03225806451612903,1.0,1
20184,0,1,whole_gene_by,600,4000,4,120,0,120,0.0,1.0,0
20185,0,1,pooled_guide_bh,600,4000,4,120,9,129,0.06976744186046512,1.0,1
20185,0,1,whole_gene_bh,600,4000,4,120,9,129,0.06976744186046512,1.0,1
20185,0,1,whole_gene_by,600,4000,4,120,0,120,0.0,1.0,0
20186,0,1,pooled_guide_bh,600,4000,4,120,1,121,0.008264462809917356,1.0,1
20186,0,1,whole_gene_bh,600,4000,4,120,0,120,0.0,1.0,0
20186,0,1,whole_gene_by,600,4000,4,120,0,120,0.0,1.0,0
20187,0,1,pooled_guide_bh,600,4000,4,120,8,128,0.0625,1.0,1
20187,0,1,whole_gene_bh,600,4000,4,120,7,127,0.05511811023622047,1.0,1
20187,0,1,whole_gene_by,600,4000,4,120,0,120,0.0,1.0,0
20188,0,1,pooled_guide_bh,600,4000,4,120,3,123,0.024390243902439025,1.0,1
20188,0,1,whole_gene_bh,600,4000,4,120,4,124,0.03225806451612903,1.0,1
20188,0,1,whole_gene_by,600,4000,4,120,0,120,0.0,1.0,0
20189,0,1,pooled_guide_bh,600,4000,4,120,3,123,0.024390243902439025,1.0,1
20189,0,1,whole_gene_bh,600,4000,4,120,4,124,0.03225806451612903,1.0,1
20189,0,1,whole_gene_by,600,4000,4,120,0,120,0.0,1.0,0
20190,0,1,pooled_guide_bh,600,4000,4,120,5,125,0.04,1.0,1
20190,0,1,whole_gene_bh,600,4000,4,120,5,125,0.04,1.0,1
20190,0,1,whole_gene_by,600,4000,4,120,0,120,0.0,1.0,0
20191,0,1,pooled_guide_bh,600,4000,4,120,6,126,0.047619047619047616,1.0,1
20191,0,1,whole_gene_bh,600,4000,4,120,6,126,0.047619047619047616,1.0,1
20191,0,1,whole_gene_by,600,4000,4,120,0,120,0.0,1.0,0
20192,0,1,pooled_guide_bh,600,4000,4,120,9,129,0.06976744186046512,1.0,1
20192,0,1,whole_gene_bh,600,4000,4,120,9,129,0.06976744186046512,1.0,1
20192,0,1,whole_gene_by,600,4000,4,120,1,121,0.008264462809917356,1.0,1
20193,0,1,pooled_guide_bh,600,4000,4,120,5,125,0.04,1.0,1
20193,0,1,whole_gene_bh,600,4000,4,120,6,126,0.047619047619047616,1.0,1
20193,0,1,whole_gene_by,600,4000,4,120,0,120,0.0,1.0,0
20194,0,1,pooled_guide_bh,600,4000,4,120,4,124,0.03225806451612903,1.0,1
20194,0,1,whole_gene_bh,600,4000,4,120,3,123,0.024390243902439025,1.0,1
20194,0,1,whole_gene_by,600,4000,4,120,0,120,0.0,1.0,0
20195,0,1,pooled_guide_bh,600,4000,4,120,4,124,0.03225806451612903,1.0,1
20195,0,1,whole_gene_bh,600,4000,4,120,3,123,0.024390243902439025,1.0,1
20195,0,1,whole_gene_by,600,4000,4,120,1,121,0.008264462809917356,1.0,1
20196,0,1,pooled_guide_bh,600,4000,4,120,3,123,0.024390243902439025,1.0,1
20196,0,1,whole_gene_bh,600,4000,4,120,3,123,0.024390243902439025,1.0,1
20196,0,1,whole_gene_by,600,4000,4,120,0,120,0.0,1.0,0
20197,0,1,pooled_guide_bh,600,4000,4,120,8,128,0.0625,1.0,1
20197,0,1,whole_gene_bh,600,4000,4,120,9,129,0.06976744186046512,1.0,1
20197,0,1,whole_gene_by,600,4000,4,120,0,120,0.0,1.0,0
20198,0,1,pooled_guide_bh,600,4000,4,120,1,121,0.008264462809917356,1.0,1
20198,0,1,whole_gene_bh,600,4000,4,120,1,121,0.008264462809917356,1.0,1
20198,0,1,whole_gene_by,600,4000,4,120,0,120,0.0,1.0,0
20199,0,1,pooled_guide_bh,600,4000,4,120,2,122,0.01639344262295082,1.0,1
20199,0,1,whole_gene_bh,600,4000,4,120,2,122,0.01639344262295082,1.0,1
20199,0,1,whole_gene_by,600,4000,4,120,1,121,0.008264462809917356,1.0,1
20000,1,0,pooled_guide_bh,600,4000,4,0,47,47,1.0,,1
20000,1,0,whole_gene_bh,600,4000,4,0,0,0,0.0,,0
20000,1,0,whole_gene_by,600,4000,4,0,0,0,0.0,,0
20001,1,0,pooled_guide_bh,600,4000,4,0,37,37,1.0,,1
20001,1,0,whole_gene_bh,600,4000,4,0,0,0,0.0,,0
20001,1,0,whole_gene_by,600,4000,4,0,0,0,0.0,,0
20002,1,0,pooled_guide_bh,600,4000,4,0,70,70,1.0,,1
20002,1,0,whole_gene_bh,600,4000,4,0,0,0,0.0,,0
20002,1,0,whole_gene_by,600,4000,4,0,0,0,0.0,,0
20003,1,0,pooled_guide_bh,600,4000,4,0,54,54,1.0,,1
20003,1,0,whole_gene_bh,600,4000,4,0,0,0,0.0,,0
20003,1,0,whole_gene_by,600,4000,4,0,0,0,0.0,,0
20004,1,0,pooled_guide_bh,600,4000,4,0,51,51,1.0,,1
20004,1,0,whole_gene_bh,600,4000,4,0,0,0,0.0,,0
20004,1,0,whole_gene_by,600,4000,4,0,0,0,0.0,,0
20005,1,0,pooled_guide_bh,600,4000,4,0,83,83,1.0,,1
20005,1,0,whole_gene_bh,600,4000,4,0,0,0,0.0,,0
20005,1,0,whole_gene_by,600,4000,4,0,0,0,0.0,,0
20006,1,0,pooled_guide_bh,600,4000,4,0,50,50,1.0,,1
20006,1,0,whole_gene_bh,600,4000,4,0,0,0,0.0,,0
20006,1,0,whole_gene_by,600,4000,4,0,0,0,0.0,,0
20007,1,0,pooled_guide_bh,600,4000,4,0,67,67,1.0,,1
20007,1,0,whole_gene_bh,600,4000,4,0,0,0,0.0,,0
20007,1,0,whole_gene_by,600,4000,4,0,0,0,0.0,,0
20008,1,0,pooled_guide_bh,600,4000,4,0,39,39,1.0,,1
20008,1,0,whole_gene_bh,600,4000,4,0,0,0,0.0,,0
20008,1,0,whole_gene_by,600,4000,4,0,0,0,0.0,,0
20009,1,0,pooled_guide_bh,600,4000,4,0,46,46,1.0,,1
20009,1,0,whole_gene_bh,600,4000,4,0,0,0,0.0,,0
20009,1,0,whole_gene_by,600,4000,4,0,0,0,0.0,,0
20010,1,0,pooled_guide_bh,600,4000,4,0,57,57,1.0,,1
20010,1,0,whole_gene_bh,600,4000,4,0,0,0,0.0,,0
20010,1,0,whole_gene_by,600,4000,4,0,0,0,0.0,,0
20011,1,0,pooled_guide_bh,600,4000,4,0,46,46,1.0,,1
20011,1,0,whole_gene_bh,600,4000,4,0,0,0,0.0,,0
20011,1,0,whole_gene_by,600,4000,4,0,0,0,0.0,,0
20012,1,0,pooled_guide_bh,600,4000,4,0,70,70,1.0,,1
20012,1,0,whole_gene_bh,600,4000,4,0,0,0,0.0,,0
20012,1,0,whole_gene_by,600,4000,4,0,0,0,0.0,,0
20013,1,0,pooled_guide_bh,600,4000,4,0,46,46,1.0,,1
20013,1,0,whole_gene_bh,600,4000,4,0,0,0,0.0,,0
20013,1,0,whole_gene_by,600,4000,4,0,0,0,0.0,,0
20014,1,0,pooled_guide_bh,600,4000,4,0,40,40,1.0,,1
20014,1,0,whole_gene_bh,600,4000,4,0,0,0,0.0,,0
20014,1,0,whole_gene_by,600,4000,4,0,0,0,0.0,,0
20015,1,0,pooled_guide_bh,600,4000,4,0,52,52,1.0,,1
20015,1,0,whole_gene_bh,600,4000,4,0,0,0,0.0,,0
20015,1,0,whole_gene_by,600,4000,4,0,0,0,0.0,,0
20016,1,0,pooled_guide_bh,600,4000,4,0,67,67,1.0,,1
20016,1,0,whole_gene_bh,600,4000,4,0,0,0,0.0,,0
20016,1,0,whole_gene_by,600,4000,4,0,0,0,0.0,,0
20017,1,0,pooled_guide_bh,600,4000,4,0,41,41,1.0,,1
20017,1,0,whole_gene_bh,600,4000,4,0,0,0,0.0,,0
20017,1,0,whole_gene_by,600,4000,4,0,0,0,0.0,,0
20018,1,0,pooled_guide_bh,600,4000,4,0,63,63,1.0,,1
20018,1,0,whole_gene_bh,600,4000,4,0,0,0,0.0,,0
20018,1,0,whole_gene_by,600,4000,4,0,0,0,0.0,,0
20019,1,0,pooled_guide_bh,600,4000,4,0,49,49,1.0,,1
20019,1,0,whole_gene_bh,600,4000,4,0,0,0,0.0,,0
20019,1,0,whole_gene_by,600,4000,4,0,0,0,0.0,,0
20020,1,0,pooled_guide_bh,600,4000,4,0,27,27,1.0,,1
20020,1,0,whole_gene_bh,600,4000,4,0,0,0,0.0,,0
20020,1,0,whole_gene_by,600,4000,4,0,0,0,0.0,,0
20021,1,0,pooled_guide_bh,600,4000,4,0,46,46,1.0,,1
20021,1,0,whole_gene_bh,600,4000,4,0,0,0,0.0,,0
20021,1,0,whole_gene_by,600,4000,4,0,0,0,0.0,,0
20022,1,0,pooled_guide_bh,600,4000,4,0,42,42,1.0,,1
20022,1,0,whole_gene_bh,600,4000,4,0,0,0,0.0,,0
20022,1,0,whole_gene_by,600,4000,4,0,0,0,0.0,,0
20023,1,0,pooled_guide_bh,600,4000,4,0,48,48,1.0,,1
20023,1,0,whole_gene_bh,600,4000,4,0,0,0,0.0,,0
20023,1,0,whole_gene_by,600,4000,4,0,0,0,0.0,,0
20024,1,0,pooled_guide_bh,600,4000,4,0,40,40,1.0,,1
20024,1,0,whole_gene_bh,600,4000,4,0,0,0,0.0,,0
20024,1,0,whole_gene_by,600,4000,4,0,0,0,0.0,,0
20025,1,0,pooled_guide_bh,600,4000,4,0,38,38,1.0,,1
20025,1,0,whole_gene_bh,600,4000,4,0,0,0,0.0,,0
20025,1,0,whole_gene_by,600,4000,4,0,0,0,0.0,,0
20026,1,0,pooled_guide_bh,600,4000,4,0,57,57,1.0,,1
20026,1,0,whole_gene_bh,600,4000,4,0,0,0,0.0,,0
20026,1,0,whole_gene_by,600,4000,4,0,0,0,0.0,,0
20027,1,0,pooled_guide_bh,600,4000,4,0,32,32,1.0,,1
20027,1,0,whole_gene_bh,600,4000,4,0,0,0,0.0,,0
20027,1,0,whole_gene_by,600,4000,4,0,0,0,0.0,,0
20028,1,0,pooled_guide_bh,600,4000,4,0,72,72,1.0,,1
20028,1,0,whole_gene_bh,600,4000,4,0,0,0,0.0,,0
20028,1,0,whole_gene_by,600,4000,4,0,0,0,0.0,,0
20029,1,0,pooled_guide_bh,600,4000,4,0,63,63,1.0,,1
20029,1,0,whole_gene_bh,600,4000,4,0,0,0,0.0,,0
20029,1,0,whole_gene_by,600,4000,4,0,0,0,0.0,,0
20030,1,0,pooled_guide_bh,600,4000,4,0,53,53,1.0,,1
20030,1,0,whole_gene_bh,600,4000,4,0,0,0,0.0,,0
20030,1,0,whole_gene_by,600,4000,4,0,0,0,0.0,,0
20031,1,0,pooled_guide_bh,600,4000,4,0,46,46,1.0,,1
20031,1,0,whole_gene_bh,600,4000,4,0,0,0,0.0,,0
20031,1,0,whole_gene_by,600,4000,4,0,0,0,0.0,,0
20032,1,0,pooled_guide_bh,600,4000,4,0,35,35,1.0,,1
20032,1,0,whole_gene_bh,600,4000,4,0,0,0,0.0,,0
20032,1,0,whole_gene_by,600,4000,4,0,0,0,0.0,,0
20033,1,0,pooled_guide_bh,600,4000,4,0,20,20,1.0,,1
20033,1,0,whole_gene_bh,600,4000,4,0,0,0,0.0,,0
20033,1,0,whole_gene_by,600,4000,4,0,0,0,0.0,,0
20034,1,0,pooled_guide_bh,600,4000,4,0,50,50,1.0,,1
20034,1,0,whole_gene_bh,600,4000,4,0,0,0,0.0,,0
20034,1,0,whole_gene_by,600,4000,4,0,0,0,0.0,,0
20035,1,0,pooled_guide_bh,600,4000,4,0,35,35,1.0,,1
20035,1,0,whole_gene_bh,600,4000,4,0,0,0,0.0,,0
20035,1,0,whole_gene_by,600,4000,4,0,0,0,0.0,,0
20036,1,0,pooled_guide_bh,600,4000,4,0,34,34,1.0,,1
20036,1,0,whole_gene_bh,600,4000,4,0,0,0,0.0,,0
20036,1,0,whole_gene_by,600,4000,4,0,0,0,0.0,,0
20037,1,0,pooled_guide_bh,600,4000,4,0,46,46,1.0,,1
20037,1,0,whole_gene_bh,600,4000,4,0,0,0,0.0,,0
20037,1,0,whole_gene_by,600,4000,4,0,0,0,0.0,,0
20038,1,0,pooled_guide_bh,600,4000,4,0,69,69,1.0,,1
20038,1,0,whole_gene_bh,600,4000,4,0,0,0,0.0,,0
20038,1,0,whole_gene_by,600,4000,4,0,0,0,0.0,,0
20039,1,0,pooled_guide_bh,600,4000,4,0,39,39,1.0,,1
20039,1,0,whole_gene_bh,600,4000,4,0,0,0,0.0,,0
20039,1,0,whole_gene_by,600,4000,4,0,0,0,0.0,,0
20040,1,0,pooled_guide_bh,600,4000,4,0,58,58,1.0,,1
20040,1,0,whole_gene_bh,600,4000,4,0,0,0,0.0,,0
20040,1,0,whole_gene_by,600,4000,4,0,0,0,0.0,,0
20041,1,0,pooled_guide_bh,600,4000,4,0,50,50,1.0,,1
20041,1,0,whole_gene_bh,600,4000,4,0,0,0,0.0,,0
20041,1,0,whole_gene_by,600,4000,4,0,0,0,0.0,,0
20042,1,0,pooled_guide_bh,600,4000,4,0,59,59,1.0,,1
20042,1,0,whole_gene_bh,600,4000,4,0,0,0,0.0,,0
20042,1,0,whole_gene_by,600,4000,4,0,0,0,0.0,,0
20043,1,0,pooled_guide_bh,600,4000,4,0,31,31,1.0,,1
20043,1,0,whole_gene_bh,600,4000,4,0,0,0,0.0,,0
20043,1,0,whole_gene_by,600,4000,4,0,0,0,0.0,,0
20044,1,0,pooled_guide_bh,600,4000,4,0,51,51,1.0,,1
20044,1,0,whole_gene_bh,600,4000,4,0,0,0,0.0,,0
20044,1,0,whole_gene_by,600,4000,4,0,0,0,0.0,,0
20045,1,0,pooled_guide_bh,600,4000,4,0,47,47,1.0,,1
20045,1,0,whole_gene_bh,600,4000,4,0,0,0,0.0,,0
20045,1,0,whole_gene_by,600,4000,4,0,0,0,0.0,,0
20046,1,0,pooled_guide_bh,600,4000,4,0,33,33,1.0,,1
20046,1,0,whole_gene_bh,600,4000,4,0,0,0,0.0,,0
20046,1,0,whole_gene_by,600,4000,4,0,0,0,0.0,,0
20047,1,0,pooled_guide_bh,600,4000,4,0,56,56,1.0,,1
20047,1,0,whole_gene_bh,600,4000,4,0,0,0,0.0,,0
20047,1,0,whole_gene_by,600,4000,4,0,0,0,0.0,,0
20048,1,0,pooled_guide_bh,600,4000,4,0,53,53,1.0,,1
20048,1,0,whole_gene_bh,600,4000,4,0,0,0,0.0,,0
20048,1,0,whole_gene_by,600,4000,4,0,0,0,0.0,,0
20049,1,0,pooled_guide_bh,600,4000,4,0,58,58,1.0,,1
20049,1,0,whole_gene_bh,600,4000,4,0,0,0,0.0,,0
20049,1,0,whole_gene_by,600,4000,4,0,0,0,0.0,,0
20050,1,0,pooled_guide_bh,600,4000,4,0,45,45,1.0,,1
20050,1,0,whole_gene_bh,600,4000,4,0,0,0,0.0,,0
20050,1,0,whole_gene_by,600,4000,4,0,0,0,0.0,,0
20051,1,0,pooled_guide_bh,600,4000,4,0,30,30,1.0,,1
20051,1,0,whole_gene_bh,600,4000,4,0,0,0,0.0,,0
20051,1,0,whole_gene_by,600,4000,4,0,0,0,0.0,,0
20052,1,0,pooled_guide_bh,600,4000,4,0,51,51,1.0,,1
20052,1,0,whole_gene_bh,600,4000,4,0,0,0,0.0,,0
20052,1,0,whole_gene_by,600,4000,4,0,0,0,0.0,,0
20053,1,0,pooled_guide_bh,600,4000,4,0,81,81,1.0,,1
20053,1,0,whole_gene_bh,600,4000,4,0,0,0,0.0,,0
20053,1,0,whole_gene_by,600,4000,4,0,0,0,0.0,,0
20054,1,0,pooled_guide_bh,600,4000,4,0,37,37,1.0,,1
20054,1,0,whole_gene_bh,600,4000,4,0,0,0,0.0,,0
20054,1,0,whole_gene_by,600,4000,4,0,0,0,0.0,,0
20055,1,0,pooled_guide_bh,600,4000,4,0,61,61,1.0,,1
20055,1,0,whole_gene_bh,600,4000,4,0,0,0,0.0,,0
20055,1,0,whole_gene_by,600,4000,4,0,0,0,0.0,,0
20056,1,0,pooled_guide_bh,600,4000,4,0,40,40,1.0,,1
20056,1,0,whole_gene_bh,600,4000,4,0,0,0,0.0,,0
20056,1,0,whole_gene_by,600,4000,4,0,0,0,0.0,,0
20057,1,0,pooled_guide_bh,600,4000,4,0,41,41,1.0,,1
20057,1,0,whole_gene_bh,600,4000,4,0,0,0,0.0,,0
20057,1,0,whole_gene_by,600,4000,4,0,0,0,0.0,,0
20058,1,0,pooled_guide_bh,600,4000,4,0,38,38,1.0,,1
20058,1,0,whole_gene_bh,600,4000,4,0,0,0,0.0,,0
20058,1,0,whole_gene_by,600,4000,4,0,0,0,0.0,,0
20059,1,0,pooled_guide_bh,600,4000,4,0,59,59,1.0,,1
20059,1,0,whole_gene_bh,600,4000,4,0,0,0,0.0,,0
20059,1,0,whole_gene_by,600,4000,4,0,0,0,0.0,,0
20060,1,0,pooled_guide_bh,600,4000,4,0,46,46,1.0,,1
20060,1,0,whole_gene_bh,600,4000,4,0,0,0,0.0,,0
20060,1,0,whole_gene_by,600,4000,4,0,0,0,0.0,,0
20061,1,0,pooled_guide_bh,600,4000,4,0,25,25,1.0,,1
20061,1,0,whole_gene_bh,600,4000,4,0,0,0,0.0,,0
20061,1,0,whole_gene_by,600,4000,4,0,0,0,0.0,,0
20062,1,0,pooled_guide_bh,600,4000,4,0,60,60,1.0,,1
20062,1,0,whole_gene_bh,600,4000,4,0,0,0,0.0,,0
20062,1,0,whole_gene_by,600,4000,4,0,0,0,0.0,,0
20063,1,0,pooled_guide_bh,600,4000,4,0,52,52,1.0,,1
20063,1,0,whole_gene_bh,600,4000,4,0,0,0,0.0,,0
20063,1,0,whole_gene_by,600,4000,4,0,0,0,0.0,,0
20064,1,0,pooled_guide_bh,600,4000,4,0,51,51,1.0,,1
20064,1,0,whole_gene_bh,600,4000,4,0,0,0,0.0,,0
20064,1,0,whole_gene_by,600,4000,4,0,0,0,0.0,,0
20065,1,0,pooled_guide_bh,600,4000,4,0,59,59,1.0,,1
20065,1,0,whole_gene_bh,600,4000,4,0,0,0,0.0,,0
20065,1,0,whole_gene_by,600,4000,4,0,0,0,0.0,,0
20066,1,0,pooled_guide_bh,600,4000,4,0,35,35,1.0,,1
20066,1,0,whole_gene_bh,600,4000,4,0,0,0,0.0,,0
20066,1,0,whole_gene_by,600,4000,4,0,0,0,0.0,,0
20067,1,0,pooled_guide_bh,600,4000,4,0,52,52,1.0,,1
20067,1,0,whole_gene_bh,600,4000,4,0,0,0,0.0,,0
20067,1,0,whole_gene_by,600,4000,4,0,0,0,0.0,,0
20068,1,0,pooled_guide_bh,600,4000,4,0,38,38,1.0,,1
20068,1,0,whole_gene_bh,600,4000,4,0,0,0,0.0,,0
20068,1,0,whole_gene_by,600,4000,4,0,0,0,0.0,,0
20069,1,0,pooled_guide_bh,600,4000,4,0,33,33,1.0,,1
20069,1,0,whole_gene_bh,600,4000,4,0,0,0,0.0,,0
20069,1,0,whole_gene_by,600,4000,4,0,0,0,0.0,,0
20070,1,0,pooled_guide_bh,600,4000,4,0,97,97,1.0,,1
20070,1,0,whole_gene_bh,600,4000,4,0,0,0,0.0,,0
20070,1,0,whole_gene_by,600,4000,4,0,0,0,0.0,,0
20071,1,0,pooled_guide_bh,600,4000,4,0,74,74,1.0,,1
20071,1,0,whole_gene_bh,600,4000,4,0,0,0,0.0,,0
20071,1,0,whole_gene_by,600,4000,4,0,0,0,0.0,,0
20072,1,0,pooled_guide_bh,600,4000,4,0,43,43,1.0,,1
20072,1,0,whole_gene_bh,600,4000,4,0,0,0,0.0,,0
20072,1,0,whole_gene_by,600,4000,4,0,0,0,0.0,,0
20073,1,0,pooled_guide_bh,600,4000,4,0,45,45,1.0,,1
20073,1,0,whole_gene_bh,600,4000,4,0,0,0,0.0,,0
20073,1,0,whole_gene_by,600,4000,4,0,0,0,0.0,,0
20074,1,0,pooled_guide_bh,600,4000,4,0,59,59,1.0,,1
20074,1,0,whole_gene_bh,600,4000,4,0,0,0,0.0,,0
20074,1,0,whole_gene_by,600,4000,4,0,0,0,0.0,,0
20075,1,0,pooled_guide_bh,600,4000,4,0,45,45,1.0,,1
20075,1,0,whole_gene_bh,600,4000,4,0,0,0,0.0,,0
20075,1,0,whole_gene_by,600,4000,4,0,0,0,0.0,,0
20076,1,0,pooled_guide_bh,600,4000,4,0,51,51,1.0,,1
20076,1,0,whole_gene_bh,600,4000,4,0,0,0,0.0,,0
20076,1,0,whole_gene_by,600,4000,4,0,0,0,0.0,,0
20077,1,0,pooled_guide_bh,600,4000,4,0,51,51,1.0,,1
20077,1,0,whole_gene_bh,600,4000,4,0,0,0,0.0,,0
20077,1,0,whole_gene_by,600,4000,4,0,0,0,0.0,,0
20078,1,0,pooled_guide_bh,600,4000,4,0,72,72,1.0,,1
20078,1,0,whole_gene_bh,600,4000,4,0,0,0,0.0,,0
20078,1,0,whole_gene_by,600,4000,4,0,0,0,0.0,,0
20079,1,0,pooled_guide_bh,600,4000,4,0,62,62,1.0,,1
20079,1,0,whole_gene_bh,600,4000,4,0,0,0,0.0,,0
20079,1,0,whole_gene_by,600,4000,4,0,0,0,0.0,,0
20080,1,0,pooled_guide_bh,600,4000,4,0,50,50,1.0,,1
20080,1,0,whole_gene_bh,600,4000,4,0,0,0,0.0,,0
20080,1,0,whole_gene_by,600,4000,4,0,0,0,0.0,,0
20081,1,0,pooled_guide_bh,600,4000,4,0,65,65,1.0,,1
20081,1,0,whole_gene_bh,600,4000,4,0,0,0,0.0,,0
20081,1,0,whole_gene_by,600,4000,4,0,0,0,0.0,,0
20082,1,0,pooled_guide_bh,600,4000,4,0,67,67,1.0,,1
20082,1,0,whole_gene_bh,600,4000,4,0,0,0,0.0,,0
20082,1,0,whole_gene_by,600,4000,4,0,0,0,0.0,,0
20083,1,0,pooled_guide_bh,600,4000,4,0,35,35,1.0,,1
20083,1,0,whole_gene_bh,600,4000,4,0,0,0,0.0,,0
20083,1,0,whole_gene_by,600,4000,4,0,0,0,0.0,,0
20084,1,0,pooled_guide_bh,600,4000,4,0,50,50,1.0,,1
20084,1,0,whole_gene_bh,600,4000,4,0,0,0,0.0,,0
20084,1,0,whole_gene_by,600,4000,4,0,0,0,0.0,,0
20085,1,0,pooled_guide_bh,600,4000,4,0,72,72,1.0,,1
20085,1,0,whole_gene_bh,600,4000,4,0,0,0,0.0,,0
20085,1,0,whole_gene_by,600,4000,4,0,0,0,0.0,,0
20086,1,0,pooled_guide_bh,600,4000,4,0,61,61,1.0,,1
20086,1,0,whole_gene_bh,600,4000,4,0,0,0,0.0,,0
20086,1,0,whole_gene_by,600,4000,4,0,0,0,0.0,,0
20087,1,0,pooled_guide_bh,600,4000,4,0,69,69,1.0,,1
20087,1,0,whole_gene_bh,600,4000,4,0,0,0,0.0,,0
20087,1,0,whole_gene_by,600,4000,4,0,0,0,0.0,,0
20088,1,0,pooled_guide_bh,600,4000,4,0,60,60,1.0,,1
20088,1,0,whole_gene_bh,600,4000,4,0,0,0,0.0,,0
20088,1,0,whole_gene_by,600,4000,4,0,0,0,0.0,,0
20089,1,0,pooled_guide_bh,600,4000,4,0,78,78,1.0,,1
20089,1,0,whole_gene_bh,600,4000,4,0,0,0,0.0,,0
20089,1,0,whole_gene_by,600,4000,4,0,0,0,0.0,,0
20090,1,0,pooled_guide_bh,600,4000,4,0,43,43,1.0,,1
20090,1,0,whole_gene_bh,600,4000,4,0,0,0,0.0,,0
20090,1,0,whole_gene_by,600,4000,4,0,0,0,0.0,,0
20091,1,0,pooled_guide_bh,600,4000,4,0,52,52,1.0,,1
20091,1,0,whole_gene_bh,600,4000,4,0,0,0,0.0,,0
20091,1,0,whole_gene_by,600,4000,4,0,0,0,0.0,,0
20092,1,0,pooled_guide_bh,600,4000,4,0,38,38,1.0,,1
20092,1,0,whole_gene_bh,600,4000,4,0,0,0,0.0,,0
20092,1,0,whole_gene_by,600,4000,4,0,0,0,0.0,,0
20093,1,0,pooled_guide_bh,600,4000,4,0,41,41,1.0,,1
20093,1,0,whole_gene_bh,600,4000,4,0,0,0,0.0,,0
20093,1,0,whole_gene_by,600,4000,4,0,0,0,0.0,,0
20094,1,0,pooled_guide_bh,600,4000,4,0,34,34,1.0,,1
20094,1,0,whole_gene_bh,600,4000,4,0,0,0,0.0,,0
20094,1,0,whole_gene_by,600,4000,4,0,0,0,0.0,,0
20095,1,0,pooled_guide_bh,600,4000,4,0,41,41,1.0,,1
20095,1,0,whole_gene_bh,600,4000,4,0,0,0,0.0,,0
20095,1,0,whole_gene_by,600,4000,4,0,0,0,0.0,,0
20096,1,0,pooled_guide_bh,600,4000,4,0,32,32,1.0,,1
20096,1,0,whole_gene_bh,600,4000,4,0,0,0,0.0,,0
20096,1,0,whole_gene_by,600,4000,4,0,0,0,0.0,,0
20097,1,0,pooled_guide_bh,600,4000,4,0,57,57,1.0,,1
20097,1,0,whole_gene_bh,600,4000,4,0,0,0,0.0,,0
20097,1,0,whole_gene_by,600,4000,4,0,0,0,0.0,,0
20098,1,0,pooled_guide_bh,600,4000,4,0,43,43,1.0,,1
20098,1,0,whole_gene_bh,600,4000,4,0,0,0,0.0,,0
20098,1,0,whole_gene_by,600,4000,4,0,0,0,0.0,,0
20099,1,0,pooled_guide_bh,600,4000,4,0,50,50,1.0,,1
20099,1,0,whole_gene_bh,600,4000,4,0,0,0,0.0,,0
20099,1,0,whole_gene_by,600,4000,4,0,0,0,0.0,,0
20100,1,0,pooled_guide_bh,600,4000,4,0,47,47,1.0,,1
20100,1,0,whole_gene_bh,600,4000,4,0,0,0,0.0,,0
20100,1,0,whole_gene_by,600,4000,4,0,0,0,0.0,,0
20101,1,0,pooled_guide_bh,600,4000,4,0,47,47,1.0,,1
20101,1,0,whole_gene_bh,600,4000,4,0,0,0,0.0,,0
20101,1,0,whole_gene_by,600,4000,4,0,0,0,0.0,,0
20102,1,0,pooled_guide_bh,600,4000,4,0,54,54,1.0,,1
20102,1,0,whole_gene_bh,600,4000,4,0,0,0,0.0,,0
20102,1,0,whole_gene_by,600,4000,4,0,0,0,0.0,,0
20103,1,0,pooled_guide_bh,600,4000,4,0,57,57,1.0,,1
20103,1,0,whole_gene_bh,600,4000,4,0,0,0,0.0,,0
20103,1,0,whole_gene_by,600,4000,4,0,0,0,0.0,,0
20104,1,0,pooled_guide_bh,600,4000,4,0,52,52,1.0,,1
20104,1,0,whole_gene_bh,600,4000,4,0,0,0,0.0,,0
20104,1,0,whole_gene_by,600,4000,4,0,0,0,0.0,,0
20105,1,0,pooled_guide_bh,600,4000,4,0,46,46,1.0,,1
20105,1,0,whole_gene_bh,600,4000,4,0,0,0,0.0,,0
20105,1,0,whole_gene_by,600,4000,4,0,0,0,0.0,,0
20106,1,0,pooled_guide_bh,600,4000,4,0,49,49,1.0,,1
20106,1,0,whole_gene_bh,600,4000,4,0,0,0,0.0,,0
20106,1,0,whole_gene_by,600,4000,4,0,0,0,0.0,,0
20107,1,0,pooled_guide_bh,600,4000,4,0,42,42,1.0,,1
20107,1,0,whole_gene_bh,600,4000,4,0,0,0,0.0,,0
20107,1,0,whole_gene_by,600,4000,4,0,0,0,0.0,,0
20108,1,0,pooled_guide_bh,600,4000,4,0,35,35,1.0,,1
20108,1,0,whole_gene_bh,600,4000,4,0,0,0,0.0,,0
20108,1,0,whole_gene_by,600,4000,4,0,0,0,0.0,,0
20109,1,0,pooled_guide_bh,600,4000,4,0,38,38,1.0,,1
20109,1,0,whole_gene_bh,600,4000,4,0,0,0,0.0,,0
20109,1,0,whole_gene_by,600,4000,4,0,0,0,0.0,,0
20110,1,0,pooled_guide_bh,600,4000,4,0,37,37,1.0,,1
20110,1,0,whole_gene_bh,600,4000,4,0,0,0,0.0,,0
20110,1,0,whole_gene_by,600,4000,4,0,0,0,0.0,,0
20111,1,0,pooled_guide_bh,600,4000,4,0,75,75,1.0,,1
20111,1,0,whole_gene_bh,600,4000,4,0,0,0,0.0,,0
20111,1,0,whole_gene_by,600,4000,4,0,0,0,0.0,,0
20112,1,0,pooled_guide_bh,600,4000,4,0,50,50,1.0,,1
20112,1,0,whole_gene_bh,600,4000,4,0,0,0,0.0,,0
20112,1,0,whole_gene_by,600,4000,4,0,0,0,0.0,,0
20113,1,0,pooled_guide_bh,600,4000,4,0,53,53,1.0,,1
20113,1,0,whole_gene_bh,600,4000,4,0,0,0,0.0,,0
20113,1,0,whole_gene_by,600,4000,4,0,0,0,0.0,,0
20114,1,0,pooled_guide_bh,600,4000,4,0,48,48,1.0,,1
20114,1,0,whole_gene_bh,600,4000,4,0,0,0,0.0,,0
20114,1,0,whole_gene_by,600,4000,4,0,0,0,0.0,,0
20115,1,0,pooled_guide_bh,600,4000,4,0,63,63,1.0,,1
20115,1,0,whole_gene_bh,600,4000,4,0,0,0,0.0,,0
20115,1,0,whole_gene_by,600,4000,4,0,0,0,0.0,,0
20116,1,0,pooled_guide_bh,600,4000,4,0,55,55,1.0,,1
20116,1,0,whole_gene_bh,600,4000,4,0,0,0,0.0,,0
20116,1,0,whole_gene_by,600,4000,4,0,0,0,0.0,,0
20117,1,0,pooled_guide_bh,600,4000,4,0,58,58,1.0,,1
20117,1,0,whole_gene_bh,600,4000,4,0,0,0,0.0,,0
20117,1,0,whole_gene_by,600,4000,4,0,0,0,0.0,,0
20118,1,0,pooled_guide_bh,600,4000,4,0,52,52,1.0,,1
20118,1,0,whole_gene_bh,600,4000,4,0,0,0,0.0,,0
20118,1,0,whole_gene_by,600,4000,4,0,0,0,0.0,,0
20119,1,0,pooled_guide_bh,600,4000,4,0,67,67,1.0,,1
20119,1,0,whole_gene_bh,600,4000,4,0,0,0,0.0,,0
20119,1,0,whole_gene_by,600,4000,4,0,0,0,0.0,,0
20120,1,0,pooled_guide_bh,600,4000,4,0,46,46,1.0,,1
20120,1,0,whole_gene_bh,600,4000,4,0,0,0,0.0,,0
20120,1,0,whole_gene_by,600,4000,4,0,0,0,0.0,,0
20121,1,0,pooled_guide_bh,600,4000,4,0,29,29,1.0,,1
20121,1,0,whole_gene_bh,600,4000,4,0,0,0,0.0,,0
20121,1,0,whole_gene_by,600,4000,4,0,0,0,0.0,,0
20122,1,0,pooled_guide_bh,600,4000,4,0,49,49,1.0,,1
20122,1,0,whole_gene_bh,600,4000,4,0,0,0,0.0,,0
20122,1,0,whole_gene_by,600,4000,4,0,0,0,0.0,,0
20123,1,0,pooled_guide_bh,600,4000,4,0,52,52,1.0,,1
20123,1,0,whole_gene_bh,600,4000,4,0,0,0,0.0,,0
20123,1,0,whole_gene_by,600,4000,4,0,0,0,0.0,,0
20124,1,0,pooled_guide_bh,600,4000,4,0,68,68,1.0,,1
20124,1,0,whole_gene_bh,600,4000,4,0,0,0,0.0,,0
20124,1,0,whole_gene_by,600,4000,4,0,0,0,0.0,,0
20125,1,0,pooled_guide_bh,600,4000,4,0,55,55,1.0,,1
20125,1,0,whole_gene_bh,600,4000,4,0,0,0,0.0,,0
20125,1,0,whole_gene_by,600,4000,4,0,0,0,0.0,,0
20126,1,0,pooled_guide_bh,600,4000,4,0,39,39,1.0,,1
20126,1,0,whole_gene_bh,600,4000,4,0,0,0,0.0,,0
20126,1,0,whole_gene_by,600,4000,4,0,0,0,0.0,,0
20127,1,0,pooled_guide_bh,600,4000,4,0,48,48,1.0,,1
20127,1,0,whole_gene_bh,600,4000,4,0,0,0,0.0,,0
20127,1,0,whole_gene_by,600,4000,4,0,0,0,0.0,,0
20128,1,0,pooled_guide_bh,600,4000,4,0,37,37,1.0,,1
20128,1,0,whole_gene_bh,600,4000,4,0,0,0,0.0,,0
20128,1,0,whole_gene_by,600,4000,4,0,0,0,0.0,,0
20129,1,0,pooled_guide_bh,600,4000,4,0,61,61,1.0,,1
20129,1,0,whole_gene_bh,600,4000,4,0,0,0,0.0,,0
20129,1,0,whole_gene_by,600,4000,4,0,0,0,0.0,,0
20130,1,0,pooled_guide_bh,600,4000,4,0,50,50,1.0,,1
20130,1,0,whole_gene_bh,600,4000,4,0,0,0,0.0,,0
20130,1,0,whole_gene_by,600,4000,4,0,0,0,0.0,,0
20131,1,0,pooled_guide_bh,600,4000,4,0,71,71,1.0,,1
20131,1,0,whole_gene_bh,600,4000,4,0,0,0,0.0,,0
20131,1,0,whole_gene_by,600,4000,4,0,0,0,0.0,,0
20132,1,0,pooled_guide_bh,600,4000,4,0,48,48,1.0,,1
20132,1,0,whole_gene_bh,600,4000,4,0,0,0,0.0,,0
20132,1,0,whole_gene_by,600,4000,4,0,0,0,0.0,,0
20133,1,0,pooled_guide_bh,600,4000,4,0,42,42,1.0,,1
20133,1,0,whole_gene_bh,600,4000,4,0,0,0,0.0,,0
20133,1,0,whole_gene_by,600,4000,4,0,0,0,0.0,,0
20134,1,0,pooled_guide_bh,600,4000,4,0,48,48,1.0,,1
20134,1,0,whole_gene_bh,600,4000,4,0,0,0,0.0,,0
20134,1,0,whole_gene_by,600,4000,4,0,0,0,0.0,,0
20135,1,0,pooled_guide_bh,600,4000,4,0,57,57,1.0,,1
20135,1,0,whole_gene_bh,600,4000,4,0,0,0,0.0,,0
20135,1,0,whole_gene_by,600,4000,4,0,0,0,0.0,,0
20136,1,0,pooled_guide_bh,600,4000,4,0,64,64,1.0,,1
20136,1,0,whole_gene_bh,600,4000,4,0,0,0,0.0,,0
20136,1,0,whole_gene_by,600,4000,4,0,0,0,0.0,,0
20137,1,0,pooled_guide_bh,600,4000,4,0,46,46,1.0,,1
20137,1,0,whole_gene_bh,600,4000,4,0,0,0,0.0,,0
20137,1,0,whole_gene_by,600,4000,4,0,0,0,0.0,,0
20138,1,0,pooled_guide_bh,600,4000,4,0,52,52,1.0,,1
20138,1,0,whole_gene_bh,600,4000,4,0,0,0,0.0,,0
20138,1,0,whole_gene_by,600,4000,4,0,0,0,0.0,,0
20139,1,0,pooled_guide_bh,600,4000,4,0,42,42,1.0,,1
20139,1,0,whole_gene_bh,600,4000,4,0,0,0,0.0,,0
20139,1,0,whole_gene_by,600,4000,4,0,0,0,0.0,,0
20140,1,0,pooled_guide_bh,600,4000,4,0,38,38,1.0,,1
20140,1,0,whole_gene_bh,600,4000,4,0,0,0,0.0,,0
20140,1,0,whole_gene_by,600,4000,4,0,0,0,0.0,,0
20141,1,0,pooled_guide_bh,600,4000,4,0,44,44,1.0,,1
20141,1,0,whole_gene_bh,600,4000,4,0,0,0,0.0,,0
20141,1,0,whole_gene_by,600,4000,4,0,0,0,0.0,,0
20142,1,0,pooled_guide_bh,600,4000,4,0,48,48,1.0,,1
20142,1,0,whole_gene_bh,600,4000,4,0,0,0,0.0,,0
20142,1,0,whole_gene_by,600,4000,4,0,0,0,0.0,,0
20143,1,0,pooled_guide_bh,600,4000,4,0,45,45,1.0,,1
20143,1,0,whole_gene_bh,600,4000,4,0,0,0,0.0,,0
20143,1,0,whole_gene_by,600,4000,4,0,0,0,0.0,,0
20144,1,0,pooled_guide_bh,600,4000,4,0,44,44,1.0,,1
20144,1,0,whole_gene_bh,600,4000,4,0,0,0,0.0,,0
20144,1,0,whole_gene_by,600,4000,4,0,0,0,0.0,,0
20145,1,0,pooled_guide_bh,600,4000,4,0,51,51,1.0,,1
20145,1,0,whole_gene_bh,600,4000,4,0,0,0,0.0,,0
20145,1,0,whole_gene_by,600,4000,4,0,0,0,0.0,,0
20146,1,0,pooled_guide_bh,600,4000,4,0,40,40,1.0,,1
20146,1,0,whole_gene_bh,600,4000,4,0,0,0,0.0,,0
20146,1,0,whole_gene_by,600,4000,4,0,0,0,0.0,,0
20147,1,0,pooled_guide_bh,600,4000,4,0,60,60,1.0,,1
20147,1,0,whole_gene_bh,600,4000,4,0,0,0,0.0,,0
20147,1,0,whole_gene_by,600,4000,4,0,0,0,0.0,,0
20148,1,0,pooled_guide_bh,600,4000,4,0,47,47,1.0,,1
20148,1,0,whole_gene_bh,600,4000,4,0,0,0,0.0,,0
20148,1,0,whole_gene_by,600,4000,4,0,0,0,0.0,,0
20149,1,0,pooled_guide_bh,600,4000,4,0,24,24,1.0,,1
20149,1,0,whole_gene_bh,600,4000,4,0,0,0,0.0,,0
20149,1,0,whole_gene_by,600,4000,4,0,0,0,0.0,,0
20150,1,0,pooled_guide_bh,600,4000,4,0,47,47,1.0,,1
20150,1,0,whole_gene_bh,600,4000,4,0,0,0,0.0,,0
20150,1,0,whole_gene_by,600,4000,4,0,0,0,0.0,,0
20151,1,0,pooled_guide_bh,600,4000,4,0,54,54,1.0,,1
20151,1,0,whole_gene_bh,600,4000,4,0,0,0,0.0,,0
20151,1,0,whole_gene_by,600,4000,4,0,0,0,0.0,,0
20152,1,0,pooled_guide_bh,600,4000,4,0,41,41,1.0,,1
20152,1,0,whole_gene_bh,600,4000,4,0,0,0,0.0,,0
20152,1,0,whole_gene_by,600,4000,4,0,0,0,0.0,,0
20153,1,0,pooled_guide_bh,600,4000,4,0,58,58,1.0,,1
20153,1,0,whole_gene_bh,600,4000,4,0,0,0,0.0,,0
20153,1,0,whole_gene_by,600,4000,4,0,0,0,0.0,,0
20154,1,0,pooled_guide_bh,600,4000,4,0,56,56,1.0,,1
20154,1,0,whole_gene_bh,600,4000,4,0,0,0,0.0,,0
20154,1,0,whole_gene_by,600,4000,4,0,0,0,0.0,,0
20155,1,0,pooled_guide_bh,600,4000,4,0,32,32,1.0,,1
20155,1,0,whole_gene_bh,600,4000,4,0,0,0,0.0,,0
20155,1,0,whole_gene_by,600,4000,4,0,0,0,0.0,,0
20156,1,0,pooled_guide_bh,600,4000,4,0,52,52,1.0,,1
20156,1,0,whole_gene_bh,600,4000,4,0,0,0,0.0,,0
20156,1,0,whole_gene_by,600,4000,4,0,0,0,0.0,,0
20157,1,0,pooled_guide_bh,600,4000,4,0,49,49,1.0,,1
20157,1,0,whole_gene_bh,600,4000,4,0,0,0,0.0,,0
20157,1,0,whole_gene_by,600,4000,4,0,0,0,0.0,,0
20158,1,0,pooled_guide_bh,600,4000,4,0,60,60,1.0,,1
20158,1,0,whole_gene_bh,600,4000,4,0,0,0,0.0,,0
20158,1,0,whole_gene_by,600,4000,4,0,0,0,0.0,,0
20159,1,0,pooled_guide_bh,600,4000,4,0,70,70,1.0,,1
20159,1,0,whole_gene_bh,600,4000,4,0,0,0,0.0,,0
20159,1,0,whole_gene_by,600,4000,4,0,0,0,0.0,,0
20160,1,0,pooled_guide_bh,600,4000,4,0,53,53,1.0,,1
20160,1,0,whole_gene_bh,600,4000,4,0,0,0,0.0,,0
20160,1,0,whole_gene_by,600,4000,4,0,0,0,0.0,,0
20161,1,0,pooled_guide_bh,600,4000,4,0,64,64,1.0,,1
20161,1,0,whole_gene_bh,600,4000,4,0,0,0,0.0,,0
20161,1,0,whole_gene_by,600,4000,4,0,0,0,0.0,,0
20162,1,0,pooled_guide_bh,600,4000,4,0,28,28,1.0,,1
20162,1,0,whole_gene_bh,600,4000,4,0,0,0,0.0,,0
20162,1,0,whole_gene_by,600,4000,4,0,0,0,0.0,,0
20163,1,0,pooled_guide_bh,600,4000,4,0,73,73,1.0,,1
20163,1,0,whole_gene_bh,600,4000,4,0,0,0,0.0,,0
20163,1,0,whole_gene_by,600,4000,4,0,0,0,0.0,,0
20164,1,0,pooled_guide_bh,600,4000,4,0,61,61,1.0,,1
20164,1,0,whole_gene_bh,600,4000,4,0,0,0,0.0,,0
20164,1,0,whole_gene_by,600,4000,4,0,0,0,0.0,,0
20165,1,0,pooled_guide_bh,600,4000,4,0,56,56,1.0,,1
20165,1,0,whole_gene_bh,600,4000,4,0,0,0,0.0,,0
20165,1,0,whole_gene_by,600,4000,4,0,0,0,0.0,,0
20166,1,0,pooled_guide_bh,600,4000,4,0,53,53,1.0,,1
20166,1,0,whole_gene_bh,600,4000,4,0,0,0,0.0,,0
20166,1,0,whole_gene_by,600,4000,4,0,0,0,0.0,,0
20167,1,0,pooled_guide_bh,600,4000,4,0,75,75,1.0,,1
20167,1,0,whole_gene_bh,600,4000,4,0,0,0,0.0,,0
20167,1,0,whole_gene_by,600,4000,4,0,0,0,0.0,,0
20168,1,0,pooled_guide_bh,600,4000,4,0,53,53,1.0,,1
20168,1,0,whole_gene_bh,600,4000,4,0,0,0,0.0,,0
20168,1,0,whole_gene_by,600,4000,4,0,0,0,0.0,,0
20169,1,0,pooled_guide_bh,600,4000,4,0,56,56,1.0,,1
20169,1,0,whole_gene_bh,600,4000,4,0,0,0,0.0,,0
20169,1,0,whole_gene_by,600,4000,4,0,0,0,0.0,,0
20170,1,0,pooled_guide_bh,600,4000,4,0,67,67,1.0,,1
20170,1,0,whole_gene_bh,600,4000,4,0,0,0,0.0,,0
20170,1,0,whole_gene_by,600,4000,4,0,0,0,0.0,,0
20171,1,0,pooled_guide_bh,600,4000,4,0,41,41,1.0,,1
20171,1,0,whole_gene_bh,600,4000,4,0,0,0,0.0,,0
20171,1,0,whole_gene_by,600,4000,4,0,0,0,0.0,,0
20172,1,0,pooled_guide_bh,600,4000,4,0,59,59,1.0,,1
20172,1,0,whole_gene_bh,600,4000,4,0,0,0,0.0,,0
20172,1,0,whole_gene_by,600,4000,4,0,0,0,0.0,,0
20173,1,0,pooled_guide_bh,600,4000,4,0,51,51,1.0,,1
20173,1,0,whole_gene_bh,600,4000,4,0,0,0,0.0,,0
20173,1,0,whole_gene_by,600,4000,4,0,0,0,0.0,,0
20174,1,0,pooled_guide_bh,600,4000,4,0,48,48,1.0,,1
20174,1,0,whole_gene_bh,600,4000,4,0,0,0,0.0,,0
20174,1,0,whole_gene_by,600,4000,4,0,0,0,0.0,,0
20175,1,0,pooled_guide_bh,600,4000,4,0,59,59,1.0,,1
20175,1,0,whole_gene_bh,600,4000,4,0,0,0,0.0,,0
20175,1,0,whole_gene_by,600,4000,4,0,0,0,0.0,,0
20176,1,0,pooled_guide_bh,600,4000,4,0,55,55,1.0,,1
20176,1,0,whole_gene_bh,600,4000,4,0,0,0,0.0,,0
20176,1,0,whole_gene_by,600,4000,4,0,0,0,0.0,,0
20177,1,0,pooled_guide_bh,600,4000,4,0,51,51,1.0,,1
20177,1,0,whole_gene_bh,600,4000,4,0,0,0,0.0,,0
20177,1,0,whole_gene_by,600,4000,4,0,0,0,0.0,,0
20178,1,0,pooled_guide_bh,600,4000,4,0,54,54,1.0,,1
20178,1,0,whole_gene_bh,600,4000,4,0,0,0,0.0,,0
20178,1,0,whole_gene_by,600,4000,4,0,0,0,0.0,,0
20179,1,0,pooled_guide_bh,600,4000,4,0,43,43,1.0,,1
20179,1,0,whole_gene_bh,600,4000,4,0,0,0,0.0,,0
20179,1,0,whole_gene_by,600,4000,4,0,0,0,0.0,,0
20180,1,0,pooled_guide_bh,600,4000,4,0,31,31,1.0,,1
20180,1,0,whole_gene_bh,600,4000,4,0,0,0,0.0,,0
20180,1,0,whole_gene_by,600,4000,4,0,0,0,0.0,,0
20181,1,0,pooled_guide_bh,600,4000,4,0,78,78,1.0,,1
20181,1,0,whole_gene_bh,600,4000,4,0,0,0,0.0,,0
20181,1,0,whole_gene_by,600,4000,4,0,0,0,0.0,,0
20182,1,0,pooled_guide_bh,600,4000,4,0,36,36,1.0,,1
20182,1,0,whole_gene_bh,600,4000,4,0,0,0,0.0,,0
20182,1,0,whole_gene_by,600,4000,4,0,0,0,0.0,,0
20183,1,0,pooled_guide_bh,600,4000,4,0,60,60,1.0,,1
20183,1,0,whole_gene_bh,600,4000,4,0,0,0,0.0,,0
20183,1,0,whole_gene_by,600,4000,4,0,0,0,0.0,,0
20184,1,0,pooled_guide_bh,600,4000,4,0,61,61,1.0,,1
20184,1,0,whole_gene_bh,600,4000,4,0,0,0,0.0,,0
20184,1,0,whole_gene_by,600,4000,4,0,0,0,0.0,,0
20185,1,0,pooled_guide_bh,600,4000,4,0,47,47,1.0,,1
20185,1,0,whole_gene_bh,600,4000,4,0,0,0,0.0,,0
20185,1,0,whole_gene_by,600,4000,4,0,0,0,0.0,,0
20186,1,0,pooled_guide_bh,600,4000,4,0,72,72,1.0,,1
20186,1,0,whole_gene_bh,600,4000,4,0,0,0,0.0,,0
20186,1,0,whole_gene_by,600,4000,4,0,0,0,0.0,,0
20187,1,0,pooled_guide_bh,600,4000,4,0,40,40,1.0,,1
20187,1,0,whole_gene_bh,600,4000,4,0,0,0,0.0,,0
20187,1,0,whole_gene_by,600,4000,4,0,0,0,0.0,,0
20188,1,0,pooled_guide_bh,600,4000,4,0,53,53,1.0,,1
20188,1,0,whole_gene_bh,600,4000,4,0,0,0,0.0,,0
20188,1,0,whole_gene_by,600,4000,4,0,0,0,0.0,,0
20189,1,0,pooled_guide_bh,600,4000,4,0,46,46,1.0,,1
20189,1,0,whole_gene_bh,600,4000,4,0,0,0,0.0,,0
20189,1,0,whole_gene_by,600,4000,4,0,0,0,0.0,,0
20190,1,0,pooled_guide_bh,600,4000,4,0,51,51,1.0,,1
20190,1,0,whole_gene_bh,600,4000,4,0,0,0,0.0,,0
20190,1,0,whole_gene_by,600,4000,4,0,0,0,0.0,,0
20191,1,0,pooled_guide_bh,600,4000,4,0,69,69,1.0,,1
20191,1,0,whole_gene_bh,600,4000,4,0,0,0,0.0,,0
20191,1,0,whole_gene_by,600,4000,4,0,0,0,0.0,,0
20192,1,0,pooled_guide_bh,600,4000,4,0,57,57,1.0,,1
20192,1,0,whole_gene_bh,600,4000,4,0,0,0,0.0,,0
20192,1,0,whole_gene_by,600,4000,4,0,0,0,0.0,,0
20193,1,0,pooled_guide_bh,600,4000,4,0,40,40,1.0,,1
20193,1,0,whole_gene_bh,600,4000,4,0,0,0,0.0,,0
20193,1,0,whole_gene_by,600,4000,4,0,0,0,0.0,,0
20194,1,0,pooled_guide_bh,600,4000,4,0,50,50,1.0,,1
20194,1,0,whole_gene_bh,600,4000,4,0,0,0,0.0,,0
20194,1,0,whole_gene_by,600,4000,4,0,0,0,0.0,,0
20195,1,0,pooled_guide_bh,600,4000,4,0,47,47,1.0,,1
20195,1,0,whole_gene_bh,600,4000,4,0,0,0,0.0,,0
20195,1,0,whole_gene_by,600,4000,4,0,0,0,0.0,,0
20196,1,0,pooled_guide_bh,600,4000,4,0,49,49,1.0,,1
20196,1,0,whole_gene_bh,600,4000,4,0,0,0,0.0,,0
20196,1,0,whole_gene_by,600,4000,4,0,0,0,0.0,,0
20197,1,0,pooled_guide_bh,600,4000,4,0,72,72,1.0,,1
20197,1,0,whole_gene_bh,600,4000,4,0,0,0,0.0,,0
20197,1,0,whole_gene_by,600,4000,4,0,0,0,0.0,,0
20198,1,0,pooled_guide_bh,600,4000,4,0,61,61,1.0,,1
20198,1,0,whole_gene_bh,600,4000,4,0,0,0,0.0,,0
20198,1,0,whole_gene_by,600,4000,4,0,0,0,0.0,,0
20199,1,0,pooled_guide_bh,600,4000,4,0,49,49,1.0,,1
20199,1,0,whole_gene_bh,600,4000,4,0,0,0,0.0,,0
20199,1,0,whole_gene_by,600,4000,4,0,0,0,0.0,,0
20000,1,1,pooled_guide_bh,600,4000,4,109,52,161,0.32298136645962733,0.9083333333333333,1
20000,1,1,whole_gene_bh,600,4000,4,52,2,54,0.037037037037037035,0.43333333333333335,1
20000,1,1,whole_gene_by,600,4000,4,25,0,25,0.0,0.20833333333333334,0
20001,1,1,pooled_guide_bh,600,4000,4,111,53,164,0.3231707317073171,0.925,1
20001,1,1,whole_gene_bh,600,4000,4,54,2,56,0.03571428571428571,0.45,1
20001,1,1,whole_gene_by,600,4000,4,0,0,0,0.0,0.0,0
20002,1,1,pooled_guide_bh,600,4000,4,110,75,185,0.40540540540540543,0.9166666666666666,1
20002,1,1,whole_gene_bh,600,4000,4,39,4,43,0.09302325581395349,0.325,1
20002,1,1,whole_gene_by,600,4000,4,0,0,0,0.0,0.0,0
20003,1,1,pooled_guide_bh,600,4000,4,117,65,182,0.35714285714285715,0.975,1
20003,1,1,whole_gene_bh,600,4000,4,49,2,51,0.0392156862745098,0.4083333333333333,1
20003,1,1,whole_gene_by,600,4000,4,0,0,0,0.0,0.0,0
20004,1,1,pooled_guide_bh,600,4000,4,108,66,174,0.3793103448275862,0.9,1
20004,1,1,whole_gene_bh,600,4000,4,56,3,59,0.05084745762711865,0.4666666666666667,1
20004,1,1,whole_gene_by,600,4000,4,0,0,0,0.0,0.0,0
20005,1,1,pooled_guide_bh,600,4000,4,116,92,208,0.4423076923076923,0.9666666666666667,1
20005,1,1,whole_gene_bh,600,4000,4,72,13,85,0.15294117647058825,0.6,1
20005,1,1,whole_gene_by,600,4000,4,24,2,26,0.07692307692307693,0.2,1
20006,1,1,pooled_guide_bh,600,4000,4,106,62,168,0.36904761904761907,0.8833333333333333,1
20006,1,1,whole_gene_bh,600,4000,4,49,0,49,0.0,0.4083333333333333,0
20006,1,1,whole_gene_by,600,4000,4,0,0,0,0.0,0.0,0
20007,1,1,pooled_guide_bh,600,4000,4,107,65,172,0.37790697674418605,0.8916666666666667,1
20007,1,1,whole_gene_bh,600,4000,4,64,5,69,0.07246376811594203,0.5333333333333333,1
20007,1,1,whole_gene_by,600,4000,4,0,0,0,0.0,0.0,0
20008,1,1,pooled_guide_bh,600,4000,4,110,64,174,0.367816091954023,0.9166666666666666,1
20008,1,1,whole_gene_bh,600,4000,4,47,3,50,0.06,0.39166666666666666,1
20008,1,1,whole_gene_by,600,4000,4,21,0,21,0.0,0.175,0
20009,1,1,pooled_guide_bh,600,4000,4,107,61,168,0.3630952380952381,0.8916666666666667,1
20009,1,1,whole_gene_bh,600,4000,4,45,3,48,0.0625,0.375,1
20009,1,1,whole_gene_by,600,4000,4,21,1,22,0.045454545454545456,0.175,1
20010,1,1,pooled_guide_bh,600,4000,4,108,61,169,0.3609467455621302,0.9,1
20010,1,1,whole_gene_bh,600,4000,4,52,3,55,0.05454545454545454,0.43333333333333335,1
20010,1,1,whole_gene_by,600,4000,4,23,0,23,0.0,0.19166666666666668,0
20011,1,1,pooled_guide_bh,600,4000,4,110,59,169,0.34911242603550297,0.9166666666666666,1
20011,1,1,whole_gene_bh,600,4000,4,63,4,67,0.05970149253731343,0.525,1
20011,1,1,whole_gene_by,600,4000,4,28,0,28,0.0,0.23333333333333334,0
20012,1,1,pooled_guide_bh,600,4000,4,110,66,176,0.375,0.9166666666666666,1
20012,1,1,whole_gene_bh,600,4000,4,61,1,62,0.016129032258064516,0.5083333333333333,1
20012,1,1,whole_gene_by,600,4000,4,41,1,42,0.023809523809523808,0.3416666666666667,1
20013,1,1,pooled_guide_bh,600,4000,4,115,57,172,0.3313953488372093,0.9583333333333334,1
20013,1,1,whole_gene_bh,600,4000,4,76,2,78,0.02564102564102564,0.6333333333333333,1
20013,1,1,whole_gene_by,600,4000,4,0,0,0,0.0,0.0,0
20014,1,1,pooled_guide_bh,600,4000,4,112,52,164,0.3170731707317073,0.9333333333333333,1
20014,1,1,whole_gene_bh,600,4000,4,61,0,61,0.0,0.5083333333333333,0
20014,1,1,whole_gene_by,600,4000,4,0,0,0,0.0,0.0,0
20015,1,1,pooled_guide_bh,600,4000,4,106,60,166,0.3614457831325301,0.8833333333333333,1
20015,1,1,whole_gene_bh,600,4000,4,55,3,58,0.05172413793103448,0.4583333333333333,1
20015,1,1,whole_gene_by,600,4000,4,0,0,0,0.0,0.0,0
20016,1,1,pooled_guide_bh,600,4000,4,113,67,180,0.37222222222222223,0.9416666666666667,1
20016,1,1,whole_gene_bh,600,4000,4,65,2,67,0.029850746268656716,0.5416666666666666,1
20016,1,1,whole_gene_by,600,4000,4,27,0,27,0.0,0.225,0
20017,1,1,pooled_guide_bh,600,4000,4,112,51,163,0.3128834355828221,0.9333333333333333,1
20017,1,1,whole_gene_bh,600,4000,4,30,0,30,0.0,0.25,0
20017,1,1,whole_gene_by,600,4000,4,0,0,0,0.0,0.0,0
20018,1,1,pooled_guide_bh,600,4000,4,104,58,162,0.35802469135802467,0.8666666666666667,1
20018,1,1,whole_gene_bh,600,4000,4,46,3,49,0.061224489795918366,0.38333333333333336,1
20018,1,1,whole_gene_by,600,4000,4,0,0,0,0.0,0.0,0
20019,1,1,pooled_guide_bh,600,4000,4,104,61,165,0.3696969696969697,0.8666666666666667,1
20019,1,1,whole_gene_bh,600,4000,4,53,3,56,0.05357142857142857,0.44166666666666665,1
20019,1,1,whole_gene_by,600,4000,4,0,0,0,0.0,0.0,0
20020,1,1,pooled_guide_bh,600,4000,4,110,41,151,0.271523178807947,0.9166666666666666,1
20020,1,1,whole_gene_bh,600,4000,4,41,0,41,0.0,0.3416666666666667,0
20020,1,1,whole_gene_by,600,4000,4,26,0,26,0.0,0.21666666666666667,0
20021,1,1,pooled_guide_bh,600,4000,4,116,61,177,0.3446327683615819,0.9666666666666667,1
20021,1,1,whole_gene_bh,600,4000,4,57,3,60,0.05,0.475,1
20021,1,1,whole_gene_by,600,4000,4,28,0,28,0.0,0.23333333333333334,0
20022,1,1,pooled_guide_bh,600,4000,4,109,55,164,0.3353658536585366,0.9083333333333333,1
20022,1,1,whole_gene_bh,600,4000,4,49,2,51,0.0392156862745098,0.4083333333333333,1
20022,1,1,whole_gene_by,600,4000,4,0,0,0,0.0,0.0,0
20023,1,1,pooled_guide_bh,600,4000,4,109,60,169,0.35502958579881655,0.9083333333333333,1
20023,1,1,whole_gene_bh,600,4000,4,58,5,63,0.07936507936507936,0.48333333333333334,1
20023,1,1,whole_gene_by,600,4000,4,0,0,0,0.0,0.0,0
20024,1,1,pooled_guide_bh,600,4000,4,109,52,161,0.32298136645962733,0.9083333333333333,1
20024,1,1,whole_gene_bh,600,4000,4,55,0,55,0.0,0.4583333333333333,0
20024,1,1,whole_gene_by,600,4000,4,0,0,0,0.0,0.0,0
20025,1,1,pooled_guide_bh,600,4000,4,108,57,165,0.34545454545454546,0.9,1
20025,1,1,whole_gene_bh,600,4000,4,35,0,35,0.0,0.2916666666666667,0
20025,1,1,whole_gene_by,600,4000,4,0,0,0,0.0,0.0,0
20026,1,1,pooled_guide_bh,600,4000,4,107,66,173,0.3815028901734104,0.8916666666666667,1
20026,1,1,whole_gene_bh,600,4000,4,53,3,56,0.05357142857142857,0.44166666666666665,1
20026,1,1,whole_gene_by,600,4000,4,0,0,0,0.0,0.0,0
20027,1,1,pooled_guide_bh,600,4000,4,110,54,164,0.32926829268292684,0.9166666666666666,1
20027,1,1,whole_gene_bh,600,4000,4,58,6,64,0.09375,0.48333333333333334,1
20027,1,1,whole_gene_by,600,4000,4,0,0,0,0.0,0.0,0
20028,1,1,pooled_guide_bh,600,4000,4,109,72,181,0.39779005524861877,0.9083333333333333,1
20028,1,1,whole_gene_bh,600,4000,4,58,0,58,0.0,0.48333333333333334,0
20028,1,1,whole_gene_by,600,4000,4,26,0,26,0.0,0.21666666666666667,0
20029,1,1,pooled_guide_bh,600,4000,4,108,68,176,0.38636363636363635,0.9,1
20029,1,1,whole_gene_bh,600,4000,4,65,4,69,0.057971014492753624,0.5416666666666666,1
20029,1,1,whole_gene_by,600,4000,4,0,0,0,0.0,0.0,0
20030,1,1,pooled_guide_bh,600,4000,4,105,65,170,0.38235294117647056,0.875,1
20030,1,1,whole_gene_bh,600,4000,4,53,2,55,0.03636363636363636,0.44166666666666665,1
20030,1,1,whole_gene_by,600,4000,4,24,0,24,0.0,0.2,0
20031,1,1,pooled_guide_bh,600,4000,4,107,46,153,0.3006535947712418,0.8916666666666667,1
20031,1,1,whole_gene_bh,600,4000,4,59,1,60,0.016666666666666666,0.49166666666666664,1
20031,1,1,whole_gene_by,600,4000,4,0,0,0,0.0,0.0,0
20032,1,1,pooled_guide_bh,600,4000,4,111,42,153,0.27450980392156865,0.925,1
20032,1,1,whole_gene_bh,600,4000,4,36,1,37,0.02702702702702703,0.3,1
20032,1,1,whole_gene_by,600,4000,4,0,0,0,0.0,0.0,0
20033,1,1,pooled_guide_bh,600,4000,4,108,51,159,0.32075471698113206,0.9,1
20033,1,1,whole_gene_bh,600,4000,4,30,0,30,0.0,0.25,0
20033,1,1,whole_gene_by,600,4000,4,0,0,0,0.0,0.0,0
20034,1,1,pooled_guide_bh,600,4000,4,115,56,171,0.32748538011695905,0.9583333333333334,1
20034,1,1,whole_gene_bh,600,4000,4,61,3,64,0.046875,0.5083333333333333,1
20034,1,1,whole_gene_by,600,4000,4,0,0,0,0.0,0.0,0
20035,1,1,pooled_guide_bh,600,4000,4,108,51,159,0.32075471698113206,0.9,1
20035,1,1,whole_gene_bh,600,4000,4,50,0,50,0.0,0.4166666666666667,0
20035,1,1,whole_gene_by,600,4000,4,0,0,0,0.0,0.0,0
20036,1,1,pooled_guide_bh,600,4000,4,104,54,158,0.34177215189873417,0.8666666666666667,1
20036,1,1,whole_gene_bh,600,4000,4,39,2,41,0.04878048780487805,0.325,1
20036,1,1,whole_gene_by,600,4000,4,0,0,0,0.0,0.0,0
20037,1,1,pooled_guide_bh,600,4000,4,108,56,164,0.34146341463414637,0.9,1
20037,1,1,whole_gene_bh,600,4000,4,54,4,58,0.06896551724137931,0.45,1
20037,1,1,whole_gene_by,600,4000,4,0,0,0,0.0,0.0,0
20038,1,1,pooled_guide_bh,600,4000,4,106,72,178,0.4044943820224719,0.8833333333333333,1
20038,1,1,whole_gene_bh,600,4000,4,51,3,54,0.05555555555555555,0.425,1
20038,1,1,whole_gene_by,600,4000,4,28,0,28,0.0,0.23333333333333334,0
20039,1,1,pooled_guide_bh,600,4000,4,108,47,155,0.3032258064516129,0.9,1
20039,1,1,whole_gene_bh,600,4000,4,48,1,49,0.02040816326530612,0.4,1
20039,1,1,whole_gene_by,600,4000,4,0,0,0,0.0,0.0,0
20040,1,1,pooled_guide_bh,600,4000,4,112,63,175,0.36,0.9333333333333333,1
20040,1,1,whole_gene_bh,600,4000,4,36,0,36,0.0,0.3,0
20040,1,1,whole_gene_by,600,4000,4,0,0,0,0.0,0.0,0
20041,1,1,pooled_guide_bh,600,4000,4,107,62,169,0.3668639053254438,0.8916666666666667,1
20041,1,1,whole_gene_bh,600,4000,4,46,1,47,0.02127659574468085,0.38333333333333336,1
20041,1,1,whole_gene_by,600,4000,4,30,0,30,0.0,0.25,0
20042,1,1,pooled_guide_bh,600,4000,4,113,60,173,0.3468208092485549,0.9416666666666667,1
20042,1,1,whole_gene_bh,600,4000,4,73,1,74,0.013513513513513514,0.6083333333333333,1
20042,1,1,whole_gene_by,600,4000,4,26,0,26,0.0,0.21666666666666667,0
20043,1,1,pooled_guide_bh,600,4000,4,106,50,156,0.32051282051282054,0.8833333333333333,1
20043,1,1,whole_gene_bh,600,4000,4,39,1,40,0.025,0.325,1
20043,1,1,whole_gene_by,600,4000,4,0,0,0,0.0,0.0,0
20044,1,1,pooled_guide_bh,600,4000,4,111,58,169,0.3431952662721893,0.925,1
20044,1,1,whole_gene_bh,600,4000,4,57,3,60,0.05,0.475,1
20044,1,1,whole_gene_by,600,4000,4,0,0,0,0.0,0.0,0
20045,1,1,pooled_guide_bh,600,4000,4,105,41,146,0.2808219178082192,0.875,1
20045,1,1,whole_gene_bh,600,4000,4,58,4,62,0.06451612903225806,0.48333333333333334,1
20045,1,1,whole_gene_by,600,4000,4,36,1,37,0.02702702702702703,0.3,1
20046,1,1,pooled_guide_bh,600,4000,4,109,53,162,0.3271604938271605,0.9083333333333333,1
20046,1,1,whole_gene_bh,600,4000,4,26,0,26,0.0,0.21666666666666667,0
20046,1,1,whole_gene_by,600,4000,4,0,0,0,0.0,0.0,0
20047,1,1,pooled_guide_bh,600,4000,4,106,64,170,0.3764705882352941,0.8833333333333333,1
20047,1,1,whole_gene_bh,600,4000,4,47,4,51,0.0784313725490196,0.39166666666666666,1
20047,1,1,whole_gene_by,600,4000,4,24,1,25,0.04,0.2,1
20048,1,1,pooled_guide_bh,600,4000,4,105,68,173,0.3930635838150289,0.875,1
20048,1,1,whole_gene_bh,600,4000,4,39,1,40,0.025,0.325,1
20048,1,1,whole_gene_by,600,4000,4,0,0,0,0.0,0.0,0
20049,1,1,pooled_guide_bh,600,4000,4,109,64,173,0.3699421965317919,0.9083333333333333,1
20049,1,1,whole_gene_bh,600,4000,4,57,6,63,0.09523809523809523,0.475,1
20049,1,1,whole_gene_by,600,4000,4,0,0,0,0.0,0.0,0
20050,1,1,pooled_guide_bh,600,4000,4,105,51,156,0.3269230769230769,0.875,1
20050,1,1,whole_gene_bh,600,4000,4,34,0,34,0.0,0.2833333333333333,0
20050,1,1,whole_gene_by,600,4000,4,0,0,0,0.0,0.0,0
20051,1,1,pooled_guide_bh,600,4000,4,113,52,165,0.3151515151515151,0.9416666666666667,1
20051,1,1,whole_gene_bh,600,4000,4,72,2,74,0.02702702702702703,0.6,1
20051,1,1,whole_gene_by,600,4000,4,0,0,0,0.0,0.0,0
20052,1,1,pooled_guide_bh,600,4000,4,105,58,163,0.3558282208588957,0.875,1
20052,1,1,whole_gene_bh,600,4000,4,54,1,55,0.01818181818181818,0.45,1
20052,1,1,whole_gene_by,600,4000,4,0,0,0,0.0,0.0,0
20053,1,1,pooled_guide_bh,600,4000,4,111,90,201,0.44776119402985076,0.925,1
20053,1,1,whole_gene_bh,600,4000,4,60,6,66,0.09090909090909091,0.5,1
20053,1,1,whole_gene_by,600,4000,4,0,0,0,0.0,0.0,0
20054,1,1,pooled_guide_bh,600,4000,4,109,55,164,0.3353658536585366,0.9083333333333333,1
20054,1,1,whole_gene_bh,600,4000,4,40,1,41,0.024390243902439025,0.3333333333333333,1
20054,1,1,whole_gene_by,600,4000,4,0,0,0,0.0,0.0,0
20055,1,1,pooled_guide_bh,600,4000,4,109,70,179,0.39106145251396646,0.9083333333333333,1
20055,1,1,whole_gene_bh,600,4000,4,48,3,51,0.058823529411764705,0.4,1
20055,1,1,whole_gene_by,600,4000,4,0,0,0,0.0,0.0,0
20056,1,1,pooled_guide_bh,600,4000,4,104,51,155,0.32903225806451614,0.8666666666666667,1
20056,1,1,whole_gene_bh,600,4000,4,36,1,37,0.02702702702702703,0.3,1
20056,1,1,whole_gene_by,600,4000,4,0,0,0,0.0,0.0,0
20057,1,1,pooled_guide_bh,600,4000,4,112,55,167,0.32934131736526945,0.9333333333333333,1
20057,1,1,whole_gene_bh,600,4000,4,43,0,43,0.0,0.35833333333333334,0
20057,1,1,whole_gene_by,600,4000,4,0,0,0,0.0,0.0,0
20058,1,1,pooled_guide_bh,600,4000,4,105,60,165,0.36363636363636365,0.875,1
20058,1,1,whole_gene_bh,600,4000,4,57,3,60,0.05,0.475,1
20058,1,1,whole_gene_by,600,4000,4,0,0,0,0.0,0.0,0
20059,1,1,pooled_guide_bh,600,4000,4,109,64,173,0.3699421965317919,0.9083333333333333,1
20059,1,1,whole_gene_bh,600,4000,4,43,1,44,0.022727272727272728,0.35833333333333334,1
20059,1,1,whole_gene_by,600,4000,4,0,0,0,0.0,0.0,0
20060,1,1,pooled_guide_bh,600,4000,4,105,65,170,0.38235294117647056,0.875,1
20060,1,1,whole_gene_bh,600,4000,4,55,1,56,0.017857142857142856,0.4583333333333333,1
20060,1,1,whole_gene_by,600,4000,4,23,0,23,0.0,0.19166666666666668,0
20061,1,1,pooled_guide_bh,600,4000,4,108,38,146,0.2602739726027397,0.9,1
20061,1,1,whole_gene_bh,600,4000,4,49,0,49,0.0,0.4083333333333333,0
20061,1,1,whole_gene_by,600,4000,4,0,0,0,0.0,0.0,0
20062,1,1,pooled_guide_bh,600,4000,4,112,66,178,0.3707865168539326,0.9333333333333333,1
20062,1,1,whole_gene_bh,600,4000,4,70,5,75,0.06666666666666667,0.5833333333333334,1
20062,1,1,whole_gene_by,600,4000,4,32,1,33,0.030303030303030304,0.26666666666666666,1
20063,1,1,pooled_guide_bh,600,4000,4,110,62,172,0.36046511627906974,0.9166666666666666,1
20063,1,1,whole_gene_bh,600,4000,4,61,1,62,0.016129032258064516,0.5083333333333333,1
20063,1,1,whole_gene_by,600,4000,4,21,0,21,0.0,0.175,0
20064,1,1,pooled_guide_bh,600,4000,4,113,54,167,0.32335329341317365,0.9416666666666667,1
20064,1,1,whole_gene_bh,600,4000,4,47,2,49,0.04081632653061224,0.39166666666666666,1
20064,1,1,whole_gene_by,600,4000,4,24,0,24,0.0,0.2,0
20065,1,1,pooled_guide_bh,600,4000,4,109,71,180,0.39444444444444443,0.9083333333333333,1
20065,1,1,whole_gene_bh,600,4000,4,61,2,63,0.031746031746031744,0.5083333333333333,1
20065,1,1,whole_gene_by,600,4000,4,23,0,23,0.0,0.19166666666666668,0
20066,1,1,pooled_guide_bh,600,4000,4,108,55,163,0.3374233128834356,0.9,1
20066,1,1,whole_gene_bh,600,4000,4,40,3,43,0.06976744186046512,0.3333333333333333,1
20066,1,1,whole_gene_by,600,4000,4,0,0,0,0.0,0.0,0
20067,1,1,pooled_guide_bh,600,4000,4,113,50,163,0.3067484662576687,0.9416666666666667,1
20067,1,1,whole_gene_bh,600,4000,4,41,3,44,0.06818181818181818,0.3416666666666667,1
20067,1,1,whole_gene_by,600,4000,4,0,0,0,0.0,0.0,0
20068,1,1,pooled_guide_bh,600,4000,4,117,68,185,0.3675675675675676,0.975,1
20068,1,1,whole_gene_bh,600,4000,4,55,3,58,0.05172413793103448,0.4583333333333333,1
20068,1,1,whole_gene_by,600,4000,4,0,0,0,0.0,0.0,0
20069,1,1,pooled_guide_bh,600,4000,4,103,48,151,0.31788079470198677,0.8583333333333333,1
20069,1,1,whole_gene_bh,600,4000,4,50,1,51,0.0196078431372549,0.4166666666666667,1
20069,1,1,whole_gene_by,600,4000,4,0,0,0,0.0,0.0,0
20070,1,1,pooled_guide_bh,600,4000,4,111,90,201,0.44776119402985076,0.925,1
20070,1,1,whole_gene_bh,600,4000,4,70,8,78,0.10256410256410256,0.5833333333333334,1
20070,1,1,whole_gene_by,600,4000,4,0,0,0,0.0,0.0,0
20071,1,1,pooled_guide_bh,600,4000,4,99,69,168,0.4107142857142857,0.825,1
20071,1,1,whole_gene_bh,600,4000,4,64,5,69,0.07246376811594203,0.5333333333333333,1
20071,1,1,whole_gene_by,600,4000,4,43,2,45,0.044444444444444446,0.35833333333333334,1
20072,1,1,pooled_guide_bh,600,4000,4,107,51,158,0.3227848101265823,0.8916666666666667,1
20072,1,1,whole_gene_bh,600,4000,4,49,2,51,0.0392156862745098,0.4083333333333333,1
20072,1,1,whole_gene_by,600,4000,4,0,0,0,0.0,0.0,0
20073,1,1,pooled_guide_bh,600,4000,4,114,60,174,0.3448275862068966,0.95,1
20073,1,1,whole_gene_bh,600,4000,4,61,3,64,0.046875,0.5083333333333333,1
20073,1,1,whole_gene_by,600,4000,4,0,0,0,0.0,0.0,0
20074,1,1,pooled_guide_bh,600,4000,4,110,68,178,0.38202247191011235,0.9166666666666666,1
20074,1,1,whole_gene_bh,600,4000,4,54,1,55,0.01818181818181818,0.45,1
20074,1,1,whole_gene_by,600,4000,4,0,0,0,0.0,0.0,0
20075,1,1,pooled_guide_bh,600,4000,4,105,69,174,0.39655172413793105,0.875,1
20075,1,1,whole_gene_bh,600,4000,4,46,1,47,0.02127659574468085,0.38333333333333336,1
20075,1,1,whole_gene_by,600,4000,4,0,0,0,0.0,0.0,0
20076,1,1,pooled_guide_bh,600,4000,4,112,55,167,0.32934131736526945,0.9333333333333333,1
20076,1,1,whole_gene_bh,600,4000,4,65,4,69,0.057971014492753624,0.5416666666666666,1
20076,1,1,whole_gene_by,600,4000,4,24,0,24,0.0,0.2,0
20077,1,1,pooled_guide_bh,600,4000,4,108,55,163,0.3374233128834356,0.9,1
20077,1,1,whole_gene_bh,600,4000,4,63,5,68,0.07352941176470588,0.525,1
20077,1,1,whole_gene_by,600,4000,4,0,0,0,0.0,0.0,0
20078,1,1,pooled_guide_bh,600,4000,4,113,78,191,0.4083769633507853,0.9416666666666667,1
20078,1,1,whole_gene_bh,600,4000,4,63,3,66,0.045454545454545456,0.525,1
20078,1,1,whole_gene_by,600,4000,4,0,0,0,0.0,0.0,0
20079,1,1,pooled_guide_bh,600,4000,4,109,63,172,0.36627906976744184,0.9083333333333333,1
20079,1,1,whole_gene_bh,600,4000,4,61,2,63,0.031746031746031744,0.5083333333333333,1
20079,1,1,whole_gene_by,600,4000,4,0,0,0,0.0,0.0,0
20080,1,1,pooled_guide_bh,600,4000,4,109,61,170,0.3588235294117647,0.9083333333333333,1
20080,1,1,whole_gene_bh,600,4000,4,42,1,43,0.023255813953488372,0.35,1
20080,1,1,whole_gene_by,600,4000,4,0,0,0,0.0,0.0,0
20081,1,1,pooled_guide_bh,600,4000,4,110,74,184,0.40217391304347827,0.9166666666666666,1
20081,1,1,whole_gene_bh,600,4000,4,50,0,50,0.0,0.4166666666666667,0
20081,1,1,whole_gene_by,600,4000,4,0,0,0,0.0,0.0,0
20082,1,1,pooled_guide_bh,600,4000,4,111,78,189,0.4126984126984127,0.925,1
20082,1,1,whole_gene_bh,600,4000,4,49,3,52,0.057692307692307696,0.4083333333333333,1
20082,1,1,whole_gene_by,600,4000,4,27,1,28,0.03571428571428571,0.225,1
20083,1,1,pooled_guide_bh,600,4000,4,114,74,188,0.39361702127659576,0.95,1
20083,1,1,whole_gene_bh,600,4000,4,52,2,54,0.037037037037037035,0.43333333333333335,1
20083,1,1,whole_gene_by,600,4000,4,0,0,0,0.0,0.0,0
20084,1,1,pooled_guide_bh,600,4000,4,114,69,183,0.3770491803278688,0.95,1
20084,1,1,whole_gene_bh,600,4000,4,62,1,63,0.015873015873015872,0.5166666666666667,1
20084,1,1,whole_gene_by,600,4000,4,0,0,0,0.0,0.0,0
20085,1,1,pooled_guide_bh,600,4000,4,107,80,187,0.42780748663101603,0.8916666666666667,1
20085,1,1,whole_gene_bh,600,4000,4,50,1,51,0.0196078431372549,0.4166666666666667,1
20085,1,1,whole_gene_by,600,4000,4,22,0,22,0.0,0.18333333333333332,0
20086,1,1,pooled_guide_bh,600,4000,4,113,70,183,0.3825136612021858,0.9416666666666667,1
20086,1,1,whole_gene_bh,600,4000,4,52,2,54,0.037037037037037035,0.43333333333333335,1
20086,1,1,whole_gene_by,600,4000,4,34,0,34,0.0,0.2833333333333333,0
20087,1,1,pooled_guide_bh,600,4000,4,109,63,172,0.36627906976744184,0.9083333333333333,1
20087,1,1,whole_gene_bh,600,4000,4,66,3,69,0.043478260869565216,0.55,1
20087,1,1,whole_gene_by,600,4000,4,22,0,22,0.0,0.18333333333333332,0
20088,1,1,pooled_guide_bh,600,4000,4,105,71,176,0.4034090909090909,0.875,1
20088,1,1,whole_gene_bh,600,4000,4,50,2,52,0.038461538461538464,0.4166666666666667,1
20088,1,1,whole_gene_by,600,4000,4,0,0,0,0.0,0.0,0
20089,1,1,pooled_guide_bh,600,4000,4,110,77,187,0.4117647058823529,0.9166666666666666,1
20089,1,1,whole_gene_bh,600,4000,4,47,4,51,0.0784313725490196,0.39166666666666666,1
20089,1,1,whole_gene_by,600,4000,4,28,0,28,0.0,0.23333333333333334,0
20090,1,1,pooled_guide_bh,600,4000,4,108,59,167,0.3532934131736527,0.9,1
20090,1,1,whole_gene_bh,600,4000,4,55,0,55,0.0,0.4583333333333333,0
20090,1,1,whole_gene_by,600,4000,4,21,0,21,0.0,0.175,0
20091,1,1,pooled_guide_bh,600,4000,4,106,64,170,0.3764705882352941,0.8833333333333333,1
20091,1,1,whole_gene_bh,600,4000,4,40,2,42,0.047619047619047616,0.3333333333333333,1
20091,1,1,whole_gene_by,600,4000,4,25,0,25,0.0,0.20833333333333334,0
20092,1,1,pooled_guide_bh,600,4000,4,113,46,159,0.2893081761006289,0.9416666666666667,1
20092,1,1,whole_gene_bh,600,4000,4,69,3,72,0.041666666666666664,0.575,1
20092,1,1,whole_gene_by,600,4000,4,0,0,0,0.0,0.0,0
20093,1,1,pooled_guide_bh,600,4000,4,109,65,174,0.3735632183908046,0.9083333333333333,1
20093,1,1,whole_gene_bh,600,4000,4,51,5,56,0.08928571428571429,0.425,1
20093,1,1,whole_gene_by,600,4000,4,0,0,0,0.0,0.0,0
20094,1,1,pooled_guide_bh,600,4000,4,110,55,165,0.3333333333333333,0.9166666666666666,1
20094,1,1,whole_gene_bh,600,4000,4,57,7,64,0.109375,0.475,1
20094,1,1,whole_gene_by,600,4000,4,0,0,0,0.0,0.0,0
20095,1,1,pooled_guide_bh,600,4000,4,110,50,160,0.3125,0.9166666666666666,1
20095,1,1,whole_gene_bh,600,4000,4,51,1,52,0.019230769230769232,0.425,1
20095,1,1,whole_gene_by,600,4000,4,0,0,0,0.0,0.0,0
20096,1,1,pooled_guide_bh,600,4000,4,113,49,162,0.30246913580246915,0.9416666666666667,1
20096,1,1,whole_gene_bh,600,4000,4,46,1,47,0.02127659574468085,0.38333333333333336,1
20096,1,1,whole_gene_by,600,4000,4,0,0,0,0.0,0.0,0
20097,1,1,pooled_guide_bh,600,4000,4,114,77,191,0.4031413612565445,0.95,1
20097,1,1,whole_gene_bh,600,4000,4,47,1,48,0.020833333333333332,0.39166666666666666,1
20097,1,1,whole_gene_by,600,4000,4,0,0,0,0.0,0.0,0
20098,1,1,pooled_guide_bh,600,4000,4,101,52,153,0.33986928104575165,0.8416666666666667,1
20098,1,1,whole_gene_bh,600,4000,4,47,3,50,0.06,0.39166666666666666,1
20098,1,1,whole_gene_by,600,4000,4,0,0,0,0.0,0.0,0
20099,1,1,pooled_guide_bh,600,4000,4,113,49,162,0.30246913580246915,0.9416666666666667,1
20099,1,1,whole_gene_bh,600,4000,4,59,2,61,0.03278688524590164,0.49166666666666664,1
20099,1,1,whole_gene_by,600,4000,4,0,0,0,0.0,0.0,0
20100,1,1,pooled_guide_bh,600,4000,4,110,64,174,0.367816091954023,0.9166666666666666,1
20100,1,1,whole_gene_bh,600,4000,4,55,2,57,0.03508771929824561,0.4583333333333333,1
20100,1,1,whole_gene_by,600,4000,4,0,0,0,0.0,0.0,0
20101,1,1,pooled_guide_bh,600,4000,4,104,65,169,0.38461538461538464,0.8666666666666667,1
20101,1,1,whole_gene_bh,600,4000,4,46,2,48,0.041666666666666664,0.38333333333333336,1
20101,1,1,whole_gene_by,600,4000,4,0,0,0,0.0,0.0,0
20102,1,1,pooled_guide_bh,600,4000,4,112,76,188,0.40425531914893614,0.9333333333333333,1
20102,1,1,whole_gene_bh,600,4000,4,42,1,43,0.023255813953488372,0.35,1
20102,1,1,whole_gene_by,600,4000,4,0,0,0,0.0,0.0,0
20103,1,1,pooled_guide_bh,600,4000,4,107,60,167,0.3592814371257485,0.8916666666666667,1
20103,1,1,whole_gene_bh,600,4000,4,51,1,52,0.019230769230769232,0.425,1
20103,1,1,whole_gene_by,600,4000,4,30,1,31,0.03225806451612903,0.25,1
20104,1,1,pooled_guide_bh,600,4000,4,109,65,174,0.3735632183908046,0.9083333333333333,1
20104,1,1,whole_gene_bh,600,4000,4,47,2,49,0.04081632653061224,0.39166666666666666,1
20104,1,1,whole_gene_by,600,4000,4,0,0,0,0.0,0.0,0
20105,1,1,pooled_guide_bh,600,4000,4,100,52,152,0.34210526315789475,0.8333333333333334,1
20105,1,1,whole_gene_bh,600,4000,4,46,2,48,0.041666666666666664,0.38333333333333336,1
20105,1,1,whole_gene_by,600,4000,4,0,0,0,0.0,0.0,0
20106,1,1,pooled_guide_bh,600,4000,4,106,55,161,0.3416149068322981,0.8833333333333333,1
20106,1,1,whole_gene_bh,600,4000,4,45,0,45,0.0,0.375,0
20106,1,1,whole_gene_by,600,4000,4,0,0,0,0.0,0.0,0
20107,1,1,pooled_guide_bh,600,4000,4,107,57,164,0.3475609756097561,0.8916666666666667,1
20107,1,1,whole_gene_bh,600,4000,4,47,1,48,0.020833333333333332,0.39166666666666666,1
20107,1,1,whole_gene_by,600,4000,4,0,0,0,0.0,0.0,0
20108,1,1,pooled_guide_bh,600,4000,4,111,63,174,0.3620689655172414,0.925,1
20108,1,1,whole_gene_bh,600,4000,4,55,5,60,0.08333333333333333,0.4583333333333333,1
20108,1,1,whole_gene_by,600,4000,4,0,0,0,0.0,0.0,0
20109,1,1,pooled_guide_bh,600,4000,4,109,45,154,0.2922077922077922,0.9083333333333333,1
20109,1,1,whole_gene_bh,600,4000,4,46,0,46,0.0,0.38333333333333336,0
20109,1,1,whole_gene_by,600,4000,4,0,0,0,0.0,0.0,0
20110,1,1,pooled_guide_bh,600,4000,4,105,53,158,0.33544303797468356,0.875,1
20110,1,1,whole_gene_bh,600,4000,4,55,3,58,0.05172413793103448,0.4583333333333333,1
20110,1,1,whole_gene_by,600,4000,4,0,0,0,0.0,0.0,0
20111,1,1,pooled_guide_bh,600,4000,4,109,76,185,0.41081081081081083,0.9083333333333333,1
20111,1,1,whole_gene_bh,600,4000,4,49,2,51,0.0392156862745098,0.4083333333333333,1
20111,1,1,whole_gene_by,600,4000,4,0,0,0,0.0,0.0,0
20112,1,1,pooled_guide_bh,600,4000,4,109,53,162,0.3271604938271605,0.9083333333333333,1
20112,1,1,whole_gene_bh,600,4000,4,57,1,58,0.017241379310344827,0.475,1
20112,1,1,whole_gene_by,600,4000,4,30,0,30,0.0,0.25,0
20113,1,1,pooled_guide_bh,600,4000,4,110,62,172,0.36046511627906974,0.9166666666666666,1
20113,1,1,whole_gene_bh,600,4000,4,71,2,73,0.0273972602739726,0.5916666666666667,1
20113,1,1,whole_gene_by,600,4000,4,0,0,0,0.0,0.0,0
20114,1,1,pooled_guide_bh,600,4000,4,104,65,169,0.38461538461538464,0.8666666666666667,1
20114,1,1,whole_gene_bh,600,4000,4,48,3,51,0.058823529411764705,0.4,1
20114,1,1,whole_gene_by,600,4000,4,0,0,0,0.0,0.0,0
20115,1,1,pooled_guide_bh,600,4000,4,109,71,180,0.39444444444444443,0.9083333333333333,1
20115,1,1,whole_gene_bh,600,4000,4,57,0,57,0.0,0.475,0
20115,1,1,whole_gene_by,600,4000,4,0,0,0,0.0,0.0,0
20116,1,1,pooled_guide_bh,600,4000,4,109,66,175,0.37714285714285717,0.9083333333333333,1
20116,1,1,whole_gene_bh,600,4000,4,56,4,60,0.06666666666666667,0.4666666666666667,1
20116,1,1,whole_gene_by,600,4000,4,0,0,0,0.0,0.0,0
20117,1,1,pooled_guide_bh,600,4000,4,112,66,178,0.3707865168539326,0.9333333333333333,1
20117,1,1,whole_gene_bh,600,4000,4,56,1,57,0.017543859649122806,0.4666666666666667,1
20117,1,1,whole_gene_by,600,4000,4,25,0,25,0.0,0.20833333333333334,0
20118,1,1,pooled_guide_bh,600,4000,4,110,66,176,0.375,0.9166666666666666,1
20118,1,1,whole_gene_bh,600,4000,4,38,1,39,0.02564102564102564,0.31666666666666665,1
20118,1,1,whole_gene_by,600,4000,4,0,0,0,0.0,0.0,0
20119,1,1,pooled_guide_bh,600,4000,4,109,68,177,0.384180790960452,0.9083333333333333,1
20119,1,1,whole_gene_bh,600,4000,4,59,2,61,0.03278688524590164,0.49166666666666664,1
20119,1,1,whole_gene_by,600,4000,4,23,0,23,0.0,0.19166666666666668,0
20120,1,1,pooled_guide_bh,600,4000,4,111,56,167,0.33532934131736525,0.925,1
20120,1,1,whole_gene_bh,600,4000,4,57,1,58,0.017241379310344827,0.475,1
20120,1,1,whole_gene_by,600,4000,4,41,1,42,0.023809523809523808,0.3416666666666667,1
20121,1,1,pooled_guide_bh,600,4000,4,110,46,156,0.2948717948717949,0.9166666666666666,1
20121,1,1,whole_gene_bh,600,4000,4,43,1,44,0.022727272727272728,0.35833333333333334,1
20121,1,1,whole_gene_by,600,4000,4,0,0,0,0.0,0.0,0
20122,1,1,pooled_guide_bh,600,4000,4,109,51,160,0.31875,0.9083333333333333,1
20122,1,1,whole_gene_bh,600,4000,4,53,4,57,0.07017543859649122,0.44166666666666665,1
20122,1,1,whole_gene_by,600,4000,4,0,0,0,0.0,0.0,0
20123,1,1,pooled_guide_bh,600,4000,4,109,64,173,0.3699421965317919,0.9083333333333333,1
20123,1,1,whole_gene_bh,600,4000,4,49,5,54,0.09259259259259259,0.4083333333333333,1
20123,1,1,whole_gene_by,600,4000,4,0,0,0,0.0,0.0,0
20124,1,1,pooled_guide_bh,600,4000,4,110,71,181,0.39226519337016574,0.9166666666666666,1
20124,1,1,whole_gene_bh,600,4000,4,50,5,55,0.09090909090909091,0.4166666666666667,1
20124,1,1,whole_gene_by,600,4000,4,28,1,29,0.034482758620689655,0.23333333333333334,1
20125,1,1,pooled_guide_bh,600,4000,4,111,59,170,0.34705882352941175,0.925,1
20125,1,1,whole_gene_bh,600,4000,4,46,1,47,0.02127659574468085,0.38333333333333336,1
20125,1,1,whole_gene_by,600,4000,4,0,0,0,0.0,0.0,0
20126,1,1,pooled_guide_bh,600,4000,4,101,48,149,0.3221476510067114,0.8416666666666667,1
20126,1,1,whole_gene_bh,600,4000,4,49,3,52,0.057692307692307696,0.4083333333333333,1
20126,1,1,whole_gene_by,600,4000,4,0,0,0,0.0,0.0,0
20127,1,1,pooled_guide_bh,600,4000,4,112,62,174,0.3563218390804598,0.9333333333333333,1
20127,1,1,whole_gene_bh,600,4000,4,54,0,54,0.0,0.45,0
20127,1,1,whole_gene_by,600,4000,4,0,0,0,0.0,0.0,0
20128,1,1,pooled_guide_bh,600,4000,4,111,49,160,0.30625,0.925,1
20128,1,1,whole_gene_bh,600,4000,4,60,2,62,0.03225806451612903,0.5,1
20128,1,1,whole_gene_by,600,4000,4,23,0,23,0.0,0.19166666666666668,0
20129,1,1,pooled_guide_bh,600,4000,4,112,84,196,0.42857142857142855,0.9333333333333333,1
20129,1,1,whole_gene_bh,600,4000,4,71,3,74,0.04054054054054054,0.5916666666666667,1
20129,1,1,whole_gene_by,600,4000,4,0,0,0,0.0,0.0,0
20130,1,1,pooled_guide_bh,600,4000,4,111,54,165,0.32727272727272727,0.925,1
20130,1,1,whole_gene_bh,600,4000,4,65,4,69,0.057971014492753624,0.5416666666666666,1
20130,1,1,whole_gene_by,600,4000,4,23,0,23,0.0,0.19166666666666668,0
20131,1,1,pooled_guide_bh,600,4000,4,108,76,184,0.41304347826086957,0.9,1
20131,1,1,whole_gene_bh,600,4000,4,62,1,63,0.015873015873015872,0.5166666666666667,1
20131,1,1,whole_gene_by,600,4000,4,22,0,22,0.0,0.18333333333333332,0
20132,1,1,pooled_guide_bh,600,4000,4,110,57,167,0.3413173652694611,0.9166666666666666,1
20132,1,1,whole_gene_bh,600,4000,4,61,2,63,0.031746031746031744,0.5083333333333333,1
20132,1,1,whole_gene_by,600,4000,4,0,0,0,0.0,0.0,0
20133,1,1,pooled_guide_bh,600,4000,4,106,57,163,0.3496932515337423,0.8833333333333333,1
20133,1,1,whole_gene_bh,600,4000,4,56,2,58,0.034482758620689655,0.4666666666666667,1
20133,1,1,whole_gene_by,600,4000,4,0,0,0,0.0,0.0,0
20134,1,1,pooled_guide_bh,600,4000,4,114,56,170,0.32941176470588235,0.95,1
20134,1,1,whole_gene_bh,600,4000,4,60,1,61,0.01639344262295082,0.5,1
20134,1,1,whole_gene_by,600,4000,4,0,0,0,0.0,0.0,0
20135,1,1,pooled_guide_bh,600,4000,4,108,58,166,0.3493975903614458,0.9,1
20135,1,1,whole_gene_bh,600,4000,4,54,2,56,0.03571428571428571,0.45,1
20135,1,1,whole_gene_by,600,4000,4,0,0,0,0.0,0.0,0
20136,1,1,pooled_guide_bh,600,4000,4,109,58,167,0.3473053892215569,0.9083333333333333,1
20136,1,1,whole_gene_bh,600,4000,4,67,5,72,0.06944444444444445,0.5583333333333333,1
20136,1,1,whole_gene_by,600,4000,4,25,0,25,0.0,0.20833333333333334,0
20137,1,1,pooled_guide_bh,600,4000,4,108,53,161,0.32919254658385094,0.9,1
20137,1,1,whole_gene_bh,600,4000,4,62,3,65,0.046153846153846156,0.5166666666666667,1
20137,1,1,whole_gene_by,600,4000,4,0,0,0,0.0,0.0,0
20138,1,1,pooled_guide_bh,600,4000,4,109,71,180,0.39444444444444443,0.9083333333333333,1
20138,1,1,whole_gene_bh,600,4000,4,65,5,70,0.07142857142857142,0.5416666666666666,1
20138,1,1,whole_gene_by,600,4000,4,26,0,26,0.0,0.21666666666666667,0
20139,1,1,pooled_guide_bh,600,4000,4,109,54,163,0.3312883435582822,0.9083333333333333,1
20139,1,1,whole_gene_bh,600,4000,4,52,3,55,0.05454545454545454,0.43333333333333335,1
20139,1,1,whole_gene_by,600,4000,4,0,0,0,0.0,0.0,0
20140,1,1,pooled_guide_bh,600,4000,4,110,60,170,0.35294117647058826,0.9166666666666666,1
20140,1,1,whole_gene_bh,600,4000,4,53,4,57,0.07017543859649122,0.44166666666666665,1
20140,1,1,whole_gene_by,600,4000,4,0,0,0,0.0,0.0,0
20141,1,1,pooled_guide_bh,600,4000,4,99,48,147,0.32653061224489793,0.825,1
20141,1,1,whole_gene_bh,600,4000,4,52,7,59,0.11864406779661017,0.43333333333333335,1
20141,1,1,whole_gene_by,600,4000,4,0,0,0,0.0,0.0,0
20142,1,1,pooled_guide_bh,600,4000,4,106,63,169,0.3727810650887574,0.8833333333333333,1
20142,1,1,whole_gene_bh,600,4000,4,52,2,54,0.037037037037037035,0.43333333333333335,1
20142,1,1,whole_gene_by,600,4000,4,0,0,0,0.0,0.0,0
20143,1,1,pooled_guide_bh,600,4000,4,107,62,169,0.3668639053254438,0.8916666666666667,1
20143,1,1,whole_gene_bh,600,4000,4,42,0,42,0.0,0.35,0
20143,1,1,whole_gene_by,600,4000,4,0,0,0,0.0,0.0,0
20144,1,1,pooled_guide_bh,600,4000,4,112,47,159,0.29559748427672955,0.9333333333333333,1
20144,1,1,whole_gene_bh,600,4000,4,58,2,60,0.03333333333333333,0.48333333333333334,1
20144,1,1,whole_gene_by,600,4000,4,32,1,33,0.030303030303030304,0.26666666666666666,1
20145,1,1,pooled_guide_bh,600,4000,4,103,60,163,0.36809815950920244,0.8583333333333333,1
20145,1,1,whole_gene_bh,600,4000,4,44,1,45,0.022222222222222223,0.36666666666666664,1
20145,1,1,whole_gene_by,600,4000,4,0,0,0,0.0,0.0,0
20146,1,1,pooled_guide_bh,600,4000,4,107,48,155,0.3096774193548387,0.8916666666666667,1
20146,1,1,whole_gene_bh,600,4000,4,47,1,48,0.020833333333333332,0.39166666666666666,1
20146,1,1,whole_gene_by,600,4000,4,0,0,0,0.0,0.0,0
20147,1,1,pooled_guide_bh,600,4000,4,110,62,172,0.36046511627906974,0.9166666666666666,1
20147,1,1,whole_gene_bh,600,4000,4,61,2,63,0.031746031746031744,0.5083333333333333,1
20147,1,1,whole_gene_by,600,4000,4,0,0,0,0.0,0.0,0
20148,1,1,pooled_guide_bh,600,4000,4,104,50,154,0.3246753246753247,0.8666666666666667,1
20148,1,1,whole_gene_bh,600,4000,4,44,1,45,0.022222222222222223,0.36666666666666664,1
20148,1,1,whole_gene_by,600,4000,4,0,0,0,0.0,0.0,0
20149,1,1,pooled_guide_bh,600,4000,4,109,52,161,0.32298136645962733,0.9083333333333333,1
20149,1,1,whole_gene_bh,600,4000,4,52,2,54,0.037037037037037035,0.43333333333333335,1
20149,1,1,whole_gene_by,600,4000,4,21,0,21,0.0,0.175,0
20150,1,1,pooled_guide_bh,600,4000,4,107,57,164,0.3475609756097561,0.8916666666666667,1
20150,1,1,whole_gene_bh,600,4000,4,56,2,58,0.034482758620689655,0.4666666666666667,1
20150,1,1,whole_gene_by,600,4000,4,0,0,0,0.0,0.0,0
20151,1,1,pooled_guide_bh,600,4000,4,114,50,164,0.3048780487804878,0.95,1
20151,1,1,whole_gene_bh,600,4000,4,53,2,55,0.03636363636363636,0.44166666666666665,1
20151,1,1,whole_gene_by,600,4000,4,25,0,25,0.0,0.20833333333333334,0
20152,1,1,pooled_guide_bh,600,4000,4,114,62,176,0.3522727272727273,0.95,1
20152,1,1,whole_gene_bh,600,4000,4,39,0,39,0.0,0.325,0
20152,1,1,whole_gene_by,600,4000,4,0,0,0,0.0,0.0,0
20153,1,1,pooled_guide_bh,600,4000,4,107,66,173,0.3815028901734104,0.8916666666666667,1
20153,1,1,whole_gene_bh,600,4000,4,62,2,64,0.03125,0.5166666666666667,1
20153,1,1,whole_gene_by,600,4000,4,28,0,28,0.0,0.23333333333333334,0
20154,1,1,pooled_guide_bh,600,4000,4,111,54,165,0.32727272727272727,0.925,1
20154,1,1,whole_gene_bh,600,4000,4,59,1,60,0.016666666666666666,0.49166666666666664,1
20154,1,1,whole_gene_by,600,4000,4,43,1,44,0.022727272727272728,0.35833333333333334,1
20155,1,1,pooled_guide_bh,600,4000,4,105,46,151,0.304635761589404,0.875,1
20155,1,1,whole_gene_bh,600,4000,4,59,2,61,0.03278688524590164,0.49166666666666664,1
20155,1,1,whole_gene_by,600,4000,4,22,0,22,0.0,0.18333333333333332,0
20156,1,1,pooled_guide_bh,600,4000,4,111,64,175,0.3657142857142857,0.925,1
20156,1,1,whole_gene_bh,600,4000,4,49,0,49,0.0,0.4083333333333333,0
20156,1,1,whole_gene_by,600,4000,4,30,0,30,0.0,0.25,0
20157,1,1,pooled_guide_bh,600,4000,4,112,53,165,0.3212121212121212,0.9333333333333333,1
20157,1,1,whole_gene_bh,600,4000,4,50,2,52,0.038461538461538464,0.4166666666666667,1
20157,1,1,whole_gene_by,600,4000,4,0,0,0,0.0,0.0,0
20158,1,1,pooled_guide_bh,600,4000,4,109,67,176,0.3806818181818182,0.9083333333333333,1
20158,1,1,whole_gene_bh,600,4000,4,48,4,52,0.07692307692307693,0.4,1
20158,1,1,whole_gene_by,600,4000,4,0,0,0,0.0,0.0,0
20159,1,1,pooled_guide_bh,600,4000,4,108,71,179,0.39664804469273746,0.9,1
20159,1,1,whole_gene_bh,600,4000,4,49,2,51,0.0392156862745098,0.4083333333333333,1
20159,1,1,whole_gene_by,600,4000,4,36,2,38,0.05263157894736842,0.3,1
20160,1,1,pooled_guide_bh,600,4000,4,110,55,165,0.3333333333333333,0.9166666666666666,1
20160,1,1,whole_gene_bh,600,4000,4,42,0,42,0.0,0.35,0
20160,1,1,whole_gene_by,600,4000,4,0,0,0,0.0,0.0,0
20161,1,1,pooled_guide_bh,600,4000,4,106,78,184,0.42391304347826086,0.8833333333333333,1
20161,1,1,whole_gene_bh,600,4000,4,46,3,49,0.061224489795918366,0.38333333333333336,1
20161,1,1,whole_gene_by,600,4000,4,0,0,0,0.0,0.0,0
20162,1,1,pooled_guide_bh,600,4000,4,107,51,158,0.3227848101265823,0.8916666666666667,1
20162,1,1,whole_gene_bh,600,4000,4,33,0,33,0.0,0.275,0
20162,1,1,whole_gene_by,600,4000,4,0,0,0,0.0,0.0,0
20163,1,1,pooled_guide_bh,600,4000,4,110,78,188,0.4148936170212766,0.9166666666666666,1
20163,1,1,whole_gene_bh,600,4000,4,42,0,42,0.0,0.35,0
20163,1,1,whole_gene_by,600,4000,4,0,0,0,0.0,0.0,0
20164,1,1,pooled_guide_bh,600,4000,4,112,60,172,0.3488372093023256,0.9333333333333333,1
20164,1,1,whole_gene_bh,600,4000,4,63,1,64,0.015625,0.525,1
20164,1,1,whole_gene_by,600,4000,4,0,0,0,0.0,0.0,0
20165,1,1,pooled_guide_bh,600,4000,4,115,65,180,0.3611111111111111,0.9583333333333334,1
20165,1,1,whole_gene_bh,600,4000,4,57,4,61,0.06557377049180328,0.475,1
20165,1,1,whole_gene_by,600,4000,4,0,0,0,0.0,0.0,0
20166,1,1,pooled_guide_bh,600,4000,4,104,56,160,0.35,0.8666666666666667,1
20166,1,1,whole_gene_bh,600,4000,4,58,3,61,0.04918032786885246,0.48333333333333334,1
20166,1,1,whole_gene_by,600,4000,4,24,0,24,0.0,0.2,0
20167,1,1,pooled_guide_bh,600,4000,4,111,82,193,0.42487046632124353,0.925,1
20167,1,1,whole_gene_bh,600,4000,4,59,2,61,0.03278688524590164,0.49166666666666664,1
20167,1,1,whole_gene_by,600,4000,4,0,0,0,0.0,0.0,0
20168,1,1,pooled_guide_bh,600,4000,4,111,60,171,0.3508771929824561,0.925,1
20168,1,1,whole_gene_bh,600,4000,4,55,1,56,0.017857142857142856,0.4583333333333333,1
20168,1,1,whole_gene_by,600,4000,4,0,0,0,0.0,0.0,0
20169,1,1,pooled_guide_bh,600,4000,4,109,55,164,0.3353658536585366,0.9083333333333333,1
20169,1,1,whole_gene_bh,600,4000,4,53,1,54,0.018518518518518517,0.44166666666666665,1
20169,1,1,whole_gene_by,600,4000,4,29,0,29,0.0,0.24166666666666667,0
20170,1,1,pooled_guide_bh,600,4000,4,105,68,173,0.3930635838150289,0.875,1
20170,1,1,whole_gene_bh,600,4000,4,52,2,54,0.037037037037037035,0.43333333333333335,1
20170,1,1,whole_gene_by,600,4000,4,0,0,0,0.0,0.0,0
20171,1,1,pooled_guide_bh,600,4000,4,108,67,175,0.38285714285714284,0.9,1
20171,1,1,whole_gene_bh,600,4000,4,53,1,54,0.018518518518518517,0.44166666666666665,1
20171,1,1,whole_gene_by,600,4000,4,0,0,0,0.0,0.0,0
20172,1,1,pooled_guide_bh,600,4000,4,111,60,171,0.3508771929824561,0.925,1
20172,1,1,whole_gene_bh,600,4000,4,75,3,78,0.038461538461538464,0.625,1
20172,1,1,whole_gene_by,600,4000,4,0,0,0,0.0,0.0,0
20173,1,1,pooled_guide_bh,600,4000,4,113,57,170,0.3352941176470588,0.9416666666666667,1
20173,1,1,whole_gene_bh,600,4000,4,58,3,61,0.04918032786885246,0.48333333333333334,1
20173,1,1,whole_gene_by,600,4000,4,0,0,0,0.0,0.0,0
20174,1,1,pooled_guide_bh,600,4000,4,112,53,165,0.3212121212121212,0.9333333333333333,1
20174,1,1,whole_gene_bh,600,4000,4,38,0,38,0.0,0.31666666666666665,0
20174,1,1,whole_gene_by,600,4000,4,0,0,0,0.0,0.0,0
20175,1,1,pooled_guide_bh,600,4000,4,105,65,170,0.38235294117647056,0.875,1
20175,1,1,whole_gene_bh,600,4000,4,41,1,42,0.023809523809523808,0.3416666666666667,1
20175,1,1,whole_gene_by,600,4000,4,0,0,0,0.0,0.0,0
20176,1,1,pooled_guide_bh,600,4000,4,115,60,175,0.34285714285714286,0.9583333333333334,1
20176,1,1,whole_gene_bh,600,4000,4,48,1,49,0.02040816326530612,0.4,1
20176,1,1,whole_gene_by,600,4000,4,0,0,0,0.0,0.0,0
20177,1,1,pooled_guide_bh,600,4000,4,110,56,166,0.3373493975903614,0.9166666666666666,1
20177,1,1,whole_gene_bh,600,4000,4,58,2,60,0.03333333333333333,0.48333333333333334,1
20177,1,1,whole_gene_by,600,4000,4,0,0,0,0.0,0.0,0
20178,1,1,pooled_guide_bh,600,4000,4,110,59,169,0.34911242603550297,0.9166666666666666,1
20178,1,1,whole_gene_bh,600,4000,4,47,2,49,0.04081632653061224,0.39166666666666666,1
20178,1,1,whole_gene_by,600,4000,4,0,0,0,0.0,0.0,0
20179,1,1,pooled_guide_bh,600,4000,4,109,62,171,0.36257309941520466,0.9083333333333333,1
20179,1,1,whole_gene_bh,600,4000,4,55,5,60,0.08333333333333333,0.4583333333333333,1
20179,1,1,whole_gene_by,600,4000,4,0,0,0,0.0,0.0,0
20180,1,1,pooled_guide_bh,600,4000,4,113,51,164,0.31097560975609756,0.9416666666666667,1
20180,1,1,whole_gene_bh,600,4000,4,56,1,57,0.017543859649122806,0.4666666666666667,1
20180,1,1,whole_gene_by,600,4000,4,0,0,0,0.0,0.0,0
20181,1,1,pooled_guide_bh,600,4000,4,106,75,181,0.4143646408839779,0.8833333333333333,1
20181,1,1,whole_gene_bh,600,4000,4,52,2,54,0.037037037037037035,0.43333333333333335,1
20181,1,1,whole_gene_by,600,4000,4,21,0,21,0.0,0.175,0
20182,1,1,pooled_guide_bh,600,4000,4,110,51,161,0.3167701863354037,0.9166666666666666,1
20182,1,1,whole_gene_bh,600,4000,4,62,2,64,0.03125,0.5166666666666667,1
20182,1,1,whole_gene_by,600,4000,4,0,0,0,0.0,0.0,0
20183,1,1,pooled_guide_bh,600,4000,4,105,65,170,0.38235294117647056,0.875,1
20183,1,1,whole_gene_bh,600,4000,4,62,4,66,0.06060606060606061,0.5166666666666667,1
20183,1,1,whole_gene_by,600,4000,4,22,0,22,0.0,0.18333333333333332,0
20184,1,1,pooled_guide_bh,600,4000,4,110,66,176,0.375,0.9166666666666666,1
20184,1,1,whole_gene_bh,600,4000,4,52,3,55,0.05454545454545454,0.43333333333333335,1
20184,1,1,whole_gene_by,600,4000,4,0,0,0,0.0,0.0,0
20185,1,1,pooled_guide_bh,600,4000,4,109,50,159,0.31446540880503143,0.9083333333333333,1
20185,1,1,whole_gene_bh,600,4000,4,71,2,73,0.0273972602739726,0.5916666666666667,1
20185,1,1,whole_gene_by,600,4000,4,43,0,43,0.0,0.35833333333333334,0
20186,1,1,pooled_guide_bh,600,4000,4,110,72,182,0.3956043956043956,0.9166666666666666,1
20186,1,1,whole_gene_bh,600,4000,4,71,2,73,0.0273972602739726,0.5916666666666667,1
20186,1,1,whole_gene_by,600,4000,4,27,0,27,0.0,0.225,0
20187,1,1,pooled_guide_bh,600,4000,4,111,52,163,0.31901840490797545,0.925,1
20187,1,1,whole_gene_bh,600,4000,4,66,4,70,0.05714285714285714,0.55,1
20187,1,1,whole_gene_by,600,4000,4,0,0,0,0.0,0.0,0
20188,1,1,pooled_guide_bh,600,4000,4,107,73,180,0.40555555555555556,0.8916666666666667,1
20188,1,1,whole_gene_bh,600,4000,4,47,2,49,0.04081632653061224,0.39166666666666666,1
20188,1,1,whole_gene_by,600,4000,4,0,0,0,0.0,0.0,0
20189,1,1,pooled_guide_bh,600,4000,4,102,67,169,0.39644970414201186,0.85,1
20189,1,1,whole_gene_bh,600,4000,4,45,1,46,0.021739130434782608,0.375,1
20189,1,1,whole_gene_by,600,4000,4,0,0,0,0.0,0.0,0
20190,1,1,pooled_guide_bh,600,4000,4,103,63,166,0.3795180722891566,0.8583333333333333,1
20190,1,1,whole_gene_bh,600,4000,4,32,0,32,0.0,0.26666666666666666,0
20190,1,1,whole_gene_by,600,4000,4,22,0,22,0.0,0.18333333333333332,0
20191,1,1,pooled_guide_bh,600,4000,4,115,71,186,0.3817204301075269,0.9583333333333334,1
20191,1,1,whole_gene_bh,600,4000,4,51,2,53,0.03773584905660377,0.425,1
20191,1,1,whole_gene_by,600,4000,4,0,0,0,0.0,0.0,0
20192,1,1,pooled_guide_bh,600,4000,4,110,59,169,0.34911242603550297,0.9166666666666666,1
20192,1,1,whole_gene_bh,600,4000,4,54,2,56,0.03571428571428571,0.45,1
20192,1,1,whole_gene_by,600,4000,4,0,0,0,0.0,0.0,0
20193,1,1,pooled_guide_bh,600,4000,4,114,58,172,0.3372093023255814,0.95,1
20193,1,1,whole_gene_bh,600,4000,4,42,1,43,0.023255813953488372,0.35,1
20193,1,1,whole_gene_by,600,4000,4,0,0,0,0.0,0.0,0
20194,1,1,pooled_guide_bh,600,4000,4,108,50,158,0.31645569620253167,0.9,1
20194,1,1,whole_gene_bh,600,4000,4,44,1,45,0.022222222222222223,0.36666666666666664,1
20194,1,1,whole_gene_by,600,4000,4,0,0,0,0.0,0.0,0
20195,1,1,pooled_guide_bh,600,4000,4,110,61,171,0.3567251461988304,0.9166666666666666,1
20195,1,1,whole_gene_bh,600,4000,4,56,5,61,0.08196721311475409,0.4666666666666667,1
20195,1,1,whole_gene_by,600,4000,4,45,0,45,0.0,0.375,0
20196,1,1,pooled_guide_bh,600,4000,4,115,56,171,0.32748538011695905,0.9583333333333334,1
20196,1,1,whole_gene_bh,600,4000,4,46,1,47,0.02127659574468085,0.38333333333333336,1
20196,1,1,whole_gene_by,600,4000,4,28,1,29,0.034482758620689655,0.23333333333333334,1
20197,1,1,pooled_guide_bh,600,4000,4,108,72,180,0.4,0.9,1
20197,1,1,whole_gene_bh,600,4000,4,65,2,67,0.029850746268656716,0.5416666666666666,1
20197,1,1,whole_gene_by,600,4000,4,0,0,0,0.0,0.0,0
20198,1,1,pooled_guide_bh,600,4000,4,110,67,177,0.3785310734463277,0.9166666666666666,1
20198,1,1,whole_gene_bh,600,4000,4,51,2,53,0.03773584905660377,0.425,1
20198,1,1,whole_gene_by,600,4000,4,0,0,0,0.0,0.0,0
20199,1,1,pooled_guide_bh,600,4000,4,106,56,162,0.345679012345679,0.8833333333333333,1
20199,1,1,whole_gene_bh,600,4000,4,39,0,39,0.0,0.325,0
20199,1,1,whole_gene_by,600,4000,4,0,0,0,0.0,0.0,0
