dataset,gene,essential,fold,fit_beta,fit_wald_z,fit_finite_depletion_p,fit_depletion_fdr,fit_control_beta,fit_control_depletion_p,fit_control_depletion_fdr,bagel2,mean_log2fc
hap1-tko,AARS,1,2,0.42164183261631233,1.1801288227561775,-0.035223983262159295,1.0,1.1448982728313006,-2.8660686136826114e-05,0.00037312363407233695,56.095,2.9219999999999997
hap1-tko,ABCE1,1,2,0.5743733241663213,1.5067709024888025,-0.01157891719927775,0.5192653227285356,1.4697793259627618,-2.8660686136826114e-05,0.00037312363407233695,68.533,3.357083333333333
hap1-tko,ABCF1,1,1,0.19161980746726298,0.5370053816342107,-0.17282393740506147,1.0,0.878869296290549,-2.8660686136826114e-05,0.00035687770853456925,39.356,2.2884166666666665
hap1-tko,ABCG8,0,1,-0.4043381289360785,-1.6619589083031279,-0.9987675904961165,1.0,0.12364554164964478,-0.14513771459688746,0.7714586932183735,-15.128,0.4209166666666666
hap1-tko,ACCSL,0,0,-0.41694208559160956,-1.7426894527368135,-0.9991115187297583,1.0,0.10366275281107401,-0.17792553953741652,0.8955914013578025,-15.874,0.38883333333333336
hap1-tko,ACTL6A,1,3,-0.06189120012530968,-0.6505329823323001,-0.65369292940873,1.0,0.2132686658791459,-0.04677423977530022,0.3306226146191703,10.963,1.3133333333333335
hap1-tko,ACTL7A,0,4,-0.57194343299175,-1.8554891592277682,-1.0,1.0,-0.07808194473487712,-0.7012410077097245,1.0,-28.046,-0.052166666666666694
hap1-tko,ACTL7B,0,4,-0.5577135725534951,-1.889631401266909,-0.9999713393138632,1.0,-0.04089730119855834,-0.5849932647387579,1.0,-25.198,0.049666666666666665
hap1-tko,ACTL9,0,1,-0.5069491815095812,-1.945739665319702,-0.9998853572554527,1.0,0.01877798308675708,-0.39600470035252644,1.0,-23.078,0.1484166666666666
hap1-tko,ACTR10,1,0,0.7445135519002525,2.0372197175447324,-0.0028660686136826115,0.2232078882397016,1.5472992937185797,-2.8660686136826114e-05,0.0003533467630084322,62.612,3.2449999999999997
hap1-tko,ACTR2,1,4,0.6492247490506022,2.03135620229854,-0.00604740477487031,0.33279803248458223,1.3398113933405909,-2.8660686136826114e-05,0.0003796398402862047,45.233,2.5679999999999996
hap1-tko,ACTRT1,0,0,-0.6892071132157345,-2.0729588176356644,-1.0,1.0,-0.2344118745793107,-0.9628557507666734,1.0,-39.005,-0.45291666666666663
hap1-tko,ADAD1,0,2,-0.6087845146165284,-2.078247995069501,-1.0,1.0,-0.10446236126514234,-0.767418531999656,1.0,-32.217,-0.16716666666666669
hap1-tko,ADAM18,0,1,-0.46252241102480557,-1.9270603332034173,-0.9997707145109054,1.0,0.05665216190460907,-0.28760998538305005,1.0,-19.623,0.26683333333333337
hap1-tko,ADAM2,0,2,-0.5252981884081874,-1.7657446940622044,-0.9999713393138632,1.0,0.013815581044856223,-0.41314379066234846,1.0,-24.748,0.09408333333333324
hap1-tko,ADAM20,0,2,-0.5713196622316908,-1.7779444653150782,-1.0,1.0,-0.04628249383717202,-0.6048837809177152,1.0,-25.949,0.05208333333333334
hap1-tko,ADAM30,0,3,-0.6017184235396077,-1.5980519170136485,-1.0,1.0,-0.1070693731028844,-0.7776790576366398,1.0,-38.219,-0.3405
hap1-tko,ADH7,0,4,-0.5245868897375138,-2.058334653049366,-0.9999713393138632,1.0,-0.00924121571973838,-0.48215872287982575,1.0,-23.977,0.09333333333333337
hap1-tko,ADSL,1,2,0.7174339520040142,1.6102827625264393,-0.003439282336419134,0.24690650353428722,1.6957079352515945,-2.8660686136826114e-05,0.00037312363407233695,80.978,3.7924166666666665
hap1-tko,ADSS,1,4,0.5137797872678007,1.6731098283645083,-0.018600785302800148,0.7147372238047326,1.1878559110182336,-2.8660686136826114e-05,0.0003796398402862047,37.971,2.308333333333333
hap1-tko,AFM,0,3,-0.6482371537626797,-2.127801726304603,-1.0,1.0,-0.1192184647416707,-0.8062537617150555,1.0,-33.253,-0.1735
hap1-tko,AHCY,1,2,0.5141964570820441,1.0791267687487243,-0.018600785302800148,0.7147372238047326,1.739358036668324,-2.8660686136826114e-05,0.00037312363407233695,69.331,3.3850000000000002
hap1-tko,AICDA,0,1,-0.6997272312493866,-1.784560736038091,-1.0,1.0,-0.23073132410326025,-0.9648333381101144,1.0,-43.636,-0.55625
hap1-tko,AIPL1,0,2,-0.5645791942859709,-2.0406093804186125,-0.9999713393138632,1.0,-0.06181901258334309,-0.6516006993207417,1.0,-29.062,-0.05683333333333332
hap1-tko,ALG1,1,2,0.6205686638243333,1.465294896024127,-0.0077383852569430514,0.38570323087820435,1.4607829736056719,-2.8660686136826114e-05,0.00037312363407233695,87.7,4.027583333333333
hap1-tko,ALG14,1,2,-0.22826034426913286,-0.666215910966436,-0.9484967470121235,1.0,0.3503661571193661,-0.005216244876902353,0.046522183986483404,6.162,1.1753333333333331
hap1-tko,ALG2,1,0,0.9680305218669163,2.3494350098409096,-0.000745177839557479,0.15413092072130974,1.8057879065299127,-2.8660686136826114e-05,0.0003533467630084322,78.687,3.8299999999999996
hap1-tko,ALPI,0,2,-0.7119099959622446,-1.9177872801313678,-1.0,1.0,-0.19934176424403457,-0.9349115817832679,1.0,-37.31,-0.34533333333333327
hap1-tko,ALX3,0,3,-0.15859250270322803,-0.6472788639813516,-0.8618268321343613,1.0,0.4015396651885804,-0.002808747241408959,0.027071047307391873,0.939,0.9762500000000001
hap1-tko,AMELX,0,3,-0.7003900991844899,-2.055493558802591,-1.0,1.0,-0.18495585853815186,-0.9195781147000659,1.0,-37.54,-0.31766666666666665
hap1-tko,ANAPC2,1,3,0.23532921086984357,0.5355263854180201,-0.12877246281275972,1.0,0.9669024763228781,-2.8660686136826114e-05,0.00038909390634780667,46.285,2.5010833333333333
hap1-tko,ANAPC4,1,3,0.5209861309910213,1.3184828238034316,-0.017740964718695365,0.6970520935081996,1.2322133212238675,-2.8660686136826114e-05,0.00038909390634780667,73.748,3.424583333333333
hap1-tko,ANAPC5,1,2,-0.09404786912609293,-0.3149482405781057,-0.7325098162850019,1.0,0.4632514869650651,-0.0006591957811470006,0.006748632865087691,10.119,1.31375
hap1-tko,ANKRD30A,0,2,-0.6182493420287195,-1.8914461921693841,-1.0,1.0,-0.22742834650658375,-0.9587286119629704,1.0,-40.395,-0.45324999999999993
hap1-tko,ANTXRL,0,2,-0.5664965507094291,-1.7599112589106545,-0.9999713393138632,1.0,-0.10000209501351633,-0.7574446132240406,1.0,-31.638,-0.1469166666666667
hap1-tko,APOA4,0,3,-0.5544482714848357,-1.744871736393054,-0.9999713393138632,1.0,-0.17607537003525647,-0.9081425009314723,1.0,-39.471,-0.38258333333333333
hap1-tko,APOBEC1,0,4,-0.643188072855847,-2.0017023075313,-1.0,1.0,-0.14760580804169407,-0.864177008397581,1.0,-32.903,-0.2258333333333333
hap1-tko,APOF,0,2,-0.46046947069060706,-1.6883396517000235,-0.9997707145109054,1.0,0.08014058437386637,-0.23238084319738614,0.9756639734244047,-19.038,0.29383333333333334
hap1-tko,AQP8,0,4,-0.6262623305330741,-2.0211415545849047,-1.0,1.0,-0.13839416210683303,-0.8468659539709381,1.0,-32.875,-0.22483333333333333
hap1-tko,AQR,1,0,0.06078632557219567,0.22649509943280924,-0.3698374939096042,1.0,0.6179902179541064,-2.8660686136826114e-05,0.0003533467630084322,14.5,1.4941666666666666
hap1-tko,ARCN1,1,0,-0.04175218613898248,-0.09628251547657615,-0.6033934252386002,1.0,0.5765637505951867,-8.598205841047835e-05,0.0010280719732493452,16.098,1.5523333333333333
hap1-tko,ARGFX,0,0,-0.4817705093768672,-1.8548158258868996,-0.9997993751970422,1.0,0.026264976858225708,-0.3705540110630248,1.0,-21.141,0.1971666666666666
hap1-tko,ARIH1,1,2,-0.15053152200190983,-0.5410287185230376,-0.8469232753432118,1.0,0.4100439041924957,-0.0020349087157146544,0.019591049970001183,5.202,1.14175
hap1-tko,ARL2,1,1,0.6193851070571257,1.786431339505212,-0.0077383852569430514,0.38570323087820435,1.383304247276827,-2.8660686136826114e-05,0.00035687770853456925,58.657,2.9499999999999997
hap1-tko,ART1,0,1,-0.6114474826979369,-1.9600043977207717,-1.0,1.0,-0.11925314420423197,-0.8063970651457396,1.0,-31.67,-0.1460833333333333
hap1-tko,ASB17,0,3,-0.42478616535646674,-1.710123372235207,-0.9992834828465793,1.0,0.08014293355692098,-0.23547619730016336,1.0,-19.74,0.2809166666666667
hap1-tko,ASIC5,0,1,-0.5964927999668013,-1.8538196760943682,-1.0,1.0,-0.10418352888882476,-0.7712877246281276,1.0,-29.946,-0.087
hap1-tko,ASZ1,0,4,-0.3693744288192141,-1.2390380292165555,-0.9971339313863173,1.0,0.15583956575992242,-0.0981055286463558,0.5781928875796205,-13.079,0.48300000000000015
hap1-tko,ATOH1,0,0,-0.4522923885061797,-2.1149867014016333,-0.9996274110802212,1.0,0.03147642948943052,-0.35467599094322316,1.0,-21.636,0.17916666666666667
hap1-tko,ATP2A2,1,4,0.5981863209087772,1.4435687031844537,-0.009515347797426271,0.4498516052197867,1.4737532870189138,-2.8660686136826114e-05,0.0003796398402862047,70.7,3.4785833333333334
hap1-tko,ATP4B,0,2,-0.44565993471733933,-1.5282949426615007,-0.9995987503940844,1.0,0.09186740653847493,-0.20721676076925283,0.9202893054021425,-16.97,0.3661666666666667
hap1-tko,ATP6V0B,1,3,0.2568934184322985,0.8305726133346135,-0.11008569545154911,1.0,0.9270092969488085,-2.8660686136826114e-05,0.00038909390634780667,30.523,1.9710833333333335
hap1-tko,ATP6V0C,1,1,1.2854437037225992,2.9193941666016445,-0.0002292854890946089,0.12790331084247086,2.2542032008107813,-2.8660686136826114e-05,0.00035687770853456925,98.019,4.299166666666666
hap1-tko,ATP6V1A,1,0,1.45778093355363,3.28095010693847,-2.8660686136826114e-05,0.035713262118352254,2.486225430151576,-2.8660686136826114e-05,0.0003533467630084322,78.949,3.8395
hap1-tko,ATP6V1D,1,4,0.15512113972929567,0.48803568724555363,-0.21744862572009974,1.0,0.7844773984131596,-2.8660686136826114e-05,0.0003796398402862047,21.058,1.7035833333333332
hap1-tko,ATP6V1E1,1,3,0.0007495218932941082,0.0026273801782804094,-0.49984236622624745,1.0,0.5758726712522518,-0.0002006248029577828,0.0023348230070703944,13.91,1.4124166666666669
hap1-tko,ATP6V1G3,0,3,-0.8148574157995518,-1.7247309827659543,-1.0,1.0,-0.3561157202102521,-0.997363216875412,1.0,-50.093,-0.7397499999999999
hap1-tko,ATR,1,4,-0.07611713183270416,-0.2074064977868034,-0.6891461981599839,1.0,0.5897727258557299,-0.0001719641168209567,0.0019840701176862367,34.801,2.1950000000000003
hap1-tko,AURKB,1,0,0.18785050781984305,0.42649219924239523,-0.17652116591671205,1.0,0.9282607272357893,-2.8660686136826114e-05,0.0003533467630084322,45.966,2.63925
hap1-tko,AWAT1,0,3,-0.5708143883828439,-1.8377930583284636,-1.0,1.0,-0.06656872383794912,-0.6647272935714081,1.0,-27.154,0.03158333333333331
hap1-tko,AWAT2,0,4,-0.6301944144663584,-1.8545729463143852,-1.0,1.0,-0.14984578244853286,-0.8685334326903786,1.0,-32.887,-0.22524999999999995
hap1-tko,B3GNT6,0,3,-0.6237805303629973,-1.3028125775438286,-1.0,1.0,-0.14724471093954597,-0.8641483477114442,1.0,-31.313,-0.10824999999999999
hap1-tko,BANF1,1,3,0.7674360560488858,1.959014178072933,-0.002378836949356568,0.19667682740059395,1.6775472303047583,-2.8660686136826114e-05,0.00038909390634780667,82.226,3.7096666666666667
hap1-tko,BANF2,0,2,-0.7941276959236356,-1.989380997626039,-1.0,1.0,-0.34570738531738393,-0.9963600928606231,1.0,-50.47,-0.8056666666666668
hap1-tko,BARHL1,0,0,-0.6926473761864963,-1.9840748602638942,-1.0,1.0,-0.20435198988280853,-0.9373477401048981,1.0,-36.465,-0.3605
hap1-tko,BEND2,0,1,-0.5288174611242354,-1.8644810118021402,-0.9999713393138632,1.0,-0.046425677529236625,-0.6025049439683586,1.0,-26.543,0.02966666666666667
hap1-tko,BHLHE23,0,2,-0.6578977603523327,-2.0338327603363675,-1.0,1.0,-0.15422634868163018,-0.8743802126622912,1.0,-34.668,-0.2529166666666667
hap1-tko,BIRC5,1,2,-0.11736800076110158,-0.4259787765130639,-0.7841277120174257,1.0,0.43652872692327577,-0.0012897308761571752,0.01278372450827382,3.122,1.069
hap1-tko,BIRC8,0,1,-0.6571728062202635,-2.0128151227200592,-1.0,1.0,-0.16785638445263723,-0.8981685821558568,1.0,-35.412,-0.2743333333333334
hap1-tko,BMP10,0,0,-0.836009173953752,-1.9683516500388056,-1.0,1.0,-0.3970166670899849,-0.998853572554527,1.0,-51.675,-0.9139999999999999
hap1-tko,BMP15,0,3,-0.6716752068252404,-1.9390783196928623,-1.0,1.0,-0.17921492540414607,-0.9117537473847124,1.0,-36.274,-0.2750833333333333
hap1-tko,BPIFA1,0,4,-0.7044655944832244,-1.9067284937962308,-1.0,1.0,-0.2034477471418316,-0.9416181823392852,1.0,-37.641,-0.39525
hap1-tko,BPIFA3,0,3,-0.5614610745520578,-1.9483203030363148,-0.9999713393138632,1.0,-0.04907877849278294,-0.6110171677509959,1.0,-27.261,0.028000000000000025
hap1-tko,BPIFB3,0,1,-0.6914342594851011,-1.9770476051101162,-1.0,1.0,-0.2231024636424639,-0.9590438795104754,1.0,-39.785,-0.42425
hap1-tko,BPIFB6,0,4,-0.4634616172785975,-1.8783331153419414,-0.9997707145109054,1.0,0.07140586684806371,-0.24949127282107134,1.0,-18.323,0.2955
hap1-tko,BPIFC,0,3,-0.4584996825444809,-1.6183347031226412,-0.9997420538247686,1.0,0.07632397160921338,-0.24421770657189534,1.0,-17.37,0.36058333333333337
hap1-tko,BRDT,0,3,-0.6109484854826283,-1.540504523156499,-1.0,1.0,-0.10897349310403259,-0.7827519990828581,1.0,-30.158,-0.06941666666666664
hap1-tko,BSND,0,4,-0.6406388493146852,-1.9240353063192346,-1.0,1.0,-0.12575346737731014,-0.8204121406666476,1.0,-30.505,-0.14008333333333334
hap1-tko,BUB1B,1,4,-0.023628294479691697,-0.08827858357549298,-0.558596772806741,1.0,0.5626822304648137,-0.0001719641168209567,0.0019840701176862367,12.299,1.3904166666666664
hap1-tko,BUB3,1,0,0.824734066747109,1.914504206107236,-0.001748301854346393,0.18597027956751724,1.7288499672582296,-2.8660686136826114e-05,0.0003533467630084322,91.99,4.314083333333334
hap1-tko,BUD31,1,2,0.44522774232178786,1.3465422679284729,-0.02995041701298329,0.9812452842705323,1.2039416609669027,-2.8660686136826114e-05,0.00037312363407233695,44.853,2.5287499999999996
hap1-tko,BYSL,1,0,0.14907706514419414,0.39890095769381806,-0.22636209910865265,1.0,0.7618850061063949,-2.8660686136826114e-05,0.0003533467630084322,31.601,2.1165
hap1-tko,C10orf113,0,4,-0.4839034839794638,-1.4969834139136955,-0.9997993751970422,1.0,0.010580970928804638,-0.41964976641540797,1.0,-18.157,0.30141666666666667
hap1-tko,C10orf120,0,0,-0.6370051340131838,-1.9542358414090955,-1.0,1.0,-0.169985761613097,-0.8945000143303431,1.0,-34.56,-0.2911666666666667
hap1-tko,C10orf53,0,4,-0.516653107714519,-1.7435092321752677,-0.9999426786277263,1.0,-0.035313802306295994,-0.5673382820784729,1.0,-24.702,0.06741666666666667
hap1-tko,C11orf40,0,3,-0.6511962725457778,-2.149617497293354,-1.0,1.0,-0.1723584863647803,-0.9024390243902439,1.0,-37.702,-0.32308333333333333
hap1-tko,C12orf40,0,1,-0.7208163737771173,-1.9366893511099437,-1.0,1.0,-0.2664642384170353,-0.9821730532228942,1.0,-45.059,-0.605
hap1-tko,C14orf183,0,0,-0.5826638072625433,-2.0581613190494785,-1.0,1.0,-0.09240948013209911,-0.7329683872631911,1.0,-29.328,-0.10074999999999998
hap1-tko,C16orf78,0,1,-0.6395680744845148,-2.022410902096067,-1.0,1.0,-0.1505920051789065,-0.870625662778367,1.0,-34.568,-0.24541666666666667
hap1-tko,C17orf102,0,3,-0.46514133435663885,-1.8163929981254856,-0.9997707145109054,1.0,0.05938484249316398,-0.28623427244848243,1.0,-20.025,0.2713333333333333
hap1-tko,C17orf78,0,1,-0.6593872964417823,-1.728549971155844,-1.0,1.0,-0.17910030071611963,-0.9165114212834256,1.0,-34.126,-0.23025000000000004
hap1-tko,C1orf109,1,3,-0.10530565686364027,-0.3021645475072526,-0.7568427388151673,1.0,0.530587196850094,-0.0004585709781892178,0.005181198649294628,42.719,2.3811666666666667
hap1-tko,C20orf173,0,1,-0.5501755067745762,-1.7470538058193292,-0.9999713393138632,1.0,-0.055449997799782685,-0.6313375942220056,1.0,-29.146,-0.05958333333333332
hap1-tko,C2orf83,0,1,-0.8169768112875767,-2.101972729199186,-1.0,1.0,-0.37066312915111865,-0.9983090195179273,1.0,-53.247,-0.8856666666666667
hap1-tko,C3orf30,0,3,-0.49674212811114205,-1.8739303797489708,-0.9998566965693159,1.0,0.015721758162663548,-0.40947522283683474,1.0,-23.251,0.16283333333333336
hap1-tko,C6orf10,0,3,-0.5560818411114529,-1.7806993726355442,-0.9999713393138632,1.0,-0.06220480829963468,-0.652059270298931,1.0,-27.248,0.02841666666666666
hap1-tko,C7orf66,0,1,-0.47178589189377207,-1.9632348365072012,-0.9997707145109054,1.0,0.037794838599795204,-0.33994439826889455,1.0,-21.046,0.21808333333333332
hap1-tko,C7orf71,0,2,-0.7408038406519029,-1.8481510238368288,-1.0,1.0,-0.25676845384793645,-0.9755810954114241,1.0,-41.977,-0.5085833333333333
hap1-tko,C8A,0,4,-0.7204609528178452,-1.9789716343510437,-1.0,1.0,-0.2515177083284478,-0.9755810954114241,1.0,-41.582,-0.5361666666666667
hap1-tko,C8B,0,1,-0.5090965653875685,-1.8615723997820137,-0.9998853572554527,1.0,-0.005492871067959996,-0.4718122151844315,1.0,-25.582,0.06258333333333335
hap1-tko,C8orf17,0,1,-0.7125372105728586,-1.9580866197490845,-1.0,1.0,-0.21109747643514856,-0.9492992462239546,1.0,-38.426,-0.37766666666666665
hap1-tko,C8orf86,0,1,-0.44978190062783574,-1.5461273406085225,-0.9996274110802212,1.0,0.06404662210057488,-0.269324467627755,1.0,-18.347,0.3105833333333333
hap1-tko,C9orf53,0,0,-0.7561978481242765,-2.0958689410362714,-1.0,1.0,-0.2774693767663595,-0.9827749276317675,1.0,-42.463,-0.57875
hap1-tko,CABP2,0,3,-0.7183254286137958,-1.8496935175068505,-1.0,1.0,-0.27186788171939114,-0.9837207302742828,1.0,-45.201,-0.57525
hap1-tko,CABP5,0,3,-0.4834825738409264,-1.7193666487740804,-0.9997993751970422,1.0,0.033023914694651074,-0.3595483075864836,1.0,-22.798,0.1780833333333334
hap1-tko,CABS1,0,1,-0.5276567274693841,-1.9883773099701352,-0.9999713393138632,1.0,-0.04254787700898528,-0.5900948668711129,1.0,-27.291,0.003999999999999976
hap1-tko,CACNG2,0,4,-0.42469055459724464,-1.6082933974304192,-0.9992834828465793,1.0,0.08808464289604657,-0.21117193545613483,0.9482353704072772,-16.978,0.34358333333333335
hap1-tko,CACNG3,0,2,-0.1861684845207037,-0.7111547601111524,-0.904244647616864,1.0,0.38603184943474905,-0.002980711358229916,0.027836461265696406,0.716,0.9848333333333334
hap1-tko,CACNG5,0,4,-0.7159188054213798,-2.070490038846876,-1.0,1.0,-0.24287240425760626,-0.9712819924909002,1.0,-41.659,-0.5389166666666667
hap1-tko,CATSPER4,0,4,-0.556433622552287,-1.7053710287280612,-0.9999713393138632,1.0,-0.04468041053173927,-0.5982058410478347,1.0,-23.893,0.09633333333333333
hap1-tko,CCDC155,0,4,-0.5761217459776883,-1.740552165608157,-1.0,1.0,-0.0723968471341693,-0.6838439712246711,1.0,-27.65,-0.038000000000000006
hap1-tko,CCDC172,0,1,-0.6548878497913089,-1.7841936328187824,-1.0,1.0,-0.17937378434528398,-0.9167407067725202,1.0,-36.304,-0.30491666666666667
hap1-tko,CCDC83,0,0,-0.5158428971610443,-1.958368388358731,-0.9999426786277263,1.0,-0.02124050119429064,-0.5204493995586255,1.0,-24.123,0.08866666666666669
hap1-tko,CCDC84,1,2,0.45375876532226395,1.1583962649541097,-0.028087472414089595,0.9487155549970018,1.3362981983728097,-2.8660686136826114e-05,0.00037312363407233695,62.248,3.13725
hap1-tko,CCKAR,0,0,-0.6686444692985,-2.1785745156360132,-1.0,1.0,-0.18632580399436674,-0.9167407067725202,1.0,-35.838,-0.33766666666666667
hap1-tko,CCL1,0,3,-0.5488597702312064,-1.8426063378690394,-0.9999713393138632,1.0,-0.04445394855835834,-0.5970307529162248,1.0,-26.716,0.04633333333333333
hap1-tko,CCNA2,1,2,0.2835604053635076,0.9805494294260675,-0.09162821357943308,1.0,0.9426340270095463,-2.8660686136826114e-05,0.00037312363407233695,32.431,2.09425
hap1-tko,CCNH,1,1,0.6490181889974358,1.9186321075531756,-0.00604740477487031,0.33279803248458223,1.3931404856255412,-2.8660686136826114e-05,0.00035687770853456925,56.858,2.888333333333333
hap1-tko,CCNK,1,4,0.07794204005490292,0.22214935010253178,-0.336906365538391,1.0,0.7064216627384422,-2.8660686136826114e-05,0.0003796398402862047,38.137,2.31425
hap1-tko,CCT2,1,4,1.0251874061730175,2.4550663289008345,-0.0005445530365996962,0.13698237524847443,1.9601152215283142,-2.8660686136826114e-05,0.0003796398402862047,77.009,3.7041666666666666
hap1-tko,CCT3,1,1,0.6293692895218335,1.6516382484110124,-0.007107850161932877,0.3701386449997583,1.3604534001736859,-2.8660686136826114e-05,0.00035687770853456925,52.465,2.7377499999999997
hap1-tko,CCT4,1,0,0.17205801427166242,0.5477039109984163,-0.19529391533633314,1.0,0.7835300913508914,-2.8660686136826114e-05,0.0003533467630084322,27.985,1.9849166666666664
hap1-tko,CCT5,1,1,0.5534572831317209,1.5826864493046857,-0.013957754148634318,0.6012173361059894,1.341767971042648,-2.8660686136826114e-05,0.00035687770853456925,57.746,2.91875
hap1-tko,CCT6A,1,0,0.8886602855069915,2.0262552067562662,-0.0011750881316098707,0.15413092072130974,1.7983156418617845,-2.8660686136826114e-05,0.0003533467630084322,76.21,3.7398333333333333
hap1-tko,CCT7,1,0,-0.012972189612829291,-0.031751204665818475,-0.532888137342008,1.0,0.5393430728197504,-0.0002292854890946089,0.002636707552574458,31.349,2.1073333333333335
hap1-tko,CCT8,1,1,0.5172754478399253,1.5159225905358769,-0.01808489295233728,0.7057963256230958,1.2182060337604597,-2.8660686136826114e-05,0.00035687770853456925,45.597,2.5023333333333335
hap1-tko,CCT8L2,0,1,-0.46663216917063816,-1.759694369804752,-0.9997707145109054,1.0,0.020661392775233895,-0.39030122381129806,1.0,-21.537,0.20124999999999998
hap1-tko,CD200R1L,0,0,-0.5650075916950793,-1.6809531437589988,-0.9999713393138632,1.0,-0.0907740613900003,-0.7289845518901723,1.0,-28.723,-0.07875000000000004
hap1-tko,CDC123,1,1,1.11310522942931,3.029228841746834,-0.0003439282336419134,0.13043104425833,1.9645023615690664,-2.8660686136826114e-05,0.00035687770853456925,74.995,3.5100000000000002
hap1-tko,CDC16,1,4,0.37829384222258133,1.231803431638028,-0.048207274082141524,1.0,1.1040042020031384,-2.8660686136826114e-05,0.0003796398402862047,35.102,2.20575
hap1-tko,CDC20,1,0,0.07649610386135615,0.2946380741761389,-0.33917055974320026,1.0,0.6551007907072426,-2.8660686136826114e-05,0.0003533467630084322,20.248,1.7033333333333334
hap1-tko,CDC27,1,2,0.050076669475501004,0.14531297965702408,-0.3909317589063082,1.0,0.7473424389514054,-2.8660686136826114e-05,0.00037312363407233695,20.353,1.6717499999999998
hap1-tko,CDC37,1,2,0.3973414970195265,1.2035270982810686,-0.041873262445902955,1.0,1.1522398978832153,-2.8660686136826114e-05,0.00037312363407233695,35.717,2.209166666666667
hap1-tko,CDC5L,1,1,-0.04802468033386575,-0.14274400498654508,-0.6186122495772549,1.0,0.5439949247083057,-0.0002292854890946089,0.0026125965756077416,32.033,2.037416666666667
hap1-tko,CDC73,1,1,0.36008159551558677,1.0419292308959367,-0.054655928462927404,1.0,1.0516097991599354,-2.8660686136826114e-05,0.00035687770853456925,55.762,2.8507500000000006
hap1-tko,CDCP2,0,4,-0.6747186657881523,-1.9959831469034017,-1.0,1.0,-0.19743025397461622,-0.9360580092287409,1.0,-36.415,-0.3514166666666667
hap1-tko,CDK1,1,1,0.45557570018070576,1.0428519110267123,-0.027772204866584507,0.9425799881275618,1.3093030990758288,-2.8660686136826114e-05,0.00035687770853456925,75.703,3.53425
hap1-tko,CDK7,1,1,0.5104151009140981,1.457062898689187,-0.01911667765326302,0.7276479898275171,1.2684616416353587,-2.8660686136826114e-05,0.00035687770853456925,56.53,2.877083333333333
hap1-tko,CDK9,1,2,-0.06658976327329509,-0.5466840513561518,-0.6649279183743659,1.0,1.0862659261166745,-2.8660686136826114e-05,0.00037312363407233695,77.924,3.6855833333333337
hap1-tko,CDT1,1,3,0.4516027784024379,1.2651253046655908,-0.028574704078415638,0.962327630594519,1.225418183043927,-2.8660686136826114e-05,0.00038909390634780667,65.828,3.15825
hap1-tko,CDX2,0,2,-0.3484045769250233,-0.9640841754914892,-0.9952423261012868,1.0,0.19414128669111566,-0.059872173339829755,0.3911872898551798,-8.958,0.6464166666666668
hap1-tko,CDX4,0,2,-0.6160947061449232,-1.7134459374038167,-1.0,1.0,-0.08218008004369727,-0.7092659998280358,1.0,-26.871,0.0198333333333333
hap1-tko,CEACAM7,0,2,-0.4947705809369609,-1.948057103383727,-0.9998566965693159,1.0,0.033669158829223604,-0.3516379582127196,1.0,-22.101,0.1866666666666667
hap1-tko,CEBPZ,1,2,0.5853575269633767,1.9653213097868545,-0.010461150439941532,0.48407100643177725,1.2798245082326434,-2.8660686136826114e-05,0.00037312363407233695,39.09,2.327166666666667
hap1-tko,CELA2A,0,2,-0.5450521260715288,-1.883489467937767,-0.9999713393138632,1.0,-0.04374457352644674,-0.5967728067409934,1.0,-26.868,0.019916666666666707
hap1-tko,CENPA,1,3,0.015889047372916625,0.05102335082300865,-0.4648763291393196,1.0,0.6326474252345167,-8.598205841047835e-05,0.0010706331256037079,16.564,1.5016666666666665
hap1-tko,CENPC,1,4,0.4070775110032424,1.0828292848338272,-0.03892121177380987,1.0,1.1654068968695193,-2.8660686136826114e-05,0.0003796398402862047,39.004,2.34525
hap1-tko,CER1,0,0,-0.6418052197568169,-1.9368928643984473,-1.0,1.0,-0.16903438497099746,-0.8929523372789545,1.0,-33.296,-0.24516666666666667
hap1-tko,CETN1,0,1,-0.6697551389300754,-1.7826173301137653,-1.0,1.0,-0.19497070475903916,-0.9345389928634892,1.0,-37.661,-0.3514166666666667
hap1-tko,CFHR5,0,4,-0.6861516384628378,-1.8314216578923797,-1.0,1.0,-0.20585814170090674,-0.9441689834054627,1.0,-39.07,-0.44633333333333325
hap1-tko,CFL1,1,2,0.43101917711670745,1.2232955808712154,-0.03318907454644464,1.0,1.2184069259946977,-2.8660686136826114e-05,0.00037312363407233695,44.288,2.509
hap1-tko,CHAF1A,1,3,-0.03136722439717947,-0.10177780347703509,-0.5781433607520564,1.0,0.575868478169915,-0.0002006248029577828,0.0023348230070703944,19.785,1.6099999999999999
hap1-tko,CHAF1B,1,4,0.7510763907516018,1.9236028359537929,-0.002751425869135307,0.22119181699108495,1.578252908062479,-2.8660686136826114e-05,0.0003796398402862047,68.838,3.412
hap1-tko,CHAT,0,0,-0.5651125657465875,-1.719953240253096,-0.9999713393138632,1.0,-0.07485541222668389,-0.6829841506405664,1.0,-25.153,0.05116666666666671
hap1-tko,CHEK1,1,4,0.06823970643593523,0.16332069729997184,-0.3553351867243702,1.0,0.7879234936250857,-2.8660686136826114e-05,0.0003796398402862047,47.14,2.636166666666667
hap1-tko,CHERP,1,1,0.5520705551945054,1.4657982786740784,-0.014187039637728927,0.6080906793124844,1.3905352317512745,-2.8660686136826114e-05,0.00035687770853456925,48.923,2.6163333333333334
hap1-tko,CHMP2A,1,0,0.26376482714429844,0.9522001528981331,-0.10481212920237311,1.0,0.8587295614382389,-2.8660686136826114e-05,0.0003533467630084322,23.74,1.8304166666666668
hap1-tko,CHMP6,1,0,-0.14175163086700257,-0.48526567382149804,-0.8308159697343155,1.0,0.3726033338405044,-0.004184460175976613,0.03952241893335788,-8.839,0.6448333333333334
hap1-tko,CHRNA6,0,3,-0.5463408055257418,-2.0588530212622227,-0.9999713393138632,1.0,-0.03028869795856812,-0.5526353500902812,1.0,-26.369,0.058
hap1-tko,CHRNB3,0,4,-0.5314542717222797,-1.79444626400626,-0.9999713393138632,1.0,-0.025911260429764528,-0.5364707231091113,1.0,-22.784,0.13599999999999998
hap1-tko,CIAO1,1,2,1.0344814832440645,2.6974132778098263,-0.00048723166432604396,0.13698237524847443,1.8875245191836907,-2.8660686136826114e-05,0.00037312363407233695,76.07,3.6207499999999997
hap1-tko,CINP,1,0,0.022312006793708577,0.0625808910366335,-0.4502880398956751,1.0,0.7136006836895319,-2.8660686136826114e-05,0.0003533467630084322,22.185,1.7738333333333334
hap1-tko,CKAP5,1,3,0.4429583925059796,1.3301931164907512,-0.030294345246625203,0.9841431151347797,1.1514571358470647,-2.8660686136826114e-05,0.00038909390634780667,42.357,2.369
hap1-tko,CLCA1,0,1,-0.7129409013676238,-1.9425565792470858,-1.0,1.0,-0.2556590180199055,-0.9780172537330544,1.0,-42.873,-0.5300833333333332
hap1-tko,CLDN17,0,1,-0.6023868017614424,-1.4517596158139703,-1.0,1.0,-0.13024794245356938,-0.8299274884640738,1.0,-17.671,0.33375
hap1-tko,CLEC2A,0,3,-0.6943132928623282,-2.0656716340498695,-1.0,1.0,-0.19384701567119686,-0.9306698002350177,1.0,-38.633,-0.3544166666666667
hap1-tko,CLEC3A,0,3,-0.5958787205659165,-2.013569724989226,-1.0,1.0,-0.07582173163301104,-0.6938752113725603,1.0,-28.958,-0.029083333333333326
hap1-tko,CLEC6A,0,4,-0.4931008756914285,-1.531765675802157,-0.9998566965693159,1.0,0.011324858319305037,-0.4173569115244619,1.0,-21.91,0.16725
hap1-tko,CLNS1A,1,0,-0.21430080881548944,-0.5888340295080806,-0.9358000630535095,1.0,0.3342594529357094,-0.007681063884669399,0.06892806556998851,35.737,2.267
hap1-tko,CLP1,1,1,0.4148658789511047,1.2897458395616541,-0.03677166031354791,1.0,1.118923471447041,-2.8660686136826114e-05,0.00035687770853456925,40.52,2.328333333333333
hap1-tko,CLRN1,0,2,-0.45981956604694096,-1.7783026264291792,-0.9997707145109054,1.0,0.0717787246907044,-0.250866985755639,1.0,-18.821,0.30141666666666667
hap1-tko,CLTC,1,4,0.3078161937468224,0.9895770370831876,-0.07778510217534608,1.0,0.9987358195480008,-2.8660686136826114e-05,0.0003796398402862047,31.215,2.0667500000000003
hap1-tko,CMPK1,1,3,0.6991564359886963,2.1157380164628035,-0.004012496059155656,0.2671679150838565,1.4800392492417467,-2.8660686136826114e-05,0.00038909390634780667,51.786,2.6860833333333334
hap1-tko,CMTR1,1,1,0.11858226019826015,0.3661449029751491,-0.26863661116047116,1.0,0.8088012176811918,-2.8660686136826114e-05,0.00035687770853456925,27.329,1.8761666666666668
hap1-tko,CNBD1,0,2,-0.41243111509046354,-1.2008105343301798,-0.9990255366713479,1.0,0.06823746891653214,-0.25937920953827637,1.0,-18.204,0.32299999999999995
hap1-tko,CNGA2,0,2,-0.8490445008739516,-1.7402450171547243,-1.0,1.0,-0.3866700011766506,-0.9987675904961165,1.0,-51.323,-0.8355
hap1-tko,CNGB3,0,2,-0.7350741635740771,-1.9100148645525898,-1.0,1.0,-0.24168635330311686,-0.9677280674099338,1.0,-40.6,-0.46041666666666664
hap1-tko,CNOT3,1,2,-0.08415578399035847,-0.25787308750606325,-0.7100111776675934,1.0,0.541970995542162,-0.0002292854890946089,0.0024599540942530458,16.475,1.5360833333333335
hap1-tko,CNPY1,0,0,-0.71848980442419,-2.046986857669098,-1.0,1.0,-0.24778528927318286,-0.9710813676879424,1.0,-39.662,-0.47683333333333333
hap1-tko,CNTNAP5,0,2,-0.5194587826741462,-1.9271891392925389,-0.9999426786277263,1.0,-0.042664461213099796,-0.5936774526382161,1.0,-33.999,-0.22949999999999998
hap1-tko,COA5,1,4,0.3706351756287091,1.0377749692522413,-0.05064343240377175,1.0,1.1759097730619734,-2.8660686136826114e-05,0.0003796398402862047,49.27,2.7123333333333335
hap1-tko,COL20A1,0,2,-0.5306306727458203,-1.8834308043713102,-0.9999713393138632,1.0,-0.01802192397700736,-0.5149465478203549,1.0,-25.005,0.08508333333333332
hap1-tko,COPA,1,3,0.7866526973394168,2.061796707293989,-0.0021782121463987847,0.19667682740059395,1.5842279967776804,-2.8660686136826114e-05,0.00038909390634780667,77.525,3.5515833333333333
hap1-tko,COPB1,1,1,0.20554982121441823,0.6189288163050675,-0.15774841649709095,1.0,0.8795574992672549,-2.8660686136826114e-05,0.00035687770853456925,23.682,1.7511666666666663
hap1-tko,COPB2,1,0,0.3433081309278665,0.9959312425806367,-0.06078931529620819,1.0,1.0574771788573112,-2.8660686136826114e-05,0.0003533467630084322,40.058,2.4242500000000002
hap1-tko,COPS3,1,4,0.17025302341278645,0.6030073676343977,-0.19715685993522686,1.0,0.7582893113751508,-2.8660686136826114e-05,0.0003796398402862047,21.699,1.7265000000000001
hap1-tko,COPS6,1,4,0.30561493742860324,0.9689834041087024,-0.07893152962081912,1.0,1.0004571695486264,-2.8660686136826114e-05,0.0003796398402862047,40.239,2.3894166666666665
hap1-tko,COPZ1,1,2,-0.25253862444296593,-0.8243162026697368,-0.9664383365337766,1.0,0.3031119605163005,-0.011177667593362185,0.09320956556701879,5.107,1.1384166666666666
hap1-tko,COQ4,1,0,0.24779494455800066,0.7476507741469581,-0.11776675933621851,1.0,0.9416919107273845,-2.8660686136826114e-05,0.0003533467630084322,34.569,2.2245
hap1-tko,COX10,1,1,0.5635080528793287,1.44399718437478,-0.012983290819982231,0.5705126155027457,1.3544064798211586,-2.8660686136826114e-05,0.00035687770853456925,52.978,2.7553333333333336
hap1-tko,COX11,1,1,0.3410637692474266,1.0693751284473803,-0.061849760683270756,1.0,1.0287634655288143,-2.8660686136826114e-05,0.00035687770853456925,35.099,2.1425
hap1-tko,COX15,1,3,0.1664392806121065,0.5530257555531427,-0.20245908687053968,1.0,0.782833603163223,-2.8660686136826114e-05,0.00038909390634780667,24.881,1.7813333333333334
hap1-tko,COX4I1,1,3,0.17327214937251856,0.5997951283903354,-0.19363159554039724,1.0,0.794153578343875,-2.8660686136826114e-05,0.00038909390634780667,23.272,1.72725
hap1-tko,COX5B,1,3,1.0198559495787394,2.745359794412723,-0.0005445530365996962,0.13698237524847443,1.8384763385640244,-2.8660686136826114e-05,0.00038909390634780667,74.028,3.434
hap1-tko,COX6B1,1,3,0.2082993424084919,0.6762970285963742,-0.1549683299418188,1.0,0.9121852905428904,-2.8660686136826114e-05,0.00038909390634780667,27.693,1.875916666666667
hap1-tko,COX7B2,0,0,-0.6425316600652186,-1.8148030483582627,-1.0,1.0,-0.17464456759201272,-0.9012066148863603,1.0,-32.256,-0.20733333333333331
hap1-tko,CPSF1,1,0,1.1100504789982641,2.6778397315204963,-0.0003439282336419134,0.13043104425833,2.092237319704046,-2.8660686136826114e-05,0.0003533467630084322,84.362,4.036499999999999
hap1-tko,CPSF2,1,1,0.5502567084877886,1.5441203248506317,-0.01438766444068671,0.6148968015585247,1.3335388490088125,-2.8660686136826114e-05,0.00035687770853456925,59.124,2.966
hap1-tko,CPSF3,1,3,0.24903268904845302,0.6154478559644058,-0.11656301051847182,1.0,1.094187366215541,-2.8660686136826114e-05,0.00038909390634780667,57.3,2.8714999999999997
hap1-tko,CPSF4,1,2,0.8585067408186577,2.2340144947656206,-0.0014043736207044796,0.16778042605937302,1.772644894881448,-2.8660686136826114e-05,0.00037312363407233695,61.288,3.103666666666667
hap1-tko,CPXCR1,0,4,-0.7943960813108372,-1.8603311903171478,-1.0,1.0,-0.33128889333142886,-0.996044825313118,1.0,-46.649,-0.7173333333333334
hap1-tko,CRNKL1,1,0,0.07166518692828926,0.23108410735282972,-0.3484279613653951,1.0,0.6750448485903987,-2.8660686136826114e-05,0.0003533467630084322,15.755,1.5398333333333332
hap1-tko,CRNN,0,4,-0.5367367285801987,-1.7032567481669199,-0.9999713393138632,1.0,-0.025852013446417178,-0.5362127769338798,1.0,-23.525,0.10950000000000001
hap1-tko,CRX,0,2,-0.5839434768977028,-1.605547199323773,-1.0,1.0,-0.10500746687451766,-0.7685649594451291,1.0,-31.845,-0.15416666666666665
hap1-tko,CRYGB,0,2,-0.7465176981552983,-2.0205481690562035,-1.0,1.0,-0.2596337947712041,-0.9768708262875814,1.0,-42.639,-0.5317500000000002
hap1-tko,CSE1L,1,3,0.47408281041698863,1.33304674736368,-0.024762832822217765,0.8669751511851194,1.153615551196299,-2.8660686136826114e-05,0.00038909390634780667,41.898,2.3535833333333334
hap1-tko,CSN2,0,2,-0.8434281323769157,-1.4506068508336498,-1.0,1.0,-0.39204104944544177,-0.9989108939268007,1.0,-47.856,-0.71425
hap1-tko,CSN3,0,4,-0.6033964786426071,-1.9886414191180612,-1.0,1.0,-0.09423548147558658,-0.7462956063168152,1.0,-30.127,-0.12658333333333333
hap1-tko,CST11,0,1,-0.6335204471978477,-1.6840464606399044,-1.0,1.0,-0.13798198485149932,-0.8462927402482016,1.0,-33.722,-0.21641666666666667
hap1-tko,CST5,0,0,-0.623506249287829,-2.083540855995199,-1.0,1.0,-0.11212702735950424,-0.7823220887908057,1.0,-29.932,-0.12275
hap1-tko,CST8,0,3,-0.5387954722510271,-1.4699093814581778,-0.9999713393138632,1.0,-0.04046909407821234,-0.5859963887535468,1.0,-24.329,0.12658333333333333
hap1-tko,CST9,0,2,-0.46191069832320986,-1.458809728436988,-0.9997707145109054,1.0,0.07023719780496925,-0.2544782322088791,1.0,-17.897,0.33375
hap1-tko,CST9L,0,4,-0.7146892208305816,-2.041980594437345,-1.0,1.0,-0.2122063103608644,-0.9508755839614801,1.0,-37.793,-0.4006666666666666
hap1-tko,CSTL1,0,1,-0.8420602492023826,-1.818403217231801,-1.0,1.0,-0.3965285618561867,-0.9991975007881688,1.0,-52.987,-0.8767499999999999
hap1-tko,CTCFL,0,4,-0.6820445576771014,-1.621828993047836,-1.0,1.0,-0.19205875886003868,-0.9296380155340919,1.0,-34.087,-0.26816666666666666
hap1-tko,CTDP1,1,3,-0.26859127883492595,-0.8572504968042773,-0.9751798458055085,1.0,0.2953557169611978,-0.014359003754549885,0.11968123291835772,11.565,1.3335833333333333
hap1-tko,CTPS1,1,1,0.8066030511922392,2.0037762025582326,-0.0019489266573041758,0.19652615917151067,1.6537738766396741,-2.8660686136826114e-05,0.00035687770853456925,65.654,3.189833333333333
hap1-tko,CTR9,1,0,0.10187161592263715,0.3738275733647238,-0.2949757817202144,1.0,0.6936837914517601,-2.8660686136826114e-05,0.0003533467630084322,17.823,1.6150833333333334
hap1-tko,CTRB1,0,2,-0.6033323460872331,-2.114610328365475,-1.0,1.0,-0.08757190721860116,-0.724742770341922,1.0,-30.742,-0.11558333333333336
hap1-tko,CXorf66,0,1,-0.6961827585386948,-1.9712068785588719,-1.0,1.0,-0.19888174438582848,-0.9387234530394658,1.0,-36.664,-0.31725000000000003
hap1-tko,CYLC2,0,0,-0.6467837673838394,-1.8285222708700906,-1.0,1.0,-0.1712822229007219,-0.8964776016737841,1.0,-32.838,-0.2285
hap1-tko,CYP11B1,0,0,-0.7236131639344928,-1.953496081354108,-1.0,1.0,-0.23704536191059145,-0.9646900346794303,1.0,-37.975,-0.41541666666666666
hap1-tko,CYP11B2,0,0,-0.5331229331605517,-1.8067997465603072,-0.9999713393138632,1.0,-0.018468956001640894,-0.51047548078301,1.0,-23.014,0.129
hap1-tko,CYP26C1,0,2,-0.663268469707742,-1.9921265582001388,-1.0,1.0,-0.1905152159059577,-0.9245077527156,1.0,-38.539,-0.3883333333333333
hap1-tko,CYP2A13,0,3,-0.4568980002724816,-1.5768730733955412,-0.9996560717663581,1.0,0.06496223035799663,-0.271302054971196,1.0,-17.982,0.33999999999999997
hap1-tko,CYP7A1,0,1,-0.6306653321590111,-1.587104306529252,-1.0,1.0,-0.15387915461712592,-0.8765870854948268,1.0,-33.172,-0.19758333333333333
hap1-tko,DAD1,1,3,0.5097009705097748,1.2988539444391232,-0.01925998108394715,0.7304138478466479,1.3210957808820545,-2.8660686136826114e-05,0.00038909390634780667,66.596,3.184083333333333
hap1-tko,DAZL,0,0,-0.7941575117695289,-2.051806466512707,-1.0,1.0,-0.35486782131009165,-0.9968473245249492,1.0,-49.749,-0.8439166666666666
hap1-tko,DBR1,1,2,0.8960376359121094,2.0610807498527155,-0.0011750881316098707,0.15413092072130974,1.8307744121646232,-2.8660686136826114e-05,0.00037312363407233695,82.233,3.8363333333333336
hap1-tko,DCAF4L2,0,0,-0.6386351892487059,-1.8525245402078303,-1.0,1.0,-0.1394713309755178,-0.8410478346851623,1.0,-30.367,-0.13858333333333334
hap1-tko,DCAF8L1,0,4,-0.6673977236648098,-2.004294148066935,-1.0,1.0,-0.16735380227312535,-0.897136797454931,1.0,-33.968,-0.2639166666666667
hap1-tko,DCTN5,1,4,0.1419094803356305,0.3517444254333605,-0.23607807170903672,1.0,1.023924374571842,-2.8660686136826114e-05,0.0003796398402862047,61.077,3.1345
hap1-tko,DDB1,1,1,0.036538399959650227,0.07669637988380308,-0.4189045885758505,1.0,0.7335261130333975,-2.8660686136826114e-05,0.00035687770853456925,37.452,2.2231666666666667
hap1-tko,DDI1,0,2,-0.676462532869293,-2.0743472860313013,-1.0,1.0,-0.18387341219346767,-0.9164254392250151,1.0,-37.808,-0.36275
hap1-tko,DDOST,1,4,0.6162345403179779,1.5401873320804553,-0.007996331432174486,0.3951728097288496,1.4678875747567834,-2.8660686136826114e-05,0.0003796398402862047,53.286,2.8559166666666664
hap1-tko,DDX10,1,1,0.016597094089026203,0.05209387789142537,-0.46338597346020466,1.0,0.6150997283475982,-5.732137227365223e-05,0.000696358871388484,34.209,2.112
hap1-tko,DDX18,1,4,0.32741164940248035,1.0891724577765636,-0.06766787996904645,1.0,0.9656578097407614,-2.8660686136826114e-05,0.0003796398402862047,30.821,2.0526666666666666
hap1-tko,DDX20,1,2,-0.24614553327730299,-0.5957119834006349,-0.9621678942993895,1.0,0.3158784085076883,-0.008884812702416096,0.07527710422226751,11.698,1.3690000000000002
hap1-tko,DDX21,1,0,-0.16239172539796962,-0.46848033906798686,-0.8685047720042418,1.0,0.3757933024919289,-0.004041156745292482,0.03829330767062865,12.011,1.4035833333333334
hap1-tko,DDX27,1,3,-0.135581601933151,-0.38026902401846774,-0.8195236593964059,1.0,0.4906435643952798,-0.000745177839557479,0.008069290757964136,5.283,1.1223333333333332
hap1-tko,DDX4,0,0,-0.7530885840986643,-1.9961233677222712,-1.0,1.0,-0.31076612645230517,-0.9920036685678255,1.0,-45.025,-0.6719999999999999
hap1-tko,DDX41,1,4,0.22901039655749883,0.8108734450644852,-0.13473388552921958,1.0,0.8764917695278212,-2.8660686136826114e-05,0.0003796398402862047,33.608,2.152333333333333
hap1-tko,DDX47,1,2,0.05491872890117846,0.15619343875989883,-0.38127310767819783,1.0,0.7521056023980308,-2.8660686136826114e-05,0.00037312363407233695,26.157,1.8747500000000001
hap1-tko,DDX49,1,1,0.3776138970079263,0.8851454289438095,-0.04843655957123614,1.0,1.2422524466102705,-2.8660686136826114e-05,0.00035687770853456925,41.403,2.3585833333333337
hap1-tko,DDX55,1,0,0.6398001780677893,1.2449766158705957,-0.006448654380785876,0.3472122705950914,1.5734013334298793,-2.8660686136826114e-05,0.0003533467630084322,76.12,3.736583333333334
hap1-tko,DDX56,1,3,0.3072954668540322,0.8763680627665263,-0.07818635178126164,1.0,1.0513028400032562,-2.8660686136826114e-05,0.00038909390634780667,43.083,2.393416666666667
hap1-tko,DEFA5,0,3,-0.8023826214182616,-1.4915043811365565,-1.0,1.0,-0.3499452257763697,-0.9969333065833597,1.0,-47.5,-0.6525833333333333
hap1-tko,DEFA6,0,3,-0.648544276967022,-2.134316489949969,-1.0,1.0,-0.15591617671020772,-0.8792525293055515,1.0,-36.564,-0.28483333333333327
hap1-tko,DEFB118,0,0,-0.5396518142579642,-1.8041014888620206,-0.9999713393138632,1.0,-0.03592882603229658,-0.5653033733627583,1.0,-23.905,0.09658333333333335
hap1-tko,DEFB123,0,1,-0.42314917957088805,-1.8295232402415427,-0.9992548221604425,1.0,0.1181621507244676,-0.15502565131409246,0.8058469866431296,-15.775,0.39875
hap1-tko,DEFB126,0,0,-0.7341421124575848,-2.221129138954915,-1.0,1.0,-0.2637877109394172,-0.9779026109885071,1.0,-41.803,-0.55475
hap1-tko,DEFB129,0,0,-0.7273693966591093,-1.8822007383887631,-1.0,1.0,-0.25559101788449956,-0.9746066320827721,1.0,-39.248,-0.46175000000000005
hap1-tko,DGAT2L6,0,2,-0.6586507214524708,-1.981648351332107,-1.0,1.0,-0.1625969968165925,-0.8873635034822733,1.0,-36.6,-0.3205
hap1-tko,DGCR8,1,2,0.7044225870815334,1.854912512537389,-0.0037832105700610474,0.26189725553458326,1.5984160307880955,-2.8660686136826114e-05,0.00037312363407233695,59.532,3.04225
hap1-tko,DHODH,1,2,0.41948074123498996,1.2789440531187313,-0.035567911495801206,1.0,1.1597633959777758,-2.8660686136826114e-05,0.00037312363407233695,35.474,2.2006666666666668
hap1-tko,DHPS,1,0,0.475366403599057,1.1993423568048662,-0.02450488664698633,0.8653598128677663,1.2872685579608958,-2.8660686136826114e-05,0.0003533467630084322,49.699,2.775083333333334
hap1-tko,DHX15,1,1,1.5324717867407711,3.902042821852166,-2.8660686136826114e-05,0.035713262118352254,2.4697699774253996,-2.8660686136826114e-05,0.00035687770853456925,94.81,4.189166666666667
hap1-tko,DHX33,1,0,0.3298788791331058,0.739982930631286,-0.06626350634834198,1.0,1.1822026424532728,-2.8660686136826114e-05,0.0003533467630084322,67.664,3.428833333333333
hap1-tko,DHX37,1,0,1.2693617787551787,3.082412004988803,-0.0002292854890946089,0.12790331084247086,2.2560709248867385,-2.8660686136826114e-05,0.0003533467630084322,85.429,4.075333333333333
hap1-tko,DHX8,1,4,0.22151404627166435,0.7721856067164588,-0.14169843226046833,1.0,0.8276992169236052,-2.8660686136826114e-05,0.0003796398402862047,22.267,1.7468333333333335
hap1-tko,DHX9,1,1,0.9321959802385191,2.677149944160232,-0.0010317847009257402,0.15413092072130974,1.7204022543920559,-2.8660686136826114e-05,0.00035687770853456925,67.045,3.2375
hap1-tko,DIMT1,1,1,0.24516165844551782,0.76245560400146,-0.12023157834398555,1.0,0.8869226224754129,-2.8660686136826114e-05,0.00035687770853456925,31.537,2.0204166666666667
hap1-tko,DIRC1,0,2,-0.6271581064441982,-1.8955147311543472,-1.0,1.0,-0.110517970353236,-0.7819494998710269,1.0,-32.538,-0.17841666666666664
hap1-tko,DIS3,1,2,-0.08016194627108635,-0.16657694392703826,-0.6995500272276518,1.0,0.961287322559928,-2.8660686136826114e-05,0.00037312363407233695,52.693,2.8029999999999995
hap1-tko,DKC1,1,4,1.191616400635408,3.136125630816946,-0.00025794617523143505,0.12790331084247086,2.057002547896914,-2.8660686136826114e-05,0.0003796398402862047,73.993,3.5963333333333334
hap1-tko,DLST,1,4,0.20685121566743,0.6505766949157055,-0.15657332836548107,1.0,0.8302101622135483,-2.8660686136826114e-05,0.0003796398402862047,37.402,2.288
hap1-tko,DMAP1,1,3,0.82127535601399,2.072596659619579,-0.001748301854346393,0.18597027956751724,1.6826510008007063,-2.8660686136826114e-05,0.00038909390634780667,62.686,3.052583333333333
hap1-tko,DMP1,0,1,-0.6205951586398788,-1.790891060136731,-1.0,1.0,-0.10924152651079062,-0.7828379811412686,1.0,-29.38,-0.06758333333333334
hap1-tko,DMRT1,0,2,-0.7391864740170537,-1.776240566073886,-1.0,1.0,-0.22754600205451841,-0.9588432547075177,1.0,-38.889,-0.4005833333333334
hap1-tko,DMRTB1,0,2,-0.5602793106916867,-1.6181398506549625,-0.9999713393138632,1.0,-0.03504883802256927,-0.5701470293198819,1.0,-23.497,0.1378333333333333
hap1-tko,DMRTC2,0,0,-0.5177534658659577,-1.880951226689488,-0.9999426786277263,1.0,-0.017758156138634355,-0.508497893439569,1.0,-23.424,0.11408333333333336
hap1-tko,DNAJA3,1,4,0.3830958806278679,1.068091339740631,-0.046573614972342435,1.0,1.123451684229077,-2.8660686136826114e-05,0.0003796398402862047,49.501,2.7205833333333334
hap1-tko,DNAJC9,1,0,0.7760928659390657,2.351074055579572,-0.0022928548909460895,0.19667682740059395,1.486274295951305,-2.8660686136826114e-05,0.0003533467630084322,49.88,2.7816666666666667
hap1-tko,DNM2,1,2,0.04377198643633799,0.11647588948448286,-0.4042589779599324,1.0,0.757977406846162,-2.8660686136826114e-05,0.00037312363407233695,36.424,2.2339166666666666
hap1-tko,DNMT1,1,4,-0.2579678629013987,-0.8711344409447245,-0.9695623513226906,1.0,0.2781599293662728,-0.018629445988936975,0.15136967176385913,-2.792,0.8508333333333333
hap1-tko,DOLK,1,0,0.9595890584102563,2.464666140982057,-0.0008311598979679573,0.15413092072130974,1.7863526241513796,-2.8660686136826114e-05,0.0003533467630084322,74.49,3.6772499999999995
hap1-tko,DONSON,1,1,0.5151897965112985,1.6632214643119907,-0.01845748187211602,0.7147372238047326,1.1703902218484854,-2.8660686136826114e-05,0.00035687770853456925,39.04,2.2775833333333333
hap1-tko,DPAGT1,1,4,1.026292368781764,2.6859026369177377,-0.0005445530365996962,0.13698237524847443,1.9390051635839949,-2.8660686136826114e-05,0.0003796398402862047,75.503,3.650333333333333
hap1-tko,DPRX,0,3,-0.6652684600926715,-1.9531926084577196,-1.0,1.0,-0.15627986579483427,-0.8799403857728354,1.0,-35.484,-0.2485
hap1-tko,DRD3,0,3,-0.16671355575102498,-0.7843165475588281,-0.8751827118741222,1.0,0.3830635378876875,-0.003725889197787395,0.03507724611732386,-0.353,0.9328333333333334
hap1-tko,DRGX,0,4,-0.4250210080513943,-1.624856574294086,-0.999340804218853,1.0,0.08387752990808557,-0.22074460462583476,0.9734301384473427,-16.743,0.352
hap1-tko,DSCR4,0,0,-0.747202602432492,-1.9845798284714402,-1.0,1.0,-0.2461724212125652,-0.9702502077899745,1.0,-38.378,-0.4300833333333334
hap1-tko,DSG4,0,4,-0.6648334828284532,-1.909689288740802,-1.0,1.0,-0.15949740347026778,-0.8848127024160959,1.0,-32.067,-0.19591666666666668
hap1-tko,DSPP,0,0,-0.5326932264173412,-1.869279522679491,-0.9999713393138632,1.0,-0.07742835049396321,-0.691611017167751,1.0,-28.927,-0.08616666666666667
hap1-tko,DTL,1,4,0.48476827823940366,1.3177099667040093,-0.02295720959559772,0.82745562271736,1.2322652159830836,-2.8660686136826114e-05,0.0003796398402862047,57.665,3.0125
hap1-tko,DTX2,0,4,-0.4052563041845214,-1.2196315553908643,-0.9987962511822533,1.0,0.13270489389710782,-0.1291737124186753,0.7035389987960633,-10.438,0.5774166666666666
hap1-tko,DTYMK,1,0,0.3954489984093791,1.1832485368110641,-0.042360494110229,1.0,1.0932163022782286,-2.8660686136826114e-05,0.0003533467630084322,44.038,2.5690833333333334
hap1-tko,DUSP21,0,4,-0.8419503589455694,-1.657268514121129,-1.0,1.0,-0.3746057769198755,-0.9988822332406638,1.0,-51.411,-0.8875833333333334
hap1-tko,DUXA,0,3,-0.4548841099497355,-1.5148756135761008,-0.9996274110802212,1.0,0.05951396950704403,-0.2858903442148405,1.0,-18.32,0.32866666666666666
hap1-tko,DYNAP,0,1,-0.599515039905944,-1.9415567262942992,-1.0,1.0,-0.10783656865161335,-0.7799432518414491,1.0,-31.792,-0.15025000000000002
hap1-tko,DYNC1I2,1,4,1.0237603740811663,2.8265108692448937,-0.0005445530365996962,0.13698237524847443,1.8618650740986984,-2.8660686136826114e-05,0.0003796398402862047,65.622,3.297
hap1-tko,ECD,1,0,0.3068154251325151,0.9166879277390814,-0.07841563727035625,1.0,0.9630209719003171,-2.8660686136826114e-05,0.0003533467630084322,39.419,2.401
hap1-tko,EEF2,1,3,-0.0757568233294865,-0.19048226792355508,-0.6879997707145109,1.0,0.5805710135822357,-0.0002006248029577828,0.0023348230070703944,62.225,3.0370833333333334
hap1-tko,EFCAB3,0,0,-0.7898176415165353,-1.7482947880854176,-1.0,1.0,-0.33723074299914635,-0.99521366541515,1.0,-44.02,-0.6354166666666667
hap1-tko,EFTUD2,1,0,0.6312242122467697,1.8427442638916047,-0.007021868103522399,0.3678573245223671,1.3447607512406945,-2.8660686136826114e-05,0.0003533467630084322,47.143,2.6820833333333334
hap1-tko,EGR4,0,4,-0.5007888616207724,-1.6477519888088714,-0.9998853572554527,1.0,0.02236293163874301,-0.38494167550371156,1.0,-20.719,0.20983333333333334
hap1-tko,EIF2B1,1,2,0.29387823862691737,0.8801320659812573,-0.08612536184116247,1.0,1.0230809273213446,-2.8660686136826114e-05,0.00037312363407233695,39.676,2.347666666666667
hap1-tko,EIF2B3,1,3,0.425337410607491,1.2058853955832394,-0.03436416267805451,1.0,1.1755439741389668,-2.8660686136826114e-05,0.00038909390634780667,55.385,2.8070833333333334
hap1-tko,EIF2B5,1,2,0.41158208760694515,1.1976829060938647,-0.03780344501447365,1.0,1.1383070989708517,-2.8660686136826114e-05,0.00037312363407233695,49.791,2.7015
hap1-tko,EIF2S1,1,1,0.4471945453291083,1.0535216189274672,-0.0295205067209309,0.9744522219589725,1.4675250698090765,-2.8660686136826114e-05,0.00035687770853456925,65.416,3.1816666666666666
hap1-tko,EIF2S3,1,3,0.5295768375865647,1.4019521206552181,-0.016709180017769627,0.6763147225289818,1.395034176229817,-2.8660686136826114e-05,0.00038909390634780667,55.927,2.8253333333333335
hap1-tko,EIF3A,1,0,1.149788416688819,2.9597154149291445,-0.00031526754750508726,0.12790331084247086,2.0606094175244576,-2.8660686136826114e-05,0.0003533467630084322,79.867,3.872916666666667
hap1-tko,EIF3B,1,0,0.4821089761428316,1.3744659975222757,-0.023473101946060587,0.8391152939529242,1.1806148477909884,-2.8660686136826114e-05,0.0003533467630084322,39.596,2.4074166666666668
hap1-tko,EIF3D,1,4,0.7841719676064212,2.3465471734270187,-0.002206872832535611,0.19667682740059395,1.5470950801006804,-2.8660686136826114e-05,0.0003796398402862047,63.265,3.2127499999999998
hap1-tko,EIF3G,1,2,0.2593642674845053,0.7329511525876464,-0.10813676879424493,1.0,0.952378377153791,-2.8660686136826114e-05,0.00037312363407233695,47.733,2.6294999999999997
hap1-tko,EIF3I,1,4,1.0089730482436206,2.6135415832126547,-0.0005732137227365224,0.13698237524847443,1.8515679267247656,-2.8660686136826114e-05,0.0003796398402862047,80.326,3.82275
hap1-tko,EIF4A3,1,2,1.0201423463823491,2.50181987053565,-0.0005445530365996962,0.13698237524847443,2.0073047971243567,-2.8660686136826114e-05,0.00037312363407233695,73.778,3.540583333333333
hap1-tko,EIF5B,1,1,0.3000295866820717,0.8912584800738935,-0.08194090166518586,1.0,0.9986968503451663,-2.8660686136826114e-05,0.00035687770853456925,54.104,2.7939166666666666
hap1-tko,EIF6,1,1,0.14471897400031714,0.33695814953744374,-0.23232352182511248,1.0,0.9869846667333197,-2.8660686136826114e-05,0.00035687770853456925,64.21,3.1403333333333334
hap1-tko,ELAC2,1,1,0.2547751155399377,0.6949377142069447,-0.11209194348112694,1.0,0.995873346467363,-2.8660686136826114e-05,0.00035687770853456925,37.43,2.2224166666666667
hap1-tko,ELL,1,3,0.3427039983728654,1.0770558917081339,-0.06104726147143963,1.0,0.9869290118022903,-2.8660686136826114e-05,0.00038909390634780667,33.933,2.08575
hap1-tko,ENTHD1,0,1,-0.6625753894052838,-2.109528115326007,-1.0,1.0,-0.21043745834055794,-0.9488406752457654,1.0,-40.918,-0.46308333333333346
hap1-tko,EPRS,1,4,-0.015846222537380526,-0.035366626859521695,-0.5397380413287094,1.0,0.6413734537468121,-0.00011464274454730446,0.0014419197394576252,26.542,1.8996666666666666
hap1-tko,ERCC2,1,2,0.6587282677571431,1.5990004586445532,-0.005474191052133788,0.3184727202765274,1.6380066977736494,-2.8660686136826114e-05,0.00037312363407233695,59.232,3.0317499999999997
hap1-tko,ERCC3,1,0,0.1526949949401912,0.5007910078184797,-0.22151844315152905,1.0,0.7643959439848167,-2.8660686136826114e-05,0.0003533467630084322,25.283,1.8865833333333335
hap1-tko,ERH,1,3,0.29120850458799286,0.7637758785286654,-0.0874724140895933,1.0,1.0897389981788719,-2.8660686136826114e-05,0.00038909390634780667,59.6,2.948833333333333
hap1-tko,ESX1,0,0,-0.5487786054834352,-1.8084750613062937,-0.9999713393138632,1.0,-0.02071024920370547,-0.5182425267260898,1.0,-22.655,0.1420833333333333
hap1-tko,EVX1,0,2,-0.6588207798919075,-2.065231906397171,-1.0,1.0,-0.11148336193432441,-0.7843569975065203,1.0,-31.726,-0.15
hap1-tko,EXOSC2,1,2,0.6871150045339952,1.6091359063788147,-0.0042417815482502655,0.2700652522234521,1.6952382213505726,-2.8660686136826114e-05,0.00037312363407233695,64.013,3.1990000000000003
hap1-tko,EXOSC3,1,2,0.8858068362889814,2.5635299415031225,-0.0011750881316098707,0.15413092072130974,1.7448523660317012,-2.8660686136826114e-05,0.00037312363407233695,58.811,3.0170000000000003
hap1-tko,EXOSC4,1,0,0.853005025182648,2.1083199057987403,-0.0014043736207044796,0.16778042605937302,1.7738032921541598,-2.8660686136826114e-05,0.0003533467630084322,77.357,3.781583333333333
hap1-tko,EXOSC6,1,1,0.20316655594033423,0.5846049990527219,-0.16004127138803703,1.0,0.8947019284050635,-2.8660686136826114e-05,0.00035687770853456925,47.804,2.578
hap1-tko,EXOSC7,1,2,1.049311147978788,3.0627833530870374,-0.00042991029205239175,0.13698237524847443,1.8881034933976617,-2.8660686136826114e-05,0.00037312363407233695,62.517,3.1466666666666665
hap1-tko,EXOSC8,1,4,0.35499049876579164,0.9078426822495408,-0.05623226620045284,1.0,1.0986471877377353,-2.8660686136826114e-05,0.0003796398402862047,52.992,2.845416666666667
hap1-tko,F13B,0,3,-0.6335662221223857,-1.8000570116000802,-1.0,1.0,-0.18497476902392415,-0.9195781147000659,1.0,-31.925,-0.12883333333333336
hap1-tko,F9,0,1,-0.65967560412775,-2.024607362159937,-1.0,1.0,-0.16529110520227866,-0.8943853715857958,1.0,-34.629,-0.2475
hap1-tko,FABP2,0,1,-0.6065318963113832,-1.9072229670820113,-1.0,1.0,-0.13119544041104786,-0.8321057006104726,1.0,-33.639,-0.21358333333333332
hap1-tko,FAM106A,0,1,-0.26548507029109547,-0.9434437767363886,-0.9739474363016251,1.0,0.2617966565712303,-0.025536671347912068,0.20267844934682713,-5.923,0.7364166666666667
hap1-tko,FAM47A,0,4,-0.6105012510822617,-1.9928295585324611,-1.0,1.0,-0.12194504865343692,-0.8125591126651572,1.0,-31.309,-0.16883333333333336
hap1-tko,FAM47B,0,4,-0.6799193010102333,-2.003238896462771,-1.0,1.0,-0.20091206396263653,-0.9393253274483391,1.0,-36.833,-0.3663333333333333
hap1-tko,FAM47C,0,2,-0.7877493420830586,-2.117178319648528,-1.0,1.0,-0.3144791474879293,-0.9928634891519303,1.0,-48.321,-0.7305
hap1-tko,FAM71A,0,3,-0.6175163028986469,-2.1710742666347485,-1.0,1.0,-0.12073823102981819,-0.8098650081682955,1.0,-33.417,-0.17900000000000002
hap1-tko,FAM71B,0,2,-0.49536214887422936,-1.7618674721400767,-0.9998566965693159,1.0,0.023895039191074906,-0.3810438221891032,1.0,-21.989,0.19058333333333335
hap1-tko,FAM71C,0,0,-0.6128703286479156,-1.8305421819048202,-1.0,1.0,-0.12814638660258315,-0.8176033934252386,1.0,-30.475,-0.14250000000000002
hap1-tko,FARS2,1,1,0.7644768659158783,1.931065956673574,-0.002378836949356568,0.19667682740059395,1.6720697872401695,-2.8660686136826114e-05,0.00035687770853456925,71.258,3.3819166666666667
hap1-tko,FARSA,1,0,0.036607464315509174,0.0718667884261247,-0.41876128514516636,1.0,1.1002936321886059,-2.8660686136826114e-05,0.0003533467630084322,63.301,3.270083333333333
hap1-tko,FARSB,1,4,0.33534703614167044,0.7857019518786716,-0.06382734802671176,1.0,1.320818527249029,-2.8660686136826114e-05,0.0003796398402862047,51.61,2.796
hap1-tko,FAU,1,2,0.267038260974478,0.7449145374488492,-0.10208936401937463,1.0,0.9810482779149362,-2.8660686136826114e-05,0.00037312363407233695,49.358,2.6863333333333332
hap1-tko,FCRL4,0,0,-0.5306654615712837,-1.4944539505932324,-0.9999713393138632,1.0,0.007214638007344744,-0.42950904244647614,1.0,-20.239,0.22999999999999998
hap1-tko,FEZF1,0,3,-0.45830285169584856,-1.3921424126366124,-0.9997133931386317,1.0,0.057926834536870246,-0.29010346507695395,1.0,-17.328,0.36200000000000004
hap1-tko,FEZF2,0,0,-0.5217321128952344,-1.9233543370408113,-0.9999426786277263,1.0,-0.04404128243422147,-0.5913559370611332,1.0,-25.197,0.049583333333333326
hap1-tko,FFAR1,0,4,-0.5373814315635126,-1.7724547037572782,-0.9999713393138632,1.0,-0.06337461750412501,-0.6566163193946863,1.0,-26.377,0.007500000000000014
hap1-tko,FGF3,0,3,-0.8136106964940764,-1.8251573807715353,-1.0,1.0,-0.3671817213945112,-0.997850448539738,1.0,-51.275,-0.7795
hap1-tko,FGF4,0,3,-0.5290196879798518,-1.9157913632022876,-0.9999713393138632,1.0,-0.000826190113013062,-0.46077785102175345,1.0,-24.661,0.11541666666666664
hap1-tko,FGF6,0,4,-0.44043018088989533,-1.3419409609234656,-0.9995414290218108,1.0,0.0675030825068926,-0.25943653091055,1.0,-17.673,0.31875
hap1-tko,FIGLA,0,1,-0.5448431760757667,-1.9585624634858367,-0.9999713393138632,1.0,-0.03427985821759347,-0.5632398039609068,1.0,-25.354,0.07041666666666666
hap1-tko,FLG2,0,3,-0.6615623698742563,-1.9798497857351292,-1.0,1.0,-0.1559075179128124,-0.8792525293055515,1.0,-34.145,-0.20350000000000001
hap1-tko,FMR1NB,0,3,-0.6547373723848042,-2.0803616754003276,-1.0,1.0,-0.17100878023514254,-0.9008626866527185,1.0,-38.219,-0.3405
hap1-tko,FNDC7,0,0,-0.5219185307438216,-1.8150281798434926,-0.9999713393138632,1.0,-0.02702812240227908,-0.5387349173139205,1.0,-23.949,0.09500000000000006
hap1-tko,FNDC9,0,3,-0.3559873810645369,-1.3856132515180521,-0.9958442005101602,1.0,0.19146666547656102,-0.06311083087329111,0.41750794258041846,-10.134,0.6039166666666667
hap1-tko,FNTA,1,0,-0.26828848793873084,-0.9300321680034734,-0.9750365423748244,1.0,0.27613160667216324,-0.018715428047347455,0.15415044489422866,-2.755,0.86625
hap1-tko,FNTB,1,0,0.5295941410847679,1.5068596312822538,-0.016709180017769627,0.6763147225289818,1.2360479374482825,-2.8660686136826114e-05,0.0003533467630084322,43.475,2.5485833333333336
hap1-tko,FOXB1,0,1,-0.7468906539027774,-1.9247515360034386,-1.0,1.0,-0.2787969449868062,-0.9863001920265971,1.0,-43.668,-0.5573333333333332
hap1-tko,FOXB2,0,3,-0.6347284282929703,-1.6906712713263514,-1.0,1.0,-0.15722581676743094,-0.8812301166489925,1.0,-29.566,-0.0495
hap1-tko,FOXE3,0,0,-0.6512673815466848,-1.5658810820983262,-1.0,1.0,-0.18456517783496762,-0.9148777621736265,1.0,-33.548,-0.2543333333333333
hap1-tko,FOXN1,0,0,-0.5187378953308733,-1.7426819197046572,-0.9999426786277263,1.0,-0.04024354657736637,-0.5798916626064028,1.0,-23.928,0.09574999999999999
hap1-tko,FOXR1,0,4,-0.6182125502769416,-1.7457758573816535,-1.0,1.0,-0.14014996720445536,-0.8501046115043994,1.0,-31.102,-0.16141666666666668
hap1-tko,FRMD7,0,0,-0.4757096176592975,-1.7799124076612223,-0.9997993751970422,1.0,0.027540277867774233,-0.3662262474563641,1.0,-19.339,0.26275
hap1-tko,FSCB,0,1,-0.76027553244199,-1.9011531668636605,-1.0,1.0,-0.28434631139138916,-0.9877905477057121,1.0,-43.403,-0.54825
hap1-tko,FTSJ3,1,3,0.7242924803488725,1.9306547671329064,-0.003238657533461351,0.23939991809844602,1.490848116493038,-2.8660686136826114e-05,0.00038909390634780667,70.556,3.31725
hap1-tko,FUT5,0,1,-0.5496039435890101,-1.919175484946021,-0.9999713393138632,1.0,-0.026520912610817154,-0.5376744719268579,1.0,-25.256,0.07374999999999998
hap1-tko,FUT9,0,3,-0.6694022022943251,-1.9651661508644362,-1.0,1.0,-0.18005189778877517,-0.9127282107133645,1.0,-36.765,-0.29158333333333336
hap1-tko,G6PC,0,4,-0.48792671414398137,-1.7458991140560751,-0.9997993751970422,1.0,0.02616373632700405,-0.3727322232094236,1.0,-19.187,0.2645833333333333
hap1-tko,GABPA,1,0,-0.042294048361202465,-0.1229208811806429,-0.6048837809177152,1.0,0.5716209972144038,-8.598205841047835e-05,0.0010280719732493452,22.865,1.7985833333333334
hap1-tko,GABRA1,0,3,-0.7752877655360609,-1.7196754638761347,-1.0,1.0,-0.31267486045704473,-0.9933793815023931,1.0,-45.144,-0.5733333333333333
hap1-tko,GABRA6,0,4,-0.67810194891919,-2.247227840344148,-1.0,1.0,-0.19941317642223821,-0.9379209538276346,1.0,-38.005,-0.40825
hap1-tko,GALNTL5,0,2,-0.7229336601257537,-2.0204590113261127,-1.0,1.0,-0.2486676920655711,-0.9712246711186265,1.0,-44.971,-0.6133333333333333
hap1-tko,GALR1,0,4,-0.5091939120150383,-1.7040610256169597,-0.9998853572554527,1.0,-0.028984325078973458,-0.5463586598263163,1.0,-30.752,-0.14891666666666667
hap1-tko,GALR3,0,2,-0.6652200612623078,-1.9734415796091693,-1.0,1.0,-0.172380918998991,-0.9023243816456966,1.0,-37.336,-0.34625000000000006
hap1-tko,GAPDH,1,4,0.2410833967188909,0.7901227029856721,-0.12387148548336248,1.0,0.9065678770026232,-2.8660686136826114e-05,0.0003796398402862047,33.459,2.147
hap1-tko,GART,1,0,0.06605362318526369,0.1951204005315093,-0.35949098621421,1.0,0.7513407316308299,-2.8660686136826114e-05,0.0003533467630084322,33.825,2.197416666666667
hap1-tko,GBP7,0,2,-0.7915631480078376,-1.948873434113948,-1.0,1.0,-0.35393006340348765,-0.9974491989338224,1.0,-51.17,-0.8301666666666667
hap1-tko,GCG,0,3,-0.6003056525856173,-1.8486310646644863,-1.0,1.0,-0.11073124004598221,-0.7869077985726979,1.0,-31.912,-0.12841666666666668
hap1-tko,GCM2,0,1,-0.4776396844637479,-1.539333607678227,-0.9997993751970422,1.0,0.030894875167534582,-0.359978217878536,1.0,-19.032,0.28708333333333336
hap1-tko,GDF2,0,2,-0.626213470909789,-1.8824986574134985,-1.0,1.0,-0.10650747909211244,-0.7722621879567797,1.0,-31.056,-0.12658333333333335
hap1-tko,GEMIN5,1,2,0.6494650389257232,1.451104636215605,-0.00604740477487031,0.33279803248458223,1.6084175066339994,-2.8660686136826114e-05,0.00037312363407233695,80.649,3.7809166666666663
hap1-tko,GEMIN8,1,1,0.6955938953612308,1.975588727697175,-0.004012496059155656,0.2671679150838565,1.464585440409773,-2.8660686136826114e-05,0.00035687770853456925,59.929,2.9935833333333335
hap1-tko,GFM1,1,3,0.29696405510093904,0.9202859592910397,-0.08391848900862686,1.0,0.96261023693782,-2.8660686136826114e-05,0.00038909390634780667,35.681,2.1445
hap1-tko,GFRA4,0,3,-0.41457697549141875,-1.584419136659832,-0.9990541973574847,1.0,0.08554149373808448,-0.22401192284543292,0.9945007581954795,-18.121,0.33533333333333337
hap1-tko,GFRAL,0,4,-0.3860954717875479,-1.1032411496388328,-0.9979937519704222,1.0,0.13096198178444532,-0.13198245966008426,0.7133583091079232,-12.14,0.5165833333333334
hap1-tko,GGPS1,1,2,0.8947207900699788,2.4036589786489087,-0.0011750881316098707,0.15413092072130974,1.788751774525676,-2.8660686136826114e-05,0.00037312363407233695,72.471,3.4948333333333332
hap1-tko,GH2,0,2,-0.8390495214718962,-1.9963215104388587,-1.0,1.0,-0.3765997443813583,-0.9985383050070219,1.0,-52.923,-0.8915
hap1-tko,GHRH,0,2,-0.47710584287180274,-1.8903656190593816,-0.9997993751970422,1.0,0.05325857849357541,-0.2972972972972973,1.0,-20.739,0.23433333333333334
hap1-tko,GHSR,0,3,-0.5706552113633202,-1.8663671367666919,-1.0,1.0,-0.047923425959991627,-0.6074059212977558,1.0,-26.054,0.06858333333333333
hap1-tko,GIF,0,1,-0.5580890809870447,-2.150575471849523,-0.9999713393138632,1.0,-0.07149631397475957,-0.6808919205525781,1.0,-29.409,-0.06858333333333333
hap1-tko,GINS2,1,2,0.46590359871903914,1.1321263516530176,-0.026081224384511766,0.8991837142051536,1.4813871078384204,-2.8660686136826114e-05,0.00037312363407233695,61.124,3.0979166666666664
hap1-tko,GINS3,1,1,0.5153851233593687,1.4584544347098254,-0.01845748187211602,0.7147372238047326,1.2780994780391184,-2.8660686136826114e-05,0.00035687770853456925,47.296,2.5605833333333337
hap1-tko,GINS4,1,2,-0.04155063338564872,-0.13327432796891267,-0.6028488722020006,1.0,0.5574951123478893,-0.0002006248029577828,0.002298029998423192,11.656,1.3675000000000002
hap1-tko,GJA8,0,3,-0.44229686750748226,-1.6840180357778074,-0.9995700897079476,1.0,0.07880157911779638,-0.23851423003066693,1.0,-18.082,0.33666666666666667
hap1-tko,GJA9,0,1,-0.5972449828204828,-1.8935394211532293,-1.0,1.0,-0.08462461884915798,-0.7191539365452408,1.0,-27.547,-0.004750000000000018
hap1-tko,GK2,0,4,-0.7340644307761697,-1.8631079968090407,-1.0,1.0,-0.24665726990336662,-0.9731449370897939,1.0,-41.659,-0.5389166666666667
hap1-tko,GKN2,0,0,-0.4860187265520131,-1.8185218099466693,-0.9997993751970422,1.0,0.01219389113146578,-0.41403227193259007,1.0,-21.491,0.18441666666666665
hap1-tko,GLRA1,0,2,-0.6147896343600019,-1.856374098290345,-1.0,1.0,-0.12663250994253406,-0.8199822303745952,1.0,-34.53,-0.24808333333333332
hap1-tko,GLRA2,0,1,-0.6713609441562288,-1.938421982701334,-1.0,1.0,-0.20023934443867844,-0.9398125591126651,1.0,-38.108,-0.3667499999999999
hap1-tko,GLT6D1,0,3,-0.42613284695586146,-1.7205611311633204,-0.9993694649049898,1.0,0.07553166758112266,-0.24602332979851538,1.0,-19.08,0.30308333333333337
hap1-tko,GML,0,1,-0.43279359319540583,-1.6151922417964677,-0.9994554469634003,1.0,0.08097953752464314,-0.2295720959559772,1.0,-17.421,0.3423333333333333
hap1-tko,GMPPB,1,2,1.2883229200564763,2.8448092054145797,-0.0002292854890946089,0.12790331084247086,2.3977055343246247,-2.8660686136826114e-05,0.00037312363407233695,82.688,3.85225
hap1-tko,GMPS,1,0,0.38333060118244755,1.1616443292583014,-0.04648763291393196,1.0,1.032509756309656,-2.8660686136826114e-05,0.0003533467630084322,45.343,2.6165833333333333
hap1-tko,GNL3,1,4,1.0442085433044463,2.7370240152478247,-0.00048723166432604396,0.13698237524847443,1.920353154456427,-2.8660686136826114e-05,0.0003796398402862047,72.914,3.5577500000000004
hap1-tko,GOLGA6L2,0,2,-0.5216363963360968,-1.5568999962242929,-0.9999426786277263,1.0,-0.09893923793999801,-0.7544352411796739,1.0,-32.722,-0.1848333333333334
hap1-tko,GOT1L1,0,4,-0.5401875766613414,-1.8818369624304645,-0.9999713393138632,1.0,-0.035818710600283646,-0.5693158694219139,1.0,-24.664,0.06875
hap1-tko,GPN3,1,0,1.7559508780636244,3.5811593961006154,-2.8660686136826114e-05,0.035713262118352254,3.023463169381378,-2.8660686136826114e-05,0.0003533467630084322,110.58,4.990583333333333
hap1-tko,GPR101,0,4,-0.6205466901892522,-1.9250582875617166,-1.0,1.0,-0.10421586551326051,-0.772548794818148,1.0,-28.664,-0.07425000000000001
hap1-tko,GPR111,0,3,-0.5498442910949494,-1.5163670907187747,-0.9999713393138632,1.0,-0.05881640594474129,-0.641827405348084,1.0,-36.435,-0.28049999999999997
hap1-tko,GPR119,0,3,-0.4475425036860238,-1.7157935640240956,-0.9996274110802212,1.0,0.07330308364901107,-0.2517554670258806,1.0,-18.545,0.32108333333333333
hap1-tko,GPR139,0,2,-0.6671177757888419,-1.9498440368169268,-1.0,1.0,-0.17437341240074827,-0.9047892006534637,1.0,-36.095,-0.3028333333333333
hap1-tko,GPR144,0,1,-0.6684393680981218,-1.876969303980223,-1.0,1.0,-0.1875760199679996,-0.9261127511392623,1.0,-36.914,-0.3258333333333333
hap1-tko,GPR148,0,0,-0.6048908524473161,-1.8934115605854818,-1.0,1.0,-0.10506623002949078,-0.7643804992691525,1.0,-27.906,-0.04900000000000001
hap1-tko,GPR151,0,2,-0.16198551426945615,-0.6592101068967229,-0.8678455762230948,1.0,0.4009819605304882,-0.002378836949356568,0.022676945672964657,1.605,1.0159166666666666
hap1-tko,GPR152,0,2,-0.5408174978284921,-1.5223508861242534,-0.9999713393138632,1.0,-0.016235656031807176,-0.5092144105929896,1.0,-21.749,0.19899999999999998
hap1-tko,GPR26,0,3,-0.49053503328518727,-1.9283089879039994,-0.9998566965693159,1.0,0.02191168769843287,-0.391304347826087,1.0,-22.805,0.17783333333333332
hap1-tko,GPR31,0,2,-0.6288595515463703,-1.6796265229658152,-1.0,1.0,-0.1498973267531599,-0.8670430770112636,1.0,-35.268,-0.2739166666666666
hap1-tko,GPR32,0,3,-0.7029344192955717,-1.8107876887520813,-1.0,1.0,-0.23784313842323068,-0.9683872631910808,1.0,-41.907,-0.4644999999999999
hap1-tko,GPR45,0,1,-0.38460541560469513,-1.4551919830200442,-0.9978791092258749,1.0,0.13758235795176452,-0.12484594881201456,0.7014291713447968,-15.099,0.42191666666666666
hap1-tko,GPR50,0,4,-0.6803736838183998,-1.9752994032350508,-1.0,1.0,-0.18520560517775317,-0.9212690951821386,1.0,-35.35,-0.31333333333333335
hap1-tko,GPR52,0,2,-0.4500502978993565,-1.8967826772821796,-0.9996274110802212,1.0,0.07185371401242009,-0.250695021638818,1.0,-19.579,0.2749166666666667
hap1-tko,GPR78,0,4,-0.5097659953125704,-1.3093996867605722,-0.9998853572554527,1.0,-0.027575315699215935,-0.5421455389642028,1.0,-22.443,0.14816666666666659
hap1-tko,GPRC6A,0,2,-0.7029897890571483,-1.9513308619481264,-1.0,1.0,-0.21282952541805697,-0.9476655871141555,1.0,-38.704,-0.3940833333333333
hap1-tko,GPS1,1,4,0.1585809157655498,0.38182483749209356,-0.21303488005502852,1.0,0.9095830724287735,-2.8660686136826114e-05,0.0003796398402862047,51.461,2.7906666666666666
hap1-tko,GPX5,0,4,-0.7479163643930352,-2.109825692137802,-1.0,1.0,-0.2645556116879055,-0.9815711788140208,1.0,-42.084,-0.5540833333333334
hap1-tko,GPX6,0,1,-0.7891419952817335,-2.0968603784106055,-1.0,1.0,-0.326535078827688,-0.9955862543349288,1.0,-49.732,-0.7651666666666666
hap1-tko,GRK1,0,4,-0.6471942603512278,-1.9192113432074454,-1.0,1.0,-0.16517129290712457,-0.8942420681551116,1.0,-34.7,-0.29008333333333336
hap1-tko,GRM4,0,2,-0.578807764204493,-1.8390426007663394,-1.0,1.0,-0.09048915886904893,-0.732825083832507,1.0,-29.71,-0.07949999999999999
hap1-tko,GRM5,0,4,-0.47563286747052136,-1.5103644813157384,-0.9997993751970422,1.0,0.031986668899375466,-0.35605170387779084,1.0,-18.059,0.30491666666666667
hap1-tko,GRM6,0,0,-0.6942038615653583,-2.0367009449980595,-1.0,1.0,-0.21347229558929007,-0.946261213493451,1.0,-36.502,-0.36183333333333334
hap1-tko,GRPEL1,1,4,1.0577180109005349,2.6845658324184067,-0.00042991029205239175,0.13698237524847443,2.018666157129145,-2.8660686136826114e-05,0.0003796398402862047,75.147,3.6375833333333336
hap1-tko,GRWD1,1,2,0.04496875791597594,0.12619266190868297,-0.4015935341492075,1.0,0.7735478502424488,-2.8660686136826114e-05,0.00037312363407233695,42.537,2.4477499999999996
hap1-tko,GSC2,0,4,-0.5702828873107515,-1.765949478917043,-1.0,1.0,-0.1125068895711567,-0.7920667220773265,1.0,-25.17,0.05066666666666661
hap1-tko,GSPT1,1,1,0.09244053441238714,0.289285064812156,-0.3112263907597948,1.0,0.7692157222464328,-2.8660686136826114e-05,0.00035687770853456925,23.475,1.7440833333333334
hap1-tko,GSX1,0,0,-0.5555751463896196,-1.9638344314144216,-0.9999713393138632,1.0,-0.0730861466514444,-0.6778825485082113,1.0,-28.915,-0.08575
hap1-tko,GSX2,0,0,-0.48222336332638077,-1.814741737010443,-0.9997993751970422,1.0,-0.00619849561618512,-0.4707231091112321,1.0,-23.504,0.11116666666666666
hap1-tko,GTF2B,1,2,0.209782693487888,0.508145813785447,-0.15364993837952481,1.0,0.905030813672759,-2.8660686136826114e-05,0.00037312363407233695,48.536,2.657583333333333
hap1-tko,GTF2H1,1,2,0.013125136214827662,0.04946841796584968,-0.4708377518557794,1.0,0.6330308798815362,-8.598205841047835e-05,0.001069869478581166,12.177,1.38575
hap1-tko,GTF2H4,1,1,0.052229535762051756,0.19372440690638043,-0.38651801324123697,1.0,0.6458808128225116,-2.8660686136826114e-05,0.00035687770853456925,14.99,1.4532500000000002
hap1-tko,GTF3C1,1,1,0.24599958136898453,0.6527647765140648,-0.11942907913215442,1.0,0.9180207340741139,-2.8660686136826114e-05,0.00035687770853456925,44.189,2.454083333333333
hap1-tko,GTF3C2,1,4,-0.019245995893738935,-0.06998995182620732,-0.5482789257974836,1.0,0.5819649940424528,-0.0001719641168209567,0.0019840701176862367,10.996,1.3438333333333334
hap1-tko,GTF3C5,1,4,0.9376310929403354,2.658207802961558,-0.0009458026425152618,0.15413092072130974,1.7455396514691084,-2.8660686136826114e-05,0.0003796398402862047,61.093,3.135083333333333
hap1-tko,GTPBP4,1,3,0.4591797224271555,1.2662662578295358,-0.02708434839930068,0.9264440349525497,1.1983392751271265,-2.8660686136826114e-05,0.00038909390634780667,48.376,2.571416666666667
hap1-tko,GUCA2A,0,4,-0.5949596953369243,-2.0524444132168007,-1.0,1.0,-0.0874218493782982,-0.7274655355249204,1.0,-28.724,-0.07641666666666669
hap1-tko,GUCY2F,0,3,-0.5864593423403791,-1.7815978599383917,-1.0,1.0,-0.0828815516977891,-0.7145682267633487,1.0,-28.401,-0.010333333333333306
hap1-tko,GUK1,1,2,0.7005504710646986,1.6240201894317323,-0.003955174686882004,0.2671679150838565,1.6242218867414862,-2.8660686136826114e-05,0.00037312363407233695,78.052,3.6900833333333334
hap1-tko,H1FOO,0,0,-0.42576551618328806,-1.5458936060328323,-0.9993694649049898,1.0,0.10086414243442518,-0.18299848098363475,0.9110754853765719,-14.564,0.4365
hap1-tko,H2BFM,0,4,-0.43623609072431146,-1.63923248243745,-0.9995127683356739,1.0,0.10157923751294817,-0.18322776647272937,0.8733771977716811,-11.399,0.5430833333333335
hap1-tko,H2BFWT,0,0,-0.6317663476384738,-1.9824872590258875,-1.0,1.0,-0.1373469754244561,-0.8365194462755439,1.0,-33.605,-0.2564166666666666
hap1-tko,HAO1,0,2,-0.4558378054978393,-1.8738824361735913,-0.9996274110802212,1.0,0.03310968618287311,-0.3530709925195609,1.0,-22.687,0.16616666666666666
hap1-tko,HARS,1,1,0.5102594366773162,1.425844679955525,-0.019145338339399846,0.7276479898275171,1.2759165376572228,-2.8660686136826114e-05,0.00035687770853456925,48.998,2.6189166666666672
hap1-tko,HAUS1,1,3,0.5702636913373116,1.7018758387144584,-0.01223811298042475,0.5460201558657538,1.2618585256896242,-2.8660686136826114e-05,0.00038909390634780667,20.199,1.6239166666666667
hap1-tko,HAUS5,1,2,0.1364406505498271,0.48504617499295305,-0.24424636725803217,1.0,0.7387767491312784,-2.8660686136826114e-05,0.00037312363407233695,22.226,1.73725
hap1-tko,HCFC1,1,3,-0.32295879367196145,-1.022469291345164,-0.9917170617064572,1.0,0.1965588713706618,-0.05927029893095641,0.39921635708514847,-28.676,-0.019583333333333328
hap1-tko,HCRTR2,0,2,-0.552174500487256,-2.0026108877876467,-0.9999713393138632,1.0,-0.04081613133941287,-0.5878020119801668,1.0,-26.933,0.017666666666666678
hap1-tko,HDAC3,1,1,-0.5324321149131297,-1.7334198090416995,-0.9999713393138632,1.0,-0.04356155582408084,-0.5928749534263851,1.0,-24.051,0.11508333333333334
hap1-tko,HDGFL1,0,3,-0.46317071871214127,-1.9003799145976124,-0.9997707145109054,1.0,0.003853045121624632,-0.44596027628901436,1.0,-26.802,0.04341666666666666
hap1-tko,HEATR1,1,4,0.6232220615824494,1.7550965086178907,-0.007537760453985269,0.38225648581329363,1.4169698019755257,-2.8660686136826114e-05,0.0003796398402862047,57.005,2.988916666666667
hap1-tko,HINFP,1,2,0.5075771929957971,1.6213809459253528,-0.019374623828494454,0.731580763394125,1.2052655657016171,-2.8660686136826114e-05,0.00037312363407233695,47.854,2.63375
hap1-tko,HIST1H2AA,0,3,-0.68248865355616,-2.0887456066334384,-1.0,1.0,-0.21266589046885034,-0.9499871026912384,1.0,-40.408,-0.4140833333333333
hap1-tko,HIST1H2BA,0,4,-0.6463421533802185,-2.086610901177698,-1.0,1.0,-0.13710240853922942,-0.8443724742770342,1.0,-32.428,-0.20883333333333334
hap1-tko,HIST1H4G,0,4,-0.5959475361799236,-1.9260259729477223,-1.0,1.0,-0.0789876592475408,-0.7037918087759021,1.0,-27.235,-0.023166666666666655
hap1-tko,HJURP,1,1,-0.3007049182269011,-0.8414246465549149,-0.9866154595741022,1.0,0.25701911295402524,-0.027313633888395288,0.21482702578135968,18.936,1.5885
hap1-tko,HMX1,0,1,-0.6951567420743131,-2.0553884754261325,-1.0,1.0,-0.200683789302208,-0.9401851480324439,1.0,-38.723,-0.38783333333333336
hap1-tko,HNRNPK,1,0,0.7986831872191879,2.0044686954847855,-0.0020635694018514804,0.19667682740059395,1.7241119614481542,-2.8660686136826114e-05,0.0003533467630084322,76.975,3.767666666666666
hap1-tko,HNRNPL,1,2,0.3072036008754414,0.7168680950627387,-0.0782436731535353,1.0,1.1679261000862426,-2.8660686136826114e-05,0.00037312363407233695,61.117,3.0976666666666666
hap1-tko,HNRNPU,1,4,0.2363252306072618,0.5372958698088742,-0.12771201742569718,1.0,1.155326528445609,-2.8660686136826114e-05,0.0003796398402862047,63.401,3.2175833333333337
hap1-tko,HOXB1,0,1,-0.45373184654882115,-1.8000651330281163,-0.9996274110802212,1.0,0.07338752591546992,-0.24754234616376716,1.0,-18.755,0.2965833333333334
hap1-tko,HOXD12,0,0,-0.477889487695221,-1.7440106622809983,-0.9997993751970422,1.0,-0.008155957382417867,-0.4769711386890602,1.0,-22.881,0.13383333333333333
hap1-tko,HRG,0,4,-0.5178026018274116,-1.7664989751190865,-0.9999426786277263,1.0,-0.0022240885811601447,-0.4589435671089966,1.0,-21.851,0.16933333333333334
hap1-tko,HRH3,0,1,-0.5694703119577692,-1.803009234909356,-1.0,1.0,-0.09420352544002818,-0.7457510532802155,1.0,-30.539,-0.10733333333333332
hap1-tko,HSD17B10,1,2,0.3922437331438582,0.8362582410078565,-0.043277636066607436,1.0,1.1167289019251905,-2.8660686136826114e-05,0.00037312363407233695,44.219,2.5065833333333334
hap1-tko,HSPA9,1,1,1.1520351738457322,2.3962114141653768,-0.0002866068613682612,0.12790331084247086,2.235609716727046,-2.8660686136826114e-05,0.00035687770853456925,101.671,4.424333333333333
hap1-tko,HTR1A,0,3,-0.6625337884912846,-2.1074733290319285,-1.0,1.0,-0.18366060762418285,-0.9177151701011722,1.0,-39.322,-0.3775833333333334
hap1-tko,HTR2C,0,1,-0.5046559273112109,-1.7239416982451028,-0.9998853572554527,1.0,0.007279394809490515,-0.4316299332206013,1.0,-22.327,0.1741666666666667
hap1-tko,HTR3C,0,1,-0.5942910693478554,-1.6121551612394591,-1.0,1.0,-0.08020796451641383,-0.7062566277836692,1.0,-29.127,-0.05891666666666667
hap1-tko,HTR3D,0,0,-0.5308881606937378,-1.613869404481315,-0.9999713393138632,1.0,-0.07681641311681599,-0.6891175374738471,1.0,-27.026,-0.016999999999999987
hap1-tko,HTR3E,0,0,-0.5352535051397678,-1.4918245115810944,-0.9999713393138632,1.0,-0.05569430367615468,-0.6267232237539767,1.0,-23.156,0.12383333333333335
hap1-tko,HTR5A,0,4,-0.6618829561745064,-2.173207628458825,-1.0,1.0,-0.18671600062190477,-0.9239345389928635,1.0,-36.749,-0.36333333333333334
hap1-tko,HTR6,0,1,-0.6557238879705101,-1.876033793954786,-1.0,1.0,-0.20667581768106416,-0.9453727322232094,1.0,-39.642,-0.4193333333333333
hap1-tko,HUWE1,1,2,-0.05215298308111239,-0.20904703120023915,-0.6287008110974177,1.0,0.5249576219477533,-0.0002292854890946089,0.0024599540942530458,8.375,1.25275
hap1-tko,HYPK,1,3,0.695165535011546,1.6527985742530475,-0.004041156745292482,0.2680531536944005,1.5233893703361332,-2.8660686136826114e-05,0.00038909390634780667,67.084,3.2005
hap1-tko,IAPP,0,2,-0.5908881270465292,-1.972449863173888,-1.0,1.0,-0.08237305593329802,-0.7098105528646356,1.0,-29.532,-0.07324999999999997
hap1-tko,IARS,1,3,0.05982188415813984,0.15906645229769337,-0.37155713507781374,1.0,0.6665249286432873,-5.732137227365223e-05,0.0007423692199805962,26.365,1.8312500000000003
hap1-tko,IFIT1B,0,3,-0.5150467054156801,-1.8441519722128534,-0.9999426786277263,1.0,-0.020062973142735523,-0.5193029721131524,1.0,-25.179,0.09799999999999999
hap1-tko,IFNA2,0,2,-0.7087969724827468,-2.017834122870741,-1.0,1.0,-0.20533550637542963,-0.9408156831274541,1.0,-39.051,-0.40625
hap1-tko,IFNB1,0,2,-0.733014925296664,-1.8584994231649705,-1.0,1.0,-0.24925505824452002,-0.9715685993522685,1.0,-41.274,-0.48400000000000004
hap1-tko,IFNK,0,4,-0.5296563413399036,-1.9252863876902158,-0.9999713393138632,1.0,-0.05468137988249422,-0.6284715256083231,1.0,-28.424,-0.06566666666666668
hap1-tko,IFNL1,0,1,-0.5733335519240527,-1.7801129237367606,-1.0,1.0,-0.08231824287238657,-0.7123326932446763,1.0,-28.876,-0.050333333333333355
hap1-tko,IFNW1,0,2,-0.6711247859017214,-2.0226645591215413,-1.0,1.0,-0.19231628194037134,-0.9270298930956407,1.0,-38.315,-0.3805
hap1-tko,IGBP1,1,0,0.08854135083989956,0.3128293623377308,-0.3178183485712648,1.0,0.6748303646731618,-2.8660686136826114e-05,0.0003533467630084322,16.089,1.552
hap1-tko,IL12B,0,1,-0.6817495937682047,-1.5814177202915434,-1.0,1.0,-0.1853044005549548,-0.9233326645839901,1.0,-34.271,-0.23525
hap1-tko,IL13,0,4,-0.610947490690512,-1.7094834095560019,-1.0,1.0,-0.11103792437188219,-0.7882548508211287,1.0,-28.608,-0.07225
hap1-tko,IL17A,0,2,-0.6613721347242326,-1.9695761205169926,-1.0,1.0,-0.16613902874911174,-0.8931529620819122,1.0,-36.922,-0.33175
hap1-tko,IL17F,0,1,-0.4490979585903856,-1.6929347865668525,-0.9996274110802212,1.0,0.062236707226887414,-0.273938838095784,1.0,-19.772,0.26175
hap1-tko,IL1F10,0,1,-0.6565216138424482,-1.9591077572740132,-1.0,1.0,-0.1762361459031284,-0.9122409790490384,1.0,-36.795,-0.3217499999999999
hap1-tko,IL21,0,1,-0.7969036997786294,-1.96212294611995,-1.0,1.0,-0.31814264849878443,-0.9945544696340031,1.0,-48.321,-0.7168333333333333
hap1-tko,IL22,0,1,-0.6222029202648578,-1.825087486575029,-1.0,1.0,-0.12841838130272396,-0.8263449026969706,1.0,-31.198,-0.12991666666666668
hap1-tko,IL25,0,2,-0.7105160168763223,-1.852392622073763,-1.0,1.0,-0.21265670898911965,-0.9474649623111977,1.0,-39.13,-0.40900000000000003
hap1-tko,IL26,0,4,-0.768615270973218,-2.0214999655512305,-1.0,1.0,-0.28585440342871393,-0.9886790289759537,1.0,-44.104,-0.6263333333333333
hap1-tko,IL3,0,2,-0.4569909013138731,-1.9112201601728434,-0.9996560717663581,1.0,0.02097188871439192,-0.3902152417528876,1.0,-24.984,0.08583333333333337
hap1-tko,IL31,0,0,-0.7221823102975438,-2.092262921377619,-1.0,1.0,-0.24747986396319596,-0.9709380642572584,1.0,-40.143,-0.49433333333333335
hap1-tko,IL36A,0,2,-0.5650294302671433,-1.7554238584350736,-0.9999713393138632,1.0,-0.08798265364348715,-0.7258318764151214,1.0,-36.162,-0.3051666666666667
hap1-tko,IL36B,0,0,-0.6085335688227721,-2.0531508621749293,-1.0,1.0,-0.10611066442703916,-0.7667879969046459,1.0,-29.096,-0.09233333333333335
hap1-tko,IL36RN,0,2,-0.7116226400343594,-2.08328515399838,-1.0,1.0,-0.21922544992664628,-0.9531970995385629,1.0,-40.893,-0.4706666666666667
hap1-tko,IL9,0,3,-0.6231573039536012,-1.8977240184676563,-1.0,1.0,-0.08191938231117064,-0.7122467111862658,1.0,-29.035,-0.03166666666666664
hap1-tko,ILF3,1,4,0.12503735563238788,0.22415421586396952,-0.25972313777191824,1.0,0.8281472434139052,-2.8660686136826114e-05,0.0003796398402862047,29.951,2.0215833333333335
hap1-tko,IMP3,1,4,0.9932005495841396,2.519064618871042,-0.0006305350950101745,0.14102159913400633,1.9584668603092001,-2.8660686136826114e-05,0.0003796398402862047,80.423,3.8262500000000004
hap1-tko,IMP4,1,0,0.5749100508660615,1.3432279943705197,-0.011521595827004098,0.5192653227285356,1.3409960148850526,-2.8660686136826114e-05,0.0003533467630084322,66.766,3.396166666666667
hap1-tko,INS,0,1,-0.49045232486231005,-1.6875022802284643,-0.9998566965693159,1.0,0.005818721752965377,-0.4365882319222722,1.0,-22.251,0.17675
hap1-tko,INSL5,0,4,-0.6169735546374042,-2.154800545988554,-1.0,1.0,-0.13625073808704516,-0.8427388151672351,1.0,-33.539,-0.24858333333333335
hap1-tko,INSL6,0,1,-0.613080816360759,-1.7673526943271813,-1.0,1.0,-0.10073030667661068,-0.7629761256484481,1.0,-29.613,-0.07558333333333325
hap1-tko,INSM2,0,2,-0.569258102718272,-2.0268373079401676,-1.0,1.0,-0.07584791004077504,-0.6918403026568456,1.0,-29.472,-0.07116666666666666
hap1-tko,INSRR,0,4,-0.596106724361826,-1.753858544902331,-1.0,1.0,-0.1000187555689067,-0.7621163050643432,1.0,-31.537,-0.17699999999999994
hap1-tko,INTS1,1,2,0.2177424520314159,0.7618104805323802,-0.1456249462612135,1.0,0.8400192770771474,-2.8660686136826114e-05,0.00037312363407233695,25.268,1.8436666666666666
hap1-tko,INTS3,1,3,0.33451950846003314,1.058810076099427,-0.06414261557421684,1.0,1.0031983490417746,-2.8660686136826114e-05,0.00038909390634780667,36.669,2.17775
hap1-tko,INTS8,1,1,0.25800805293775486,0.7412639733177084,-0.10922587486744433,1.0,0.9937262974792073,-2.8660686136826114e-05,0.00035687770853456925,50.189,2.65975
hap1-tko,INTS9,1,1,0.1508074242200113,0.32043308428599837,-0.22415522627611706,1.0,1.0299480606112104,-2.8660686136826114e-05,0.00035687770853456925,72.878,3.4374166666666666
hap1-tko,IPO13,1,4,0.845564318222064,2.3508371176248612,-0.0014330343068413057,0.16778042605937302,1.637278485690107,-2.8660686136826114e-05,0.0003796398402862047,60.972,3.1307500000000004
hap1-tko,IQCF1,0,0,-0.7726612083809858,-1.8077453824194958,-1.0,1.0,-0.2888103061281531,-0.9867874236909232,1.0,-42.156,-0.5675833333333333
hap1-tko,IRGC,0,4,-0.6416124728343057,-1.5471971014371895,-1.0,1.0,-0.1593663467141571,-0.8846120776131381,1.0,-38.308,-0.41908333333333325
hap1-tko,ISCU,1,4,-0.186488403931323,-0.5774400326504427,-0.9046172365366427,1.0,0.41076315559593707,-0.0018916052850305237,0.018455846866531032,12.563,1.3998333333333333
hap1-tko,ISG20L2,1,4,-0.08041356598694052,-0.5870469283479777,-0.7002092230087988,1.0,1.5681716017864256,-2.8660686136826114e-05,0.0003796398402862047,102.084,4.60075
hap1-tko,ISX,0,2,-0.642064486409952,-2.024468756276623,-1.0,1.0,-0.1420985405675059,-0.8522255022785246,1.0,-34.218,-0.23716666666666664
hap1-tko,ITIH6,0,3,-0.7889819533198741,-2.1788555341476323,-1.0,1.0,-0.3133789578081617,-0.9935513456192141,1.0,-50.15,-0.7416666666666667
hap1-tko,IZUMO2,0,2,-0.4910051538164839,-1.807928050233261,-0.9998566965693159,1.0,0.052283960504660124,-0.29990541973574847,1.0,-19.567,0.2753333333333334
hap1-tko,KANSL3,1,0,0.29354316782481865,0.5921209861372099,-0.08641196870253073,1.0,1.13895168527251,-2.8660686136826114e-05,0.0003533467630084322,50.09,2.7893333333333334
hap1-tko,KARS,1,0,0.7018272923431988,1.8641921016651803,-0.003926514000745178,0.2671679150838565,1.5317285293314722,-2.8660686136826114e-05,0.0003533467630084322,58.144,3.0824166666666666
hap1-tko,KAT8,1,3,0.6517501180345503,1.7343424249387214,-0.005789458599638875,0.32474953463247647,1.524610368434647,-2.8660686136826114e-05,0.00038909390634780667,49.816,2.619833333333333
hap1-tko,KCNA10,0,2,-0.5769496141117109,-1.7426874589831418,-1.0,1.0,-0.09618192889909483,-0.7479579261127511,1.0,-31.078,-0.12733333333333333
hap1-tko,KCNB2,0,4,-0.8094607628298585,-1.990610371679762,-1.0,1.0,-0.3794640798223161,-0.9989968759852111,1.0,-52.669,-0.9325833333333333
hap1-tko,KCNG4,0,0,-0.5448882405949084,-2.1391493181383785,-0.9999713393138632,1.0,-0.04292852969922297,-0.5877446906078931,1.0,-25.984,0.02091666666666664
hap1-tko,KCNK10,0,2,-0.5871137988521665,-2.14169757450219,-1.0,1.0,-0.08349662364455748,-0.713364477945602,1.0,-30.861,-0.11975000000000005
hap1-tko,KCNK16,0,0,-0.3785455657702262,-1.5522872213085488,-0.9976211630506434,1.0,0.11177298358297347,-0.16336591097990885,0.8525032357297367,-15.835,0.39025000000000004
hap1-tko,KCNK18,0,4,-0.6852693363683019,-1.2911144295371795,-1.0,1.0,-0.2031883190521215,-0.9413315754779169,1.0,-31.167,-0.16374999999999998
hap1-tko,KCNV1,0,3,-0.612304277752298,-2.0958272361606873,-1.0,1.0,-0.09406054843995568,-0.7438021266229113,1.0,-31.385,-0.11066666666666668
hap1-tko,KHDC3L,0,2,-0.5270145427806752,-1.6961807703108478,-0.9999713393138632,1.0,-0.11668836330507829,-0.7972256455819552,1.0,-32.126,-0.16399999999999995
hap1-tko,KIF11,1,0,0.7544922243988599,2.3469039583330216,-0.0026081224384511765,0.21162184157572453,1.4805457665560071,-2.8660686136826114e-05,0.0003533467630084322,50.278,2.7961666666666667
hap1-tko,KIF23,1,1,0.3994582011226506,1.2831956068899621,-0.04124272735089278,1.0,1.0851095486442848,-2.8660686136826114e-05,0.00035687770853456925,46.688,2.53975
hap1-tko,KIF2B,0,3,-0.598051799897291,-2.130407097861916,-1.0,1.0,-0.12741079155445095,-0.825112493193087,1.0,-39.823,-0.39441666666666664
hap1-tko,KIR3DL3,0,1,-0.567751525974266,-1.8551517598734233,-0.9999713393138632,1.0,-0.0597007987908736,-0.6439196354360723,1.0,-27.102,0.010499999999999982
hap1-tko,KLK12,0,3,-0.643072482309238,-1.8296793183831117,-1.0,1.0,-0.14794845072531998,-0.8652374537846436,1.0,-35.263,-0.24108333333333332
hap1-tko,KLK9,0,0,-0.5553573983183414,-1.617726689881566,-0.9999713393138632,1.0,-0.05580290523971149,-0.6270958126737554,1.0,-24.086,0.09000000000000001
hap1-tko,KPNB1,1,3,0.22901797765473203,0.7707837856234518,-0.13473388552921958,1.0,0.8566513396050816,-2.8660686136826114e-05,0.00038909390634780667,33.195,2.0609166666666665
hap1-tko,KRI1,1,4,-0.276858081135307,-0.7003881592898236,-0.9786764495142014,1.0,0.21170845317922624,-0.048207274082141524,0.33978824095473087,-1.617,0.8928333333333333
hap1-tko,KRR1,1,1,0.25365758500999075,0.6936352966540581,-0.11292310337909489,1.0,0.962022381123672,-2.8660686136826114e-05,0.00035687770853456925,40.151,2.315666666666667
hap1-tko,KRT2,0,2,-0.7264497896696593,-1.9359113230199159,-1.0,1.0,-0.24258563155862597,-0.9682439597603967,1.0,-41.629,-0.49641666666666673
hap1-tko,KRT25,0,0,-0.5625228414563201,-1.9599117093860607,-0.9999713393138632,1.0,-0.08390241744802282,-0.7094952853171305,1.0,-27.766,-0.043916666666666666
hap1-tko,KRT26,0,4,-0.548783748052832,-1.8581584507716646,-0.9999713393138632,1.0,-0.04566118235858346,-0.6014731592674328,1.0,-25.709,0.03141666666666662
hap1-tko,KRT28,0,3,-0.5698515217974072,-2.0667572063011064,-1.0,1.0,-0.06650751070103954,-0.6646413115129977,1.0,-29.127,-0.03475
hap1-tko,KRT33A,0,2,-0.5648710899686787,-1.823311571320902,-0.9999713393138632,1.0,-0.049441288239845324,-0.6137685936201313,1.0,-27.831,-0.013749999999999984
hap1-tko,KRT35,0,0,-0.5789979743554183,-2.006754886364057,-1.0,1.0,-0.07314061432801588,-0.6779971912527586,1.0,-27.102,-0.019750000000000004
hap1-tko,KRT36,0,3,-0.5410794041539546,-2.157372054583308,-0.9999713393138632,1.0,-0.03298418069447871,-0.5608896276976871,1.0,-27.1,0.03341666666666666
hap1-tko,KRT37,0,2,-0.6917319609147283,-1.868646380744391,-1.0,1.0,-0.2062772166721623,-0.9419907712590639,1.0,-37.765,-0.36124999999999996
hap1-tko,KRT38,0,3,-0.6563146449236998,-1.8636319448040548,-1.0,1.0,-0.15166804450244165,-0.8714854833624717,1.0,-34.472,-0.2145
hap1-tko,KRT40,0,1,-0.6932469831740521,-2.1580484711017442,-1.0,1.0,-0.17465290149049503,-0.9097761600412714,1.0,-35.922,-0.29183333333333333
hap1-tko,KRT71,0,3,-0.6729753673416816,-2.012946422957655,-1.0,1.0,-0.15960062313644682,-0.88495600584678,1.0,-35.211,-0.23933333333333334
hap1-tko,KRT73,0,1,-0.5732702810554237,-2.0032846813945935,-1.0,1.0,-0.05742602683749023,-0.636725803215729,1.0,-26.863,0.018666666666666665
hap1-tko,KRT74,0,1,-0.5118073032353857,-1.619930064866583,-0.9999140179415895,1.0,-0.032944617804345405,-0.5586254334928779,1.0,-26.9,0.01741666666666669
hap1-tko,KRT75,0,0,-0.5472139568055764,-1.7827146874671542,-0.9999713393138632,1.0,-0.037594077549202014,-0.5709781892178499,1.0,-23.614,0.10716666666666667
hap1-tko,KRT76,0,0,-0.7350721302805764,-2.007056181456557,-1.0,1.0,-0.28359250633876343,-0.985153764581124,1.0,-42.369,-0.5753333333333334
hap1-tko,KRT77,0,3,-0.711906329222637,-2.211527207110813,-1.0,1.0,-0.2590484254877606,-0.9786477888280646,1.0,-45.315,-0.5790833333333334
hap1-tko,KRT78,0,3,-0.6332118295418095,-1.787256278293041,-1.0,1.0,-0.13446316716035728,-0.8407039064515205,1.0,-32.329,-0.14241666666666666
hap1-tko,KRT82,0,0,-0.563334985441154,-1.934335060303342,-0.9999713393138632,1.0,-0.07147631875687556,-0.6730675532372244,1.0,-26.167,0.014250000000000006
hap1-tko,KRT84,0,1,-0.7192209820827348,-1.9383281940952548,-1.0,1.0,-0.2571372491431346,-0.9785331460835173,1.0,-45.749,-0.6286666666666667
hap1-tko,KRT85,0,0,-0.644231837635193,-2.139240101927422,-1.0,1.0,-0.14035285758255947,-0.8429967613424666,1.0,-31.863,-0.193
hap1-tko,KRT86,0,4,-0.51124540029602,-1.6850298060834046,-0.9998853572554527,1.0,0.004511790048195977,-0.4380785876013872,1.0,-20.749,0.20875
hap1-tko,KRT9,0,0,-0.5363894662801593,-1.82307625947554,-0.9999713393138632,1.0,-0.021608880590219107,-0.5217677911209194,1.0,-23.77,0.1015
hap1-tko,KRTAP11-1,0,3,-0.620248092095287,-2.107849410698373,-1.0,1.0,-0.11958805928686651,-0.8069702788684762,1.0,-33.702,-0.1885833333333333
hap1-tko,KRTAP13-1,0,3,-0.5560413240553154,-1.7959705473672223,-0.9999713393138632,1.0,-0.028312039972269908,-0.5463013384540426,1.0,-25.256,0.09541666666666668
hap1-tko,KRTAP13-2,0,2,-0.753995450456204,-1.966847552638335,-1.0,1.0,-0.2446482705724979,-0.969333065833596,1.0,-41.224,-0.48225
hap1-tko,KRTAP13-3,0,3,-0.5369887199997642,-2.0151998434022325,-0.9999713393138632,1.0,-0.02204358107182915,-0.5257516264939383,1.0,-26.223,0.0629166666666667
hap1-tko,KRTAP13-4,0,4,-0.5589820007238708,-1.36000225984614,-0.9999713393138632,1.0,-0.019025209779299054,-0.5151185119371757,1.0,-26.648,-0.0021666666666665946
hap1-tko,KRTAP15-1,0,3,-0.774969070432557,-1.458935520861823,-1.0,1.0,-0.31819687061194374,-0.9939525952251297,1.0,-45.548,-0.5869166666666666
hap1-tko,KRTAP17-1,0,4,-0.6857072723652335,-2.0291301080786357,-1.0,1.0,-0.20786902040559985,-0.9461465707489037,1.0,-37.83,-0.402
hap1-tko,KRTAP23-1,0,3,-0.5334000534937943,-1.9172503767288178,-0.9999713393138632,1.0,-0.01329334984092739,-0.5002149551460262,1.0,-25.189,0.09766666666666667
hap1-tko,KRTAP26-1,0,4,-0.6298902634337993,-1.6651382763991012,-1.0,1.0,-0.11588452874232562,-0.7997477859619959,1.0,-32.645,-0.21658333333333324
hap1-tko,LALBA,0,3,-0.7345112874463569,-2.0128039859192484,-1.0,1.0,-0.2743198475209892,-0.9844659081138403,1.0,-46.767,-0.6279166666666667
hap1-tko,LARS,1,4,0.30149145840109776,0.8925621882398452,-0.08125304519790204,1.0,0.9821517801498274,-2.8660686136826114e-05,0.0003796398402862047,44.271,2.5335833333333335
hap1-tko,LAS1L,1,1,0.18373204650178035,0.5481062172837832,-0.18102089364019375,1.0,0.8580220321355826,-2.8660686136826114e-05,0.00035687770853456925,42.269,2.38825
hap1-tko,LBX1,0,2,-0.5298788788800816,-1.595722464962789,-0.9999713393138632,1.0,-0.025138120591197983,-0.5390788455475624,1.0,-27.304,0.004666666666666652
hap1-tko,LCN9,0,4,-0.7423377967999314,-1.8357009542754548,-1.0,1.0,-0.2875124576107105,-0.9891662606402797,1.0,-42.13,-0.5557500000000001
hap1-tko,LCT,0,0,-0.5980513804126284,-1.754372919027965,-1.0,1.0,-0.07797720996706828,-0.6931873549052764,1.0,-26.193,0.013333333333333308
hap1-tko,LGALS14,0,3,-0.5569652809410024,-1.7116148744200796,-0.9999713393138632,1.0,-0.07838722651630223,-0.7017855607463243,1.0,-27.836,0.008666666666666677
hap1-tko,LHX3,0,3,-0.6795031744550853,-2.0441616572530563,-1.0,1.0,-0.1915615048714206,-0.9276031068183772,1.0,-38.809,-0.3603333333333333
hap1-tko,LHX5,0,0,-0.5396134675166547,-1.7030889443881634,-0.9999713393138632,1.0,-0.04097152649278138,-0.5819552320082543,1.0,-24.565,0.07258333333333333
hap1-tko,LIM2,0,3,-0.5549992810009459,-1.8573031770600474,-0.9999713393138632,1.0,-0.04481024353808633,-0.5981198589894242,1.0,-26.624,0.04941666666666666
hap1-tko,LIN28A,0,1,-0.4126915198249117,-1.6095091419681211,-0.9990541973574847,1.0,0.09175115716787684,-0.2063282794990112,0.9532300942426509,-17.323,0.3456666666666667
hap1-tko,LIPM,0,0,-0.5786763811376523,-2.0679284186862232,-1.0,1.0,-0.08182757741964063,-0.7035338626006706,1.0,-27.732,-0.042666666666666665
hap1-tko,LONP1,1,3,0.7024369812903827,1.8812021147995692,-0.0038978533146083517,0.2671679150838565,1.4462143625106167,-2.8660686136826114e-05,0.00038909390634780667,61.744,3.020916666666667
hap1-tko,LOR,0,0,-0.6293311484324958,-1.551403393248541,-1.0,1.0,-0.1968799064557141,-0.9294087300449972,1.0,-33.509,-0.2529166666666666
hap1-tko,LRIT1,0,3,-0.5268800141332912,-1.8074064643337613,-0.9999713393138632,1.0,-0.01136415640098922,-0.4941962110572927,1.0,-24.921,0.10666666666666667
hap1-tko,LRIT2,0,1,-0.5408763902736142,-2.1743104292718805,-0.9999713393138632,1.0,-0.04041554814501423,-0.5827290705339486,1.0,-26.985,0.014500000000000013
hap1-tko,LRR1,1,1,0.9599268556948637,2.202804261155779,-0.0008311598979679573,0.15413092072130974,1.9766985810196573,-2.8660686136826114e-05,0.00035687770853456925,91.883,4.0888333333333335
hap1-tko,LRRC10,0,0,-0.5766807309371109,-1.848104329910559,-1.0,1.0,-0.11077808948190765,-0.7792553953741652,1.0,-30.958,-0.16008333333333336
hap1-tko,LSG1,1,4,0.2452893553063267,0.5907183383816514,-0.12008827491330143,1.0,1.089545600675643,-2.8660686136826114e-05,0.0003796398402862047,47.17,2.6372500000000003
hap1-tko,LSM11,1,3,0.35131373535854615,1.321962933339546,-0.057521997076610015,1.0,0.9843521257363699,-2.8660686136826114e-05,0.00038909390634780667,30.449,1.9685833333333334
hap1-tko,LSM12,1,1,-0.022945791793283182,-0.09736392736433808,-0.5567051675217105,1.0,0.4850301354633901,-0.0009171419563784357,0.009851934377476484,-22.884,0.1550833333333333
hap1-tko,LSM2,1,3,0.9796502770024909,2.3824106879212024,-0.0006878564672838268,0.15189438065527036,2.0094696752320247,-2.8660686136826114e-05,0.00038909390634780667,88.045,3.905333333333334
hap1-tko,LSM7,1,3,0.6797399068432585,1.6087928389055364,-0.004700352526439483,0.2907718078855914,1.6334110054079598,-2.8660686136826114e-05,0.00038909390634780667,63.085,3.066
hap1-tko,LUC7L3,1,1,0.521956726819018,1.5843731397330592,-0.017683643346421713,0.6970520935081996,1.205942531734589,-2.8660686136826114e-05,0.00035687770853456925,48.869,2.6145
hap1-tko,LUZP4,0,0,-0.613783461283321,-1.9861032753723837,-1.0,1.0,-0.1665789807059112,-0.8889685019059357,1.0,-35.907,-0.3401666666666667
hap1-tko,LYZL6,0,3,-0.6764182561910822,-2.054737764863598,-1.0,1.0,-0.1938300762263169,-0.9306411395488808,1.0,-38.398,-0.34650000000000003
hap1-tko,MAD2L1,1,1,-0.20067523083036953,-0.5827731467474726,-0.9210971310653177,1.0,0.3177450435625365,-0.01120632827949901,0.09760079722209698,-3.334,0.8251666666666667
hap1-tko,MAGEA10,0,1,-0.5878966103117852,-1.80923456772597,-1.0,1.0,-0.0988790139453537,-0.7578458628299561,1.0,-29.662,-0.07725000000000003
hap1-tko,MAGEA11,0,4,-0.6640728335829011,-1.9519035016628574,-1.0,1.0,-0.18244240995274194,-0.917743830787309,1.0,-36.052,-0.3384166666666667
hap1-tko,MAGEB1,0,2,-0.39200482106725804,-1.3505301287766718,-0.9983376802040641,1.0,0.16989182622912102,-0.08294402567997478,0.5022417660489968,-13.497,0.4876666666666667
hap1-tko,MAGEB10,0,2,-0.762887980141654,-1.9438457286202062,-1.0,1.0,-0.2790543636632123,-0.9844085867415666,1.0,-44.628,-0.6013333333333333
hap1-tko,MAGEB18,0,0,-0.8333067086102469,-1.9532540466946773,-1.0,1.0,-0.39465484022394,-0.9988249118683902,1.0,-52.889,-0.9581666666666667
hap1-tko,MAGEB3,0,1,-0.8262234604325331,-1.6491328235809433,-1.0,1.0,-0.38398967017770386,-0.9987102691238429,1.0,-50.011,-0.7747499999999999
hap1-tko,MAGEB4,0,2,-0.5869853883420907,-2.0906437557172546,-1.0,1.0,-0.07280581794793678,-0.6834427216187555,1.0,-29.913,-0.08658333333333337
hap1-tko,MAGEC3,0,4,-0.7125633509236686,-2.0458805046579673,-1.0,1.0,-0.2322534627673383,-0.965549855263535,1.0,-40.214,-0.48724999999999996
hap1-tko,MAGOH,1,3,0.05009005861203482,0.15075036842338374,-0.3909030982201714,1.0,0.6792729175381367,-5.732137227365223e-05,0.0007423692199805962,1.006,0.9784999999999999
hap1-tko,MAK16,1,0,0.2857106199274915,0.8372488550275653,-0.0903098220171391,1.0,0.9249247028511671,-2.8660686136826114e-05,0.0003533467630084322,32.176,2.1374166666666667
hap1-tko,MARS,1,0,0.3923847282182123,1.2218987964402663,-0.043277636066607436,1.0,1.101008073389444,-2.8660686136826114e-05,0.0003533467630084322,43.095,2.5347500000000003
hap1-tko,MARS2,1,0,1.5849368563749215,3.985528148984307,-2.8660686136826114e-05,0.035713262118352254,2.5041356084968007,-2.8660686136826114e-05,0.0003533467630084322,90.838,4.272166666666667
hap1-tko,MAS1,0,3,-0.5997371303767206,-1.9212839875338152,-1.0,1.0,-0.12137315768994487,-0.8111547390444527,1.0,-33.692,-0.18825
hap1-tko,MAS1L,0,2,-0.6194352481156786,-1.935220977215516,-1.0,1.0,-0.12152025740186224,-0.8086899200366857,1.0,-31.721,-0.14983333333333332
hap1-tko,MASTL,1,1,0.39939818416542133,1.0893626981401408,-0.041300048723166435,1.0,1.1501204181308358,-2.8660686136826114e-05,0.00035687770853456925,60.96,3.028916666666667
hap1-tko,MBD3L1,0,3,-0.5599248617434652,-1.6423041818768076,-0.9999713393138632,1.0,-0.05210593894335241,-0.620245908687054,1.0,-25.947,0.07216666666666664
hap1-tko,MBL2,0,0,-0.6074832631267535,-1.8732593248851654,-1.0,1.0,-0.14788769597450682,-0.857757014702932,1.0,-31.881,-0.19366666666666663
hap1-tko,MC2R,0,2,-0.6741615455214948,-1.9393110384414678,-1.0,1.0,-0.17639604603438006,-0.9072253589750938,1.0,-35.954,-0.29791666666666666
hap1-tko,MC3R,0,0,-0.5660544484786282,-1.7166195765487906,-0.9999713393138632,1.0,-0.0627147574593504,-0.6468143647358918,1.0,-26.467,0.0033333333333332993
hap1-tko,MC5R,0,1,-0.8052478585953956,-1.9062288301300105,-1.0,1.0,-0.36924531106794417,-0.9982803588317904,1.0,-53.687,-0.9007499999999999
hap1-tko,MCM3,1,0,-0.20489914718158048,-0.8591386635190554,-0.9260267690808518,1.0,0.30595207771098754,-0.012008827491330143,0.10350493853075807,-4.626,0.7981666666666666
hap1-tko,MCM3AP,1,1,0.6236783602810452,1.9552064734453871,-0.007423117709437964,0.37754019953686674,1.3273547523522575,-2.8660686136826114e-05,0.00035687770853456925,50.54,2.67175
hap1-tko,MCM4,1,1,0.5328879550274598,1.566400462404062,-0.016336591097990887,0.6658687656646052,1.2391134656384482,-2.8660686136826114e-05,0.00035687770853456925,47.082,2.55325
hap1-tko,MCM5,1,4,0.24911912014677629,0.7498342252762082,-0.11650568914619816,1.0,0.9618181451543983,-2.8660686136826114e-05,0.0003796398402862047,39.388,2.359
hap1-tko,MCM7,1,3,-0.12494086991101046,-0.41457483857536936,-0.8000057321372274,1.0,0.482375103084141,-0.0008024992118311312,0.008599262131691697,15.515,1.4664166666666667
hap1-tko,MDN1,1,1,0.135205237330174,0.41761787195735434,-0.2457080622510103,1.0,0.7246434884129499,-2.8660686136826114e-05,0.00035687770853456925,29.12,1.9375833333333334
hap1-tko,MED11,1,3,0.6916776144218252,2.1077671946255805,-0.004155799489839787,0.2700652522234521,1.442814586617538,-2.8660686136826114e-05,0.00038909390634780667,53.96,2.7591666666666668
hap1-tko,MED12,1,3,0.25341048589527765,0.7844840238287881,-0.11309506749591586,1.0,0.9062574014779659,-2.8660686136826114e-05,0.00038909390634780667,31.552,2.0056666666666665
hap1-tko,MED18,1,1,0.3011630716999987,0.7935366560090675,-0.08142500931472299,1.0,1.0057402199192276,-2.8660686136826114e-05,0.00035687770853456925,48.147,2.58975
hap1-tko,MED27,1,1,-0.13733649185099298,-0.4152818960072991,-0.8227049955575937,1.0,0.4434237327424554,-0.0016049984236622624,0.016345124051831972,-9.079,0.6282500000000001
hap1-tko,MED30,1,1,-0.3476356790787967,-0.7677221085501559,-0.9951850047290132,1.0,0.13609541581280268,-0.1266515720386346,0.7094759759039487,43.205,2.4203333333333332
hap1-tko,MEP1A,0,0,-0.5847868063147118,-1.8099822226203994,-1.0,1.0,-0.0997697065047856,-0.7509099767848443,1.0,-29.408,-0.10366666666666663
hap1-tko,MEP1B,0,2,-0.7610972228972966,-2.1368948944823325,-1.0,1.0,-0.2702869362807616,-0.9812272505803789,1.0,-46.046,-0.6509166666666667
hap1-tko,MEPCE,1,0,0.13929027313023581,0.41612784395874264,-0.23997592502364506,1.0,0.8142739970412363,-2.8660686136826114e-05,0.0003533467630084322,38.544,2.3691666666666666
hap1-tko,MEPE,0,2,-0.3887549253328656,-1.4028499667261125,-0.9981370554011063,1.0,0.12252207445314044,-0.1481470866412542,0.7513588775925584,-14.006,0.4698333333333334
hap1-tko,METTL16,1,3,0.226972996155153,0.738075158449357,-0.13653950875583962,1.0,0.8349206826490728,-2.8660686136826114e-05,0.00038909390634780667,38.875,2.251916666666667
hap1-tko,MFRP,0,4,-0.5348163069615843,-1.7038731081902605,-0.9999713393138632,1.0,-0.028470856657753268,-0.5446390186581067,1.0,-25.289,0.046416666666666634
hap1-tko,MMD2,0,0,-0.5761248659765936,-1.9123677173118925,-1.0,1.0,-0.09505312397522778,-0.7393023988994296,1.0,-27.608,-0.038166666666666696
hap1-tko,MMP21,0,3,-0.564255153938223,-2.158229475738767,-0.9999713393138632,1.0,-0.05135548574770942,-0.6179817144822447,1.0,-28.686,-0.019916666666666666
hap1-tko,MMP26,0,1,-0.5948473277694569,-2.0216045293782137,-1.0,1.0,-0.09584979159823712,-0.7502221203175604,1.0,-30.501,-0.10600000000000001
hap1-tko,MMP27,0,4,-0.5446984374365441,-1.8628701465584383,-0.9999713393138632,1.0,-0.03781857715706003,-0.5753919348829211,1.0,-24.308,0.08149999999999999
hap1-tko,MMS22L,1,4,0.05357899146615773,0.13495247306881103,-0.383709265999828,1.0,0.688438041608792,-2.8660686136826114e-05,0.0003796398402862047,43.399,2.5024166666666665
hap1-tko,MOGAT3,0,1,-0.6339171525863939,-1.7568817363285625,-1.0,1.0,-0.16428958537083058,-0.8929809979650913,1.0,-33.778,-0.2183333333333333
hap1-tko,MORC1,0,4,-0.4509234198796588,-1.9071531816996394,-0.9996274110802212,1.0,0.05658453285842659,-0.28812587773351295,1.0,-19.63,0.24874999999999997
hap1-tko,MPHOSPH10,1,0,0.6103705754829252,1.7661624936492402,-0.008311598979679573,0.402766233890306,1.336706189864581,-2.8660686136826114e-05,0.0003533467630084322,58.172,3.0834166666666665
hap1-tko,MRGPRD,0,2,-0.5340206668589876,-1.920520025488863,-0.9999713393138632,1.0,-0.04972059830393778,-0.6146857355765097,1.0,-28.012,-0.020083333333333314
hap1-tko,MRGPRX1,0,1,-0.5919448264642784,-1.4291364184020903,-1.0,1.0,-0.1321156458813849,-0.8341979306984609,1.0,-37.575,-0.34850000000000003
hap1-tko,MRGPRX2,0,4,-0.48237223005140156,-1.8742246624613823,-0.9997993751970422,1.0,0.024366974544087042,-0.3787223066120203,1.0,-21.259,0.1905
hap1-tko,MRGPRX4,0,1,-0.5256285307462212,-1.8816440730457895,-0.9999713393138632,1.0,-0.02015295224021969,-0.5178699378063111,1.0,-25.174,0.0765833333333333
hap1-tko,MRPL18,1,3,0.08219312349153306,0.2115569017846327,-0.32908199822303746,1.0,0.7720934236237955,-2.8660686136826114e-05,0.00038909390634780667,23.354,1.73
hap1-tko,MRPL28,1,3,0.7194743725717799,1.7639057937727918,-0.0034106216502823076,0.24690650353428722,1.5031619113091508,-2.8660686136826114e-05,0.00038909390634780667,70.891,3.3284999999999996
hap1-tko,MRPL38,1,4,0.6239982724042703,1.3949420732145852,-0.007365796337164312,0.37754019953686674,1.582025301783465,-2.8660686136826114e-05,0.0003796398402862047,35.543,2.2215
hap1-tko,MRPL4,1,4,0.6655951158431299,1.9665999512513357,-0.005187584190765527,0.30886486760377,1.4414711579975747,-2.8660686136826114e-05,0.0003796398402862047,55.901,2.9494166666666666
hap1-tko,MRPL43,1,4,-0.17928639541438723,-0.47359769682564157,-0.8955317990312688,1.0,0.4248839324769557,-0.0015476770513886103,0.015288350034809913,14.143,1.4563333333333333
hap1-tko,MRPL45,1,1,0.6815880681817308,1.530164673910692,-0.004557049095755352,0.2829100408379079,1.6830231857569549,-2.8660686136826114e-05,0.00035687770853456925,79.598,3.66775
hap1-tko,MRPL46,1,2,-0.12851818059252504,-0.2724019850261968,-0.8066263506348342,1.0,0.4396902618742274,-0.0012037488177466969,0.011972290835570767,14.8,1.4775
hap1-tko,MRPL53,1,4,1.504777385830627,3.334064752911613,-2.8660686136826114e-05,0.035713262118352254,2.5253578557225436,-2.8660686136826114e-05,0.0003796398402862047,106.641,4.763666666666667
hap1-tko,MRPS14,1,2,0.7149807802425088,1.5889181435221007,-0.003439282336419134,0.24690650353428722,1.8247888093247675,-2.8660686136826114e-05,0.00037312363407233695,97.256,4.361833333333333
hap1-tko,MRPS24,1,4,0.7924867569386272,1.8721196377818374,-0.0021495514602619587,0.19667682740059395,1.7236728550786664,-2.8660686136826114e-05,0.0003796398402862047,89.883,4.1645
hap1-tko,MRPS34,1,4,0.665318565484078,1.5667434377985379,-0.005187584190765527,0.30886486760377,1.494961520437043,-2.8660686136826114e-05,0.0003796398402862047,71.982,3.5244166666666668
hap1-tko,MS4A10,0,1,-0.4492323105557639,-1.7067594419659584,-0.9996274110802212,1.0,0.0444974674022647,-0.32105700610472615,1.0,-20.455,0.23833333333333334
hap1-tko,MS4A5,0,2,-0.6506543870767093,-2.019873303544293,-1.0,1.0,-0.14839867403615883,-0.8644922759450862,1.0,-34.728,-0.255
hap1-tko,MSGN1,0,0,-0.8073960665705627,-1.8615820821994706,-1.0,1.0,-0.4052546682207315,-0.9992261614743057,1.0,-53.542,-0.9819166666666667
hap1-tko,MSTO1,1,4,0.6236908736256876,1.892077342411714,-0.007423117709437964,0.37754019953686674,1.3367652110565602,-2.8660686136826114e-05,0.0003796398402862047,48.128,2.6715
hap1-tko,MTG2,1,4,0.913988006546644,2.5127763781612242,-0.0011177667593362185,0.15413092072130974,1.7431545758941933,-2.8660686136826114e-05,0.0003796398402862047,68.975,3.416916666666667
hap1-tko,MTNR1B,0,1,-0.4940941040087585,-1.7772822063587572,-0.9998566965693159,1.0,0.022737493973263266,-0.3842251583502909,1.0,-20.907,0.22283333333333333
hap1-tko,MUC17,0,4,-0.47983725055679,-1.7131593435998442,-0.9997993751970422,1.0,0.056781680838195805,-0.28760998538305005,1.0,-18.803,0.2783333333333333
hap1-tko,MUC7,0,2,-0.7993334923927292,-1.71806462948811,-1.0,1.0,-0.4924103793425449,-0.9998566965693159,1.0,-65.781,-1.34125
hap1-tko,MVK,1,4,-0.25852232984732154,-0.5811906061938721,-0.9699349402424694,1.0,0.32244583204490335,-0.009744633286520879,0.08487025845399737,27.367,1.9291666666666667
hap1-tko,MYBBP1A,1,2,0.13983074233320017,0.3906466282101869,-0.23951735404545585,1.0,0.8909332025699129,-2.8660686136826114e-05,0.00037312363407233695,26.585,1.8897499999999998
hap1-tko,MYBPC3,0,3,-0.3655493378803637,-1.1617291795047264,-0.9968473245249492,1.0,0.1468990612914412,-0.11570318993436703,0.6665925192883199,-7.966,0.6768333333333334
hap1-tko,MYC,1,4,0.5022874279844897,0.9784883053378115,-0.019947837551230977,0.748365647486504,1.3811479000611342,-2.8660686136826114e-05,0.0003796398402862047,78.692,3.764333333333333
hap1-tko,MYF5,0,0,-0.5862947959565704,-1.9165733211316662,-1.0,1.0,-0.08035787141272045,-0.6996646699721991,1.0,-26.238,0.011666666666666665
hap1-tko,NAA10,1,2,0.6919762422866704,1.8416532909464598,-0.004155799489839787,0.2700652522234521,1.4957474582479535,-2.8660686136826114e-05,0.00037312363407233695,67.237,3.31175
hap1-tko,NAA50,1,1,1.0103566993672919,2.542737121715348,-0.0005732137227365224,0.13698237524847443,1.8983424723039746,-2.8660686136826114e-05,0.00035687770853456925,76.573,3.564083333333333
hap1-tko,NAMPT,1,1,0.7709701258083596,2.208382330207148,-0.0023501762632197414,0.19667682740059395,1.5542474913740008,-2.8660686136826114e-05,0.00035687770853456925,58.169,2.93325
hap1-tko,NANOGNB,0,2,-0.6955920314057555,-1.7984549583051286,-1.0,1.0,-0.20344856215472237,-0.9389813992146973,1.0,-36.907,-0.33125000000000004
hap1-tko,NANOS2,0,1,-0.43055271025471387,-1.4988044191514016,-0.9994267862772634,1.0,0.11518111875011998,-0.15986930727121607,0.8190660984864506,-15.655,0.40283333333333327
hap1-tko,NAPA,1,0,-0.09524659596289123,-0.24062662030939605,-0.7351752600957266,1.0,0.6150083728808217,-2.8660686136826114e-05,0.0003533467630084322,40.074,2.4248333333333334
hap1-tko,NARS,1,4,0.2358502261307432,0.6192873177911845,-0.1281705884038864,1.0,1.0039867252181736,-2.8660686136826114e-05,0.0003796398402862047,51.997,2.809833333333333
hap1-tko,NAT10,1,3,0.10008073463090023,0.3148427204026405,-0.297669886217076,1.0,0.7354873637018076,-2.8660686136826114e-05,0.00038909390634780667,19.26,1.5923333333333336
hap1-tko,NCBP1,1,2,0.34081857502734275,1.085298809761768,-0.06190708205554441,1.0,1.0597487563450652,-2.8660686136826114e-05,0.00037312363407233695,33.082,2.117
hap1-tko,NCBP2,1,2,-0.37454346280883577,-0.8724285035765753,-0.997363216875412,1.0,0.2110605017836442,-0.04671691840302657,0.3234034291828565,57.746,2.97975
hap1-tko,NCR2,0,3,-0.32460584159775807,-1.2829434706394194,-0.9919463471955519,1.0,0.221864383756669,-0.04118540597861913,0.2975070009511432,-8.419,0.6615833333333333
hap1-tko,NDC80,1,1,0.48437173197867467,1.4661977038765912,-0.023043191654008196,0.8288422235137587,1.2084163541651343,-2.8660686136826114e-05,0.00035687770853456925,49.557,2.638083333333333
hap1-tko,NDST4,0,4,-0.5787255397224157,-1.6052712939373643,-1.0,1.0,-0.06255520764586234,-0.654036857642372,1.0,-12.182,0.5150833333333333
hap1-tko,NDUFA13,1,1,0.03373908204544094,0.11736845459636754,-0.4248086899200367,1.0,0.6077632243271259,-5.732137227365223e-05,0.000696358871388484,15.647,1.4757500000000001
hap1-tko,NELFB,1,2,0.2686412112048229,0.6316881551167771,-0.1009715972600384,1.0,1.0219182722095466,-2.8660686136826114e-05,0.00037312363407233695,60.314,3.0695833333333336
hap1-tko,NEUROD2,0,2,-0.3957706220655092,-1.3465419376248102,-0.9983950015763378,1.0,0.13315816795308796,-0.13043478260869565,0.6917734857988913,-14.411,0.4556666666666668
hap1-tko,NEUROD4,0,0,-0.6137165788414287,-2.0319723235424663,-1.0,1.0,-0.14615223119028964,-0.8545470178556075,1.0,-32.898,-0.23066666666666666
hap1-tko,NEUROD6,0,1,-0.5008078697387628,-1.832179715313991,-0.9998853572554527,1.0,0.027082485647794235,-0.37178642056690836,1.0,-20.873,0.224
hap1-tko,NEUROG1,0,3,-0.6069244259834025,-1.7433129051615288,-1.0,1.0,-0.09947845557749817,-0.7580751483190508,1.0,-27.923,0.005749999999999977
hap1-tko,NHP2,1,3,0.4465600808720811,1.2428848854461714,-0.029635149465478204,0.9754437404250326,1.1544148221675332,-2.8660686136826114e-05,0.00038909390634780667,61.699,3.0194166666666664
hap1-tko,NIP7,1,2,0.6379626189967902,1.9273719046937037,-0.0066492791837436584,0.35472989406852634,1.4421936833683926,-2.8660686136826114e-05,0.00037312363407233695,50.251,2.7175833333333332
hap1-tko,NKAP,1,0,-0.4385187317287331,-1.1934399190706158,-0.9995127683356739,1.0,0.051509954581045715,-0.2965807801438766,1.0,-16.531,0.3649166666666666
hap1-tko,NKX2-1,0,0,-0.394375130554135,-1.5881552117490307,-0.9983950015763378,1.0,0.08978062001142156,-0.20541113754263277,0.9724280310532506,-14.184,0.45033333333333336
hap1-tko,NKX2-2,0,4,-0.3007496677390929,-1.2136373581741298,-0.9866154595741022,1.0,0.19534406958714118,-0.059728869909145624,0.40122069139970945,-10.455,0.5768333333333333
hap1-tko,NLE1,1,1,0.7713902053685553,1.8022676951288974,-0.0023501762632197414,0.19667682740059395,1.6022555812650943,-2.8660686136826114e-05,0.00035687770853456925,88.442,3.9709166666666667
hap1-tko,NLRP4,0,3,-0.6897005220661637,-1.9335248996123953,-1.0,1.0,-0.20654446773806598,-0.9440256799747786,1.0,-40.224,-0.40791666666666665
hap1-tko,NLRP5,0,4,-0.6522228187761863,-2.003506278974445,-1.0,1.0,-0.15215202475800652,-0.8723453039465765,1.0,-33.132,-0.23399999999999999
hap1-tko,NLRP8,0,3,-0.5359830453092164,-1.30720937592032,-0.9999713393138632,1.0,-0.014012146073757278,-0.502565131409246,1.0,-23.747,0.14616666666666667
hap1-tko,NLRP9,0,4,-0.6186872948683879,-1.8696485056804855,-1.0,1.0,-0.12512696136542226,-0.8189217849875327,1.0,-30.486,-0.1394166666666667
hap1-tko,NMD3,1,2,-0.21114880003217196,-0.7016848789816784,-0.932418102089364,1.0,0.3688264308830316,-0.0036685678255137426,0.03352444511057477,9.073,1.2771666666666668
hap1-tko,NMS,0,4,-0.7491331943060178,-1.9188588708159757,-1.0,1.0,-0.2883019158114351,-0.9893955461293743,1.0,-43.685,-0.6113333333333334
hap1-tko,NMT1,1,0,0.20935463177755192,0.6318903920674528,-0.1539652059270299,1.0,0.8659701288342474,-2.8660686136826114e-05,0.0003533467630084322,25.478,1.8936666666666664
hap1-tko,NOBOX,0,2,-0.5988866317236325,-2.091278370760949,-1.0,1.0,-0.1153277050142633,-0.7939296666762202,1.0,-32.9,-0.19108333333333333
hap1-tko,NOC4L,1,3,0.7942034105270761,2.096549262696241,-0.0021495514602619587,0.19667682740059395,1.6132049365911418,-2.8660686136826114e-05,0.00038909390634780667,70.628,3.3196666666666665
hap1-tko,NOL10,1,3,0.2937978994739007,0.8717526140290764,-0.0861540225272993,1.0,0.9952977454852722,-2.8660686136826114e-05,0.00038909390634780667,51.886,2.6894166666666663
hap1-tko,NOL11,1,3,0.5589186499686106,1.6688881111738492,-0.013384540425897797,0.5851962599744036,1.2942440674808822,-2.8660686136826114e-05,0.00038909390634780667,48.513,2.576
hap1-tko,NOL6,1,0,0.9742629379781873,2.63027802164381,-0.0007165171534206529,0.15413092072130974,1.7917659648376745,-2.8660686136826114e-05,0.0003533467630084322,69.271,3.4873333333333334
hap1-tko,NOL9,1,2,0.6810380800404331,1.8711479725391549,-0.004557049095755352,0.2829100408379079,1.5205353863258455,-2.8660686136826114e-05,0.00037312363407233695,54.16,2.854333333333333
hap1-tko,NOP16,1,1,1.3341461680638036,3.061998532818673,-8.598205841047835e-05,0.08333094494282194,2.397862360520799,-2.8660686136826114e-05,0.00035687770853456925,97.786,4.291166666666667
hap1-tko,NOP2,1,4,0.47729926563812203,1.607555067367117,-0.024160958413344414,0.8584275346655669,1.1487003808696379,-2.8660686136826114e-05,0.0003796398402862047,35.4,2.2164166666666665
hap1-tko,NOP56,1,2,0.32914175200609014,1.129981316192829,-0.06655011320971024,1.0,0.9800657337878618,-2.8660686136826114e-05,0.00037312363407233695,34.754,2.1754999999999995
hap1-tko,NOP9,1,0,1.2119179764324126,3.1707341254026553,-0.00025794617523143505,0.12790331084247086,2.133156265948328,-2.8660686136826114e-05,0.0003533467630084322,77.357,3.7815833333333337
hap1-tko,NOTO,0,2,-0.5867260205174066,-1.6254528674799467,-1.0,1.0,-0.0702624176154718,-0.676277550084549,1.0,-27.921,-0.016916666666666663
hap1-tko,NOX3,0,1,-0.4698396655625254,-1.690673008015557,-0.9997707145109054,1.0,0.04122592109253191,-0.33071565733283653,1.0,-19.48,0.27175000000000005
hap1-tko,NPFFR1,0,1,-0.4638663631937114,-1.7764593090361902,-0.9997707145109054,1.0,0.05269069237573099,-0.29858702817345445,1.0,-20.192,0.24733333333333335
hap1-tko,NPHS2,0,1,-0.7957939478849021,-1.9643269770385317,-1.0,1.0,-0.3266834263252847,-0.9955862543349288,1.0,-46.972,-0.6705833333333333
hap1-tko,NPLOC4,1,3,0.24304348880011914,0.7341370613530069,-0.121807916081511,1.0,0.9097244433547326,-2.8660686136826114e-05,0.00038909390634780667,29.939,1.9514166666666666
hap1-tko,NPSR1,0,4,-0.4023366049339131,-1.342277850512408,-0.9986529477515692,1.0,0.12165206123000064,-0.14637012410077097,0.7613079352826325,-14.783,0.4220833333333333
hap1-tko,NPVF,0,3,-0.4155549547071934,-1.2507358333236707,-0.9990828580436215,1.0,0.11612839573433052,-0.16442635636697142,0.8321500623681454,-28.782,-0.02316666666666678
hap1-tko,NR2E1,0,2,-0.4594423544661251,-1.5171683591263554,-0.9997707145109054,1.0,0.09272855752972708,-0.20561176234559056,0.9164274895551423,-19.836,0.2659166666666667
hap1-tko,NSF,1,3,0.2273805109008804,0.6861196561988601,-0.13602361640537675,1.0,0.9057545929353211,-2.8660686136826114e-05,0.00038909390634780667,50.037,2.62725
hap1-tko,NUDC,1,4,0.8425317456196273,1.8904401606661723,-0.001519016365251784,0.1766616032787825,1.8663840348564313,-2.8660686136826114e-05,0.0003796398402862047,83.609,3.9401666666666664
hap1-tko,NUDCD3,1,4,0.4407007354411791,1.021686807329796,-0.030953541027772206,0.9981229634556121,1.3650216475026338,-2.8660686136826114e-05,0.0003796398402862047,50.158,2.744083333333333
hap1-tko,NUDT21,1,3,0.8368547062378009,1.9785850929408937,-0.0015763377375254363,0.18091586731007392,1.8409791467728762,-2.8660686136826114e-05,0.00038909390634780667,90.982,4.004083333333334
hap1-tko,NUDT4,1,1,-0.31680649140570616,-1.1859243868192804,-0.9906566163193947,1.0,0.21259103169860297,-0.050156200739445704,0.3572784491219397,-8.464,0.6493333333333333
hap1-tko,NUF2,1,3,0.32980726572228125,0.8369477925679656,-0.06629216703447881,1.0,1.067577218580366,-2.8660686136826114e-05,0.00038909390634780667,64.703,3.1204166666666664
hap1-tko,NUP133,1,4,0.47579485822325485,1.2984980717632006,-0.0244762259608495,0.8653598128677663,1.2280329460396218,-2.8660686136826114e-05,0.0003796398402862047,62.722,3.1933333333333334
hap1-tko,NUP155,1,4,0.23333865852212587,0.810283477352438,-0.1306927287839271,1.0,0.885359761261676,-2.8660686136826114e-05,0.0003796398402862047,32.818,2.1240833333333335
hap1-tko,NUP160,1,3,-0.2616736405667613,-0.6778163485383671,-0.9717978848413631,1.0,0.3234637232643117,-0.009314722994468488,0.08124767131925138,14.623,1.4364166666666667
hap1-tko,NUP214,1,2,0.23671196705169992,0.6830244757287722,-0.12739674987819208,1.0,0.9360691751911662,-2.8660686136826114e-05,0.00037312363407233695,41.93,2.4265
hap1-tko,NUP85,1,4,0.8155343954415045,2.1103094671957687,-0.0018629445988936975,0.1964229416509374,1.6247113072262258,-2.8660686136826114e-05,0.0003796398402862047,71.651,3.512583333333333
hap1-tko,NUP88,1,1,0.2855889386028986,0.8152370319096698,-0.09042446476168639,1.0,0.9895472127049572,-2.8660686136826114e-05,0.00035687770853456925,47.347,2.5623333333333336
hap1-tko,NUP93,1,2,0.7045433312957775,1.9670636499075702,-0.0037832105700610474,0.26189725553458326,1.5083921472002926,-2.8660686136826114e-05,0.00037312363407233695,57.51,2.9715000000000003
hap1-tko,NUS1,1,3,0.017381585816404737,0.060990311223010976,-0.4610644578831217,1.0,0.5963754379692335,-0.0001433034306841306,0.0017276629912126179,15.498,1.4658333333333333
hap1-tko,NUTF2,1,3,0.2627679094029705,0.6231232226924646,-0.10555730704193059,1.0,1.0741534205741088,-2.8660686136826114e-05,0.00038909390634780667,69.781,3.291166666666667
hap1-tko,NUTM1,0,2,-0.6410359191017913,-1.8511494687195462,-1.0,1.0,-0.13102921379227225,-0.8302140953254421,1.0,-32.631,-0.18166666666666667
hap1-tko,NVL,1,3,0.9363229084128554,2.2979936287275824,-0.0009458026425152618,0.15413092072130974,1.7897410756556351,-2.8660686136826114e-05,0.00038909390634780667,92.982,4.0713333333333335
hap1-tko,NXF1,1,1,0.4968545112280945,1.3466218700565082,-0.02072167607692528,0.770766821240856,1.2099419290995272,-2.8660686136826114e-05,0.00035687770853456925,51.41,2.7015833333333337
hap1-tko,NYX,0,4,-0.7054206435655083,-2.066453390887786,-1.0,1.0,-0.22338575248369488,-0.9598177180361698,1.0,-39.807,-0.4726666666666667
hap1-tko,OC90,0,4,-0.8021893515618186,-1.8505738510982663,-1.0,1.0,-0.34245698263397484,-0.9969046458972228,1.0,-46.903,-0.7264166666666666
hap1-tko,OGDH,1,1,0.5480345175451906,1.476499603771603,-0.01467427130205497,0.6225549721699173,1.3255357788655184,-2.8660686136826114e-05,0.00035687770853456925,52.251,2.7304166666666667
hap1-tko,OGT,1,3,0.3062066686357217,0.9858842918611009,-0.07861626207331404,1.0,0.976405312445443,-2.8660686136826114e-05,0.00038909390634780667,33.539,2.0725
hap1-tko,OLIG2,0,4,-0.737858168250632,-1.9106950468290353,-1.0,1.0,-0.2768866790057163,-0.9860422458513657,1.0,-46.575,-0.7146666666666668
hap1-tko,OLIG3,0,1,-0.4454178581572184,-1.5705549559543788,-0.9995987503940844,1.0,0.06961207953921487,-0.25576796308503624,1.0,-15.979,0.39175000000000004
hap1-tko,OPALIN,0,2,-0.5941041760881494,-2.0282261672884156,-1.0,1.0,-0.10763949220125173,-0.7752715600011464,1.0,-33.098,-0.198
hap1-tko,OPN5,0,2,-0.6171904457416347,-2.0030150850469433,-1.0,1.0,-0.0993744194352513,-0.7556963113696942,1.0,-30.944,-0.12266666666666669
hap1-tko,OR10A2,0,3,-0.7493851636648023,-1.9980539530146675,-1.0,1.0,-0.25771311056608537,-0.9779312716746439,1.0,-42.948,-0.49949999999999994
hap1-tko,OR10A4,0,4,-0.6806408132057359,-2.0216644794167795,-1.0,1.0,-0.18979918649808963,-0.9271731965263248,1.0,-35.912,-0.3334166666666667
hap1-tko,OR10A5,0,0,-0.6467124064639284,-2.2042507551808055,-1.0,1.0,-0.12760998692340025,-0.8161703591183973,1.0,-30.933,-0.15916666666666668
hap1-tko,OR10H2,0,1,-0.500507726891681,-1.9638756765841412,-0.9998853572554527,1.0,0.022195689329151544,-0.38591613883236364,1.0,-21.743,0.19416666666666665
hap1-tko,OR10H3,0,1,-0.7179261055041949,-2.0069851082470507,-1.0,1.0,-0.23268439813221992,-0.9663236937892293,1.0,-39.936,-0.42941666666666667
hap1-tko,OR10J1,0,2,-0.7438014138607959,-2.0461992523489965,-1.0,1.0,-0.2464623264943921,-0.9699922616147431,1.0,-42.468,-0.52575
hap1-tko,OR10R2,0,1,-0.5324340979872444,-1.9684517632737157,-0.9999713393138632,1.0,-0.014139933698419734,-0.4984093319194062,1.0,-25.05,0.08083333333333331
hap1-tko,OR10S1,0,3,-0.8309124188407533,-1.9027923279226013,-1.0,1.0,-0.3588178245170156,-0.9974778596199593,1.0,-52.008,-0.8041666666666666
hap1-tko,OR10X1,0,2,-0.741183659305168,-1.8502354885080428,-1.0,1.0,-0.276205678288083,-0.9834627840990513,1.0,-43.847,-0.5740000000000001
hap1-tko,OR10Z1,0,3,-0.6056716343120242,-2.0948407497763872,-1.0,1.0,-0.11760669528503599,-0.8024992118311313,1.0,-33.147,-0.16991666666666666
hap1-tko,OR11A1,0,2,-0.6230234329428705,-2.0049742711175687,-1.0,1.0,-0.13781067139167397,-0.843569975065203,1.0,-33.863,-0.22475
hap1-tko,OR12D2,0,3,-0.649849651007816,-1.7427541050246973,-1.0,1.0,-0.1651770983924581,-0.8925224269869021,1.0,-36.958,-0.29808333333333337
hap1-tko,OR12D3,0,4,-0.5788477521763593,-1.9899570373245952,-1.0,1.0,-0.06504087367469086,-0.6620618497606833,1.0,-27.48,-0.031916666666666677
hap1-tko,OR13C3,0,3,-0.6488727673718651,-1.8908947332330694,-1.0,1.0,-0.1567812057582075,-0.8807428849846666,1.0,-35.06,-0.23425000000000004
hap1-tko,OR13D1,0,0,-0.7115602446480694,-1.9477885818572673,-1.0,1.0,-0.2320515188323224,-0.9608208420509587,1.0,-38.863,-0.44775000000000004
hap1-tko,OR14A16,0,2,-0.5700678948469812,-2.199054099290489,-1.0,1.0,-0.08043126309460916,-0.7038491301481757,1.0,-30.904,-0.12125
hap1-tko,OR1A1,0,0,-0.7556102204883418,-1.9730197045725095,-1.0,1.0,-0.3177675389030062,-0.9931500960132985,1.0,-44.73,-0.66125
hap1-tko,OR1A2,0,1,-0.6275050584222576,-1.8070584068938893,-1.0,1.0,-0.1478217863419292,-0.8663552205439798,1.0,-33.104,-0.19524999999999998
hap1-tko,OR1B1,0,2,-0.5624348403425081,-1.9875979023957737,-0.9999713393138632,1.0,-0.048583409476022035,-0.6111318104955432,1.0,-27.755,-0.011083333333333327
hap1-tko,OR1D2,0,0,-0.693386913530808,-1.7386086862895989,-1.0,1.0,-0.22573106407225024,-0.9563784356997507,1.0,-39.186,-0.4595
hap1-tko,OR1E1,0,2,-0.7319633194867767,-1.7984255156856561,-1.0,1.0,-0.23732837879766278,-0.9651486056576194,1.0,-39.637,-0.42675
hap1-tko,OR1G1,0,3,-0.5595480972867068,-1.673963676225718,-0.9999713393138632,1.0,-0.05958152395470273,-0.6442922243558511,1.0,-30.916,-0.0949166666666667
hap1-tko,OR1N2,0,4,-0.6591745751854479,-1.724175034103657,-1.0,1.0,-0.1527420854430001,-0.8732911065890917,1.0,-31.083,-0.16075
hap1-tko,OR2AK2,0,0,-0.6582477623962945,-1.9820046711241046,-1.0,1.0,-0.1881425159449376,-0.9191482044080135,1.0,-35.943,-0.3415
hap1-tko,OR2AT4,0,1,-0.6468726695483227,-2.036108926238964,-1.0,1.0,-0.16457759792784865,-0.8933822475710068,1.0,-35.37,-0.2729166666666667
hap1-tko,OR2C1,0,0,-0.35928987848520716,-1.2930793045699978,-0.9963600928606231,1.0,0.19302321693740312,-0.06067467255166089,0.42002764391417624,-8.077,0.6725833333333333
hap1-tko,OR2C3,0,0,-0.5618685679233029,-1.6675439757371249,-0.9999713393138632,1.0,-0.061736200087484726,-0.6439196354360723,1.0,-18.084,0.3084166666666667
hap1-tko,OR2D2,0,4,-0.7727563870660623,-2.1872930878978676,-1.0,1.0,-0.3128218555368719,-0.9943825055171821,1.0,-47.237,-0.7383333333333333
hap1-tko,OR2D3,0,4,-0.7296157096286492,-2.097790006361306,-1.0,1.0,-0.25491664445262674,-0.97724341520736,1.0,-41.412,-0.5300833333333334
hap1-tko,OR2F1,0,0,-0.615526943231851,-1.9674228194728232,-1.0,1.0,-0.11667230976280686,-0.7931844888366627,1.0,-30.605,-0.14724999999999996
hap1-tko,OR2G2,0,2,-0.5821128999384847,-2.0250226349648637,-1.0,1.0,-0.06805764752198551,-0.6695996102146685,1.0,-29.751,-0.08091666666666666
hap1-tko,OR2G3,0,2,-0.8428622324558959,-1.924935743025992,-1.0,1.0,-0.38405102294086896,-0.9987389298099797,1.0,-52.473,-0.87575
hap1-tko,OR2H1,0,4,-0.6475800434303679,-1.8953824028959676,-1.0,1.0,-0.2282295397392259,-0.9628270900805366,1.0,-38.17,-0.4141666666666667
hap1-tko,OR2T1,0,3,-0.6027585407190955,-1.9046959865298367,-1.0,1.0,-0.12511539279921646,-0.8199535696884583,1.0,-31.717,-0.12183333333333332
hap1-tko,OR2T10,0,0,-0.7013822571455319,-2.068855337560641,-1.0,1.0,-0.20031008577516435,-0.9330486371843741,1.0,-35.964,-0.34225000000000005
hap1-tko,OR2T4,0,1,-0.710656850885729,-2.212420800415087,-1.0,1.0,-0.2393444163275581,-0.9701355650454272,1.0,-42.423,-0.5146666666666666
hap1-tko,OR2W1,0,0,-0.7867519561713808,-1.805801284239513,-1.0,1.0,-0.3282439575176634,-0.9942678627726348,1.0,-45.497,-0.6891666666666667
hap1-tko,OR3A1,0,2,-0.5342862735507511,-1.8529996143184257,-0.9999713393138632,1.0,-0.0320130641503338,-0.5608323063254135,1.0,-26.02,0.049583333333333326
hap1-tko,OR3A2,0,1,-0.6117588795773141,-1.9291539189774338,-1.0,1.0,-0.13515279839061786,-0.8399873892980998,1.0,-33.158,-0.1970833333333333
hap1-tko,OR3A3,0,2,-0.5498179525213126,-2.0041767046040073,-0.9999713393138632,1.0,-0.03868575632321578,-0.5808947866211918,1.0,-27.736,-0.010416666666666685
hap1-tko,OR4C11,0,3,-0.6383776198868096,-1.8133518685610448,-1.0,1.0,-0.146050224237541,-0.8619414748789086,1.0,-31.593,-0.11766666666666667
hap1-tko,OR4C3,0,3,-0.3580615740687571,-1.5483453480144787,-0.9961021466853917,1.0,0.1583536660858144,-0.09962454501160758,0.5931570606578479,-14.253,0.46541666666666665
hap1-tko,OR4D1,0,4,-0.4260995889154193,-1.5548856065532102,-0.9993694649049898,1.0,0.08190070338265255,-0.22527299303545326,0.9828425479302674,-18.943,0.2733333333333333
hap1-tko,OR4D10,0,0,-0.6862804016301022,-1.6984643437570062,-1.0,1.0,-0.2245938736728399,-0.9554612937433722,1.0,-29.559,-0.10916666666666669
hap1-tko,OR4D11,0,3,-0.38875768432565455,-1.6271931496503047,-0.9981370554011063,1.0,0.1448214728045907,-0.11851193717577599,0.678071742876816,-14.686,0.4508333333333333
hap1-tko,OR4D9,0,1,-0.6202176148767445,-1.9222916147790823,-1.0,1.0,-0.12136808236892657,-0.8108967928692213,1.0,-31.811,-0.15091666666666664
hap1-tko,OR4K17,0,4,-0.5392315591989484,-1.4268720500841372,-0.9999713393138632,1.0,-0.025462562141705187,-0.5349517067438595,1.0,-23.401,0.11391666666666671
hap1-tko,OR51B6,0,0,-0.7130676793312819,-1.9092201424895594,-1.0,1.0,-0.23556221991098494,-0.963744232036915,1.0,-38.538,-0.4359166666666667
hap1-tko,OR51D1,0,3,-0.6947751457790029,-1.6221630266667257,-1.0,1.0,-0.20195574903803976,-0.9392106847037918,1.0,-35.917,-0.26308333333333334
hap1-tko,OR51F2,0,2,-0.5963146580459774,-2.0124273504231414,-1.0,1.0,-0.10093627456775915,-0.7596228253704393,1.0,-31.388,-0.13816666666666666
hap1-tko,OR51T1,0,1,-0.5318291048327989,-1.8514365350670678,-0.9999713393138632,1.0,-0.0022104726776868283,-0.46158035023358457,1.0,-23.311,0.1404166666666667
hap1-tko,OR51V1,0,2,-0.658137237343117,-2.1881577733403756,-1.0,1.0,-0.17233615126177274,-0.9022383995872861,1.0,-37.562,-0.3541666666666667
hap1-tko,OR52A1,0,1,-0.7311862067183703,-2.0784024268810524,-1.0,1.0,-0.23760217239834266,-0.9692184230890487,1.0,-41.135,-0.47050000000000003
hap1-tko,OR52A5,0,2,-0.7290430372281783,-2.0612675080181444,-1.0,1.0,-0.2445047330450579,-0.9692757444613224,1.0,-42.129,-0.5139166666666667
hap1-tko,OR52B2,0,3,-0.6971485236355303,-1.9955155617383273,-1.0,1.0,-0.2219636484493806,-0.9577254879481815,1.0,-41.228,-0.44166666666666665
hap1-tko,OR52B6,0,1,-0.6710120719147835,-1.913503458537472,-1.0,1.0,-0.16551362085029986,-0.8947292998194377,1.0,-37.133,-0.3333333333333333
hap1-tko,OR52E8,0,4,-0.69793777078982,-2.180686044976559,-1.0,1.0,-0.1963558656193756,-0.9348542604109943,1.0,-37.164,-0.3781666666666667
hap1-tko,OR52K2,0,4,-0.712487465893765,-1.7817957026333928,-1.0,1.0,-0.25792214461202895,-0.9786191281419278,1.0,-42.03,-0.5521666666666667
hap1-tko,OR52L1,0,3,-0.7026014418623157,-1.7222520521855058,-1.0,1.0,-0.22936878009922904,-0.9631423576280416,1.0,-39.0,-0.36675
hap1-tko,OR52M1,0,3,-0.5437134982818052,-1.8170176286288953,-0.9999713393138632,1.0,-0.04648275262533495,-0.602447622596085,1.0,-24.052,0.13591666666666669
hap1-tko,OR52R1,0,4,-0.5587134215376267,-1.7112833263469063,-0.9999713393138632,1.0,-0.05013399213472234,-0.6143704680290046,1.0,-25.371,0.04349999999999998
hap1-tko,OR52W1,0,0,-0.5921591244665817,-1.924628162011381,-1.0,1.0,-0.1086631522133086,-0.7736379008913473,1.0,-29.699,-0.11425000000000005
hap1-tko,OR56A1,0,0,-0.6908262167810297,-2.1080408754436033,-1.0,1.0,-0.22285885251297188,-0.9538849560058468,1.0,-38.208,-0.4239166666666667
hap1-tko,OR56A4,0,3,-0.6089031221984138,-1.8416344097900197,-1.0,1.0,-0.12253482110426274,-0.8138488435413144,1.0,-31.816,-0.12516666666666665
hap1-tko,OR56B1,0,2,-0.670588279536153,-2.10417671503222,-1.0,1.0,-0.17126721153866278,-0.9008913473388553,1.0,-37.579,-0.35475000000000007
hap1-tko,OR5AU1,0,4,-0.5860534802193674,-2.0221102538453226,-1.0,1.0,-0.09625706213865881,-0.75194176148577,1.0,-29.794,-0.11466666666666667
hap1-tko,OR5C1,0,1,-0.7345925876815457,-2.0486197849465624,-1.0,1.0,-0.24663028004051746,-0.9735748473818463,1.0,-41.378,-0.4788333333333334
hap1-tko,OR5I1,0,0,-0.7007825763200891,-1.7094260333078213,-1.0,1.0,-0.23443929962663002,-0.9628557507666734,1.0,-36.939,-0.37775000000000003
hap1-tko,OR5P2,0,4,-0.7980918742194082,-2.05891289488854,-1.0,1.0,-0.32395262161795885,-0.9955002722765183,1.0,-47.369,-0.7430833333333333
hap1-tko,OR5P3,0,4,-0.5714586221654462,-2.007158179757803,-1.0,1.0,-0.07737443015815973,-0.6994640451692413,1.0,-27.293,-0.02525000000000001
hap1-tko,OR5R1,0,2,-0.5979112457659957,-1.8941992113959192,-1.0,1.0,-0.10712346259258088,-0.7737238829497578,1.0,-31.242,-0.13308333333333333
hap1-tko,OR5T1,0,1,-0.7341962488322217,-1.9803378682906707,-1.0,1.0,-0.2529751812484659,-0.9767275228568972,1.0,-42.438,-0.5151666666666668
hap1-tko,OR5T2,0,3,-0.6654355221534128,-2.1346417682995704,-1.0,1.0,-0.17090385481909195,-0.9007480439081712,1.0,-37.573,-0.3187500000000001
hap1-tko,OR5V1,0,2,-0.49399017594330985,-1.9086089376187838,-0.9998566965693159,1.0,0.009751505992862643,-0.42586913530709924,1.0,-24.119,0.11608333333333333
hap1-tko,OR5W2,0,2,-0.6086380875470286,-2.2923294031611436,-1.0,1.0,-0.08930899701725663,-0.7294717835544983,1.0,-31.123,-0.12891666666666665
hap1-tko,OR6A2,0,1,-0.763149449834014,-1.8566041849248367,-1.0,1.0,-0.28038277891321334,-0.9867587630047864,1.0,-44.563,-0.588
hap1-tko,OR6K6,0,1,-0.6232690277560574,-1.6808360110922862,-1.0,1.0,-0.15260725814705292,-0.8744661947207016,1.0,-32.742,-0.1828333333333333
hap1-tko,OR6S1,0,1,-0.40153600943164447,-1.7108580058453595,-0.9985956263792956,1.0,0.1039445182719096,-0.18202401765498266,0.8892522282560152,-16.849,0.36191666666666666
hap1-tko,OR6V1,0,3,-0.497468259773652,-1.7617063310558583,-0.9998566965693159,1.0,0.012082986007485311,-0.420308962196555,1.0,-22.741,0.18000000000000002
hap1-tko,OR7A17,0,4,-0.6465623639858271,-1.8420615869047632,-1.0,1.0,-0.16383665702868552,-0.892207159439397,1.0,-35.12,-0.3050833333333333
hap1-tko,OR7C2,0,2,-0.7037479178842354,-2.112079175486374,-1.0,1.0,-0.2619014704151327,-0.9776160041271388,1.0,-47.427,-0.6992499999999999
hap1-tko,OR7D4,0,3,-0.6823887496228608,-1.983396541778251,-1.0,1.0,-0.1900985933627962,-0.9262560545699464,1.0,-37.55,-0.318
hap1-tko,OR7G2,0,3,-0.5390211753821534,-1.5840093046812522,-0.9999713393138632,1.0,-0.07289836169627567,-0.6846178097503655,1.0,-36.497,-0.2825833333333333
hap1-tko,OR8A1,0,4,-0.5256484845014746,-1.9900841224769312,-0.9999713393138632,1.0,-0.0038074808726500597,-0.4643031154165831,1.0,-23.103,0.12458333333333335
hap1-tko,OR8B8,0,2,-0.7532758179273815,-1.77715950144158,-1.0,1.0,-0.2891509309409288,-0.987303316041386,1.0,-43.309,-0.5551666666666666
hap1-tko,OR8G5,0,1,-0.5211647656256869,-1.8069001146050347,-0.9999426786277263,1.0,0.011858134638408915,-0.4172422687799146,1.0,-22.3,0.17508333333333337
hap1-tko,OR8U1,0,3,-0.43399730515711693,-1.8152618791774884,-0.9994554469634003,1.0,0.07481369409720945,-0.24805823851423003,1.0,-20.944,0.2404166666666666
hap1-tko,OR9Q2,0,0,-0.7141820966276753,-1.8616087189392811,-1.0,1.0,-0.2189716919090801,-0.9507896019030696,1.0,-37.693,-0.4051666666666666
hap1-tko,ORC6,1,3,0.668839856533165,1.7022498634340202,-0.005044280760081396,0.3044895427668511,1.5006842280634443,-2.8660686136826114e-05,0.00038909390634780667,74.028,3.434
hap1-tko,OSGEP,1,1,-0.22354889360429203,-0.6644247851639044,-0.9448855005588834,1.0,0.2680592353839982,-0.023788369493565675,0.19097473806500379,-0.852,0.91025
hap1-tko,OTOP1,0,4,-0.31510888364195866,-1.0767113472159986,-0.9902267060273423,1.0,0.22118185811581997,-0.04218852999340804,0.30399789580132314,-9.553,0.6090833333333334
hap1-tko,OTOP3,0,0,-0.703506197686414,-2.1248422370302427,-1.0,1.0,-0.24005628226967332,-0.9665243185921871,1.0,-43.182,-0.6049166666666667
hap1-tko,OTOR,0,1,-0.615285549673267,-1.9032532900348764,-1.0,1.0,-0.11752339531147506,-0.8025278725172681,1.0,-31.629,-0.1446666666666667
hap1-tko,OTP,0,3,-0.5740640349155318,-1.5740692200937985,-1.0,1.0,-0.04777197159409252,-0.6069760110057035,1.0,-24.785,0.11125000000000003
hap1-tko,OTUD6A,0,0,-0.7080267281223884,-1.9833719236030591,-1.0,1.0,-0.2313057946372779,-0.9603049497004958,1.0,-38.38,-0.4301666666666667
hap1-tko,OTX2,0,3,-0.5942664474150418,-1.8332942212035819,-1.0,1.0,-0.11216108818239261,-0.7902897595368433,1.0,-22.183,0.19875
hap1-tko,PABPC1,1,3,-0.18135949712737673,-0.6719859390517434,-0.8985698317617724,1.0,0.35642745086050326,-0.005732137227365223,0.052000589667907604,0.463,0.96025
hap1-tko,PAFAH1B1,1,4,0.016591500741273895,0.04444467174553918,-0.46338597346020466,1.0,0.6608276041742719,-8.598205841047835e-05,0.0011110792659042926,51.563,2.7943333333333333
hap1-tko,PAGE3,0,3,-0.784440709799979,-2.032570542745015,-1.0,1.0,-0.3146447887905966,-0.9935800063053509,1.0,-48.67,-0.6919166666666667
hap1-tko,PAICS,1,4,0.5538021671495571,1.5468978234999458,-0.013957754148634318,0.6012173361059894,1.2687198641897712,-2.8660686136826114e-05,0.0003796398402862047,57.931,3.022
hap1-tko,PAK1IP1,1,0,0.2751425600234243,0.7810875905610358,-0.09727436874838784,1.0,1.0156923235137287,-2.8660686136826114e-05,0.0003533467630084322,36.838,2.3070833333333334
hap1-tko,PANX3,0,2,-0.6782870392881348,-1.9210543946750478,-1.0,1.0,-0.1594909909038163,-0.8829497578172022,1.0,-34.587,-0.2500833333333333
hap1-tko,PASD1,0,2,-0.7031695385363432,-2.176450383627626,-1.0,1.0,-0.2322769298350929,-0.9619959301825686,1.0,-42.048,-0.5110833333333333
hap1-tko,PAX1,0,1,-0.5882765144467215,-1.9532364486452167,-1.0,1.0,-0.09904521348877048,-0.7584477372388295,1.0,-30.27,-0.09808333333333329
hap1-tko,PAX4,0,1,-0.6736510381730682,-1.8159860978710858,-1.0,1.0,-0.18136401183463255,-0.9190049009773293,1.0,-35.499,-0.27733333333333327
hap1-tko,PCID2,1,3,-0.0704068160879949,-0.17960925224055288,-0.6748731764638446,1.0,0.4942502238396922,-0.0007165171534206529,0.007812276088389555,16.465,1.4983333333333333
hap1-tko,PCNA,1,4,1.4816030315660342,3.244300138114683,-2.8660686136826114e-05,0.035713262118352254,2.598024460144726,-2.8660686136826114e-05,0.0003796398402862047,108.722,4.8380833333333335
hap1-tko,PDCL2,0,1,-0.7316796387517733,-1.8305152508079123,-1.0,1.0,-0.266368290325166,-0.9821443925367573,1.0,-41.388,-0.47916666666666674
hap1-tko,PDE6H,0,3,-0.5849021380096271,-1.988955317052967,-1.0,1.0,-0.0507512241994051,-0.61594680576653,1.0,-27.918,0.005916666666666681
hap1-tko,PDILT,0,0,-0.48490275198818567,-1.8963319499919842,-0.9997993751970422,1.0,0.0020495507979321485,-0.4449284915880886,1.0,-22.785,0.1373333333333333
hap1-tko,PDX1,0,4,-0.5983788866375612,-1.7627942634523404,-1.0,1.0,-0.12257323935075282,-0.8136768794244934,1.0,-30.416,-0.13691666666666663
hap1-tko,PDYN,0,2,-0.6663048908480668,-1.8576593204258813,-1.0,1.0,-0.23648450560143147,-0.964575391934883,1.0,-45.441,-0.62975
hap1-tko,PFDN2,1,1,-0.1435894746949385,-0.5595911791865334,-0.8346565016766502,1.0,0.41369683320856243,-0.0023215155770829154,0.022803400474218163,2.302,1.0183333333333333
hap1-tko,PFN1,1,4,0.22256897355781508,0.6626035313801364,-0.14072396893181624,1.0,0.8748137406786404,-2.8660686136826114e-05,0.0003796398402862047,33.137,2.1355
hap1-tko,PGGT1B,1,2,0.019948531842147076,0.057267418738161845,-0.4553323206557565,1.0,0.6702022619819841,-2.8660686136826114e-05,0.00037312363407233695,23.998,1.79925
hap1-tko,PGK1,1,4,0.23902746652508972,0.8162672848388024,-0.12590639419907712,1.0,0.8870041473612644,-2.8660686136826114e-05,0.0003796398402862047,23.827,1.802583333333333
hap1-tko,PGK2,0,1,-0.7101102506437483,-2.087430547376356,-1.0,1.0,-0.22489287030627947,-0.960620217248001,1.0,-39.824,-0.4255833333333333
hap1-tko,PGLYRP2,0,3,-0.38246141349437457,-1.4985800919176908,-0.997850448539738,1.0,0.15683673154933522,-0.10160213235504859,0.6018503222186155,-12.473,0.52525
hap1-tko,PGLYRP3,0,4,-0.6254137191285684,-2.014998023470803,-1.0,1.0,-0.1365668599591631,-0.8436272964374767,1.0,-32.54,-0.21283333333333335
hap1-tko,PHB,1,2,-0.1312379113210895,-0.3897114611096631,-0.8118139348255997,1.0,0.5207285047176943,-0.0002292854890946089,0.0024599540942530458,19.655,1.647333333333333
hap1-tko,PHB2,1,2,0.30702239729986996,0.631615926779413,-0.0782436731535353,1.0,1.3099738072881912,-2.8660686136826114e-05,0.00037312363407233695,71.332,3.455
hap1-tko,PIWIL1,0,0,-0.5547058704254753,-1.9841633725922931,-0.9999713393138632,1.0,-0.04047051815840548,-0.5807228225043708,1.0,-25.217,0.04883333333333334
hap1-tko,PIWIL3,0,2,-0.44930368110842117,-1.331877399640977,-0.9996274110802212,1.0,0.044262012155205754,-0.32314923619271446,1.0,-16.813,0.37166666666666665
hap1-tko,PKMYT1,1,1,0.5928137083333084,1.9567907239928939,-0.009916597403341837,0.46504043468090955,1.2854529329691875,-2.8660686136826114e-05,0.00035687770853456925,42.871,2.4089166666666664
hap1-tko,PLA2G2E,0,0,-0.7061737507664134,-1.980006388030482,-1.0,1.0,-0.24111683434389242,-0.9671261930010604,1.0,-38.449,-0.4326666666666667
hap1-tko,PLA2G2F,0,4,-0.6530886805853315,-2.098172404477516,-1.0,1.0,-0.16335654523108367,-0.891375999541429,1.0,-35.131,-0.3055
hap1-tko,PLA2G4E,0,0,-0.2117767540351681,-0.9598259893627559,-0.9331059585566478,1.0,0.32719403910605305,-0.008741509271731965,0.07772458167449751,-2.78,0.8653333333333333
hap1-tko,PLK1,1,0,0.94955410212418,2.5049578199732707,-0.0008598205841047835,0.15413092072130974,1.7774072285181282,-2.8660686136826114e-05,0.0003533467630084322,65.193,3.3389166666666665
hap1-tko,PLRG1,1,2,-0.13180460508334776,-0.3819388581929271,-0.812759737468115,1.0,0.5519983994580369,-0.0002292854890946089,0.0024599540942530458,9.247,1.28325
hap1-tko,PMPCA,1,3,0.762728977710109,1.6619170248151487,-0.002378836949356568,0.19667682740059395,1.68346953389697,-2.8660686136826114e-05,0.00038909390634780667,79.743,3.6261666666666668
hap1-tko,PMPCB,1,1,0.785882076102647,2.4381403828810444,-0.002206872832535611,0.19667682740059395,1.5151178135989465,-2.8660686136826114e-05,0.00035687770853456925,54.138,2.7950833333333334
hap1-tko,PNKP,1,2,0.4266444650848847,1.0944347069516993,-0.033962913072138945,1.0,1.3256329018680524,-2.8660686136826114e-05,0.00037312363407233695,63.07,3.166
hap1-tko,PNLIP,0,3,-0.6568686678680298,-2.213498485233608,-1.0,1.0,-0.17881275413969366,-0.9110658909174285,1.0,-38.695,-0.35649999999999993
hap1-tko,PNLIPRP1,0,2,-0.6329894052953882,-2.0354818398200205,-1.0,1.0,-0.1475640619109246,-0.8628299561491503,1.0,-34.43,-0.24458333333333332
hap1-tko,PNPLA5,0,3,-0.6671956972209755,-2.0028152688725873,-1.0,1.0,-0.14501122018643237,-0.8604511191997937,1.0,-34.661,-0.22083333333333335
hap1-tko,POLA2,1,0,0.34094350013679897,0.9721890189802207,-0.06190708205554441,1.0,1.0199125490105885,-2.8660686136826114e-05,0.0003533467630084322,39.048,2.3874999999999997
hap1-tko,POLR1A,1,4,0.7460120663091361,2.155295284828877,-0.0028374079275457855,0.2232078882397016,1.5294395725967176,-2.8660686136826114e-05,0.0003796398402862047,57.931,3.0220000000000002
hap1-tko,POLR1B,1,2,1.5022642518162614,3.550602055370036,-2.8660686136826114e-05,0.035713262118352254,2.51153497523475,-2.8660686136826114e-05,0.00037312363407233695,100.117,4.461916666666667
hap1-tko,POLR1C,1,2,0.11058458138533682,0.3971409162082235,-0.2807600813963486,1.0,0.7346403383067415,-2.8660686136826114e-05,0.00037312363407233695,31.569,2.0640833333333335
hap1-tko,POLR2A,1,0,-0.36011036191988255,-1.217842399794129,-0.9963887535467599,1.0,0.1138123238881382,-0.16038519962167894,0.8447825505435353,-13.135,0.4885
hap1-tko,POLR2B,1,1,0.422535967861609,1.5556171688262626,-0.03496603708692786,1.0,1.0610385050106386,-2.8660686136826114e-05,0.00035687770853456925,34.143,2.10975
hap1-tko,POLR2C,1,3,1.1812186162763734,2.3939492831362643,-0.0002866068613682612,0.12790331084247086,2.354829365237609,-2.8660686136826114e-05,0.00038909390634780667,114.683,4.801083333333333
hap1-tko,POLR2D,1,0,0.8658778758800337,1.840799947761604,-0.0012897308761571752,0.16303880532291248,1.829070403274527,-2.8660686136826114e-05,0.0003533467630084322,51.522,2.8414166666666665
hap1-tko,POLR2E,1,1,0.3588200418877945,0.9299832034665613,-0.05505717806884297,1.0,1.1224192947164848,-2.8660686136826114e-05,0.00035687770853456925,56.289,2.868833333333333
hap1-tko,POLR2G,1,2,0.612253079951957,1.5526800730558428,-0.008168295548995444,0.39914822367570174,1.6060125031436823,-2.8660686136826114e-05,0.00037312363407233695,57.291,2.963833333333333
hap1-tko,POLR2H,1,1,0.8983700007040685,2.2020438732903584,-0.0011750881316098707,0.15413092072130974,1.8539426172801756,-2.8660686136826114e-05,0.00035687770853456925,68.283,3.2799166666666664
hap1-tko,POLR2I,1,2,0.5536693107847721,1.7082388765149397,-0.013957754148634318,0.6012173361059894,1.2708188689069746,-2.8660686136826114e-05,0.00037312363407233695,50.258,2.7178333333333335
hap1-tko,POLR2L,1,3,-0.020541060584107835,-0.14374476246861603,-0.5513169585279871,1.0,3.0012816972269283,-2.8660686136826114e-05,0.00038909390634780667,138.464,5.600750000000001
hap1-tko,POLR3A,1,0,0.3705784276928215,1.088959276180022,-0.05064343240377175,1.0,1.0109038416075513,-2.8660686136826114e-05,0.0003533467630084322,38.24,2.3580833333333335
hap1-tko,POLR3C,1,1,0.8445778454371071,2.230700236607788,-0.0014330343068413057,0.16778042605937302,1.6981895415016928,-2.8660686136826114e-05,0.00035687770853456925,67.125,3.2402499999999996
hap1-tko,POLR3H,1,4,-0.0173681766565944,-0.14541365318361554,-0.5436072339571809,1.0,2.8224895240204866,-2.8660686136826114e-05,0.0003796398402862047,125.68,5.444416666666666
hap1-tko,POLR3K,1,0,0.6875963179354112,1.9120269638131022,-0.0042417815482502655,0.2700652522234521,1.4679100569695147,-2.8660686136826114e-05,0.0003533467630084322,58.891,3.1095833333333336
hap1-tko,POLRMT,1,3,0.9403436770336803,2.5939010250795524,-0.0008884812702416096,0.15413092072130974,1.7676087327559817,-2.8660686136826114e-05,0.00038909390634780667,72.246,3.374083333333333
hap1-tko,POM121L12,0,0,-0.553220395962615,-1.5243060749951796,-0.9999713393138632,1.0,-0.07803537222386009,-0.6932733369636869,1.0,-25.913,0.023499999999999993
hap1-tko,POP1,1,0,0.12696906384633763,0.33980949768654617,-0.25665644435527785,1.0,0.7130727488504547,-2.8660686136826114e-05,0.0003533467630084322,36.211,2.28425
hap1-tko,POP5,1,3,-0.11019808977472534,-0.7044977440259107,-0.7683356739560345,1.0,1.2243429395426748,-2.8660686136826114e-05,0.00038909390634780667,102.384,4.3875
hap1-tko,POU3F4,0,1,-0.5958829808874303,-2.1110370969100076,-1.0,1.0,-0.09170960739349741,-0.7384139176291881,1.0,-30.408,-0.10283333333333336
hap1-tko,POU4F2,0,0,-0.8394558772361568,-1.7898193894761343,-1.0,1.0,-0.3841323659840203,-0.9984523229486114,1.0,-48.449,-0.7965833333333333
hap1-tko,POU4F3,0,4,-0.5600417347838486,-1.9384107687585703,-0.9999713393138632,1.0,-0.05350904564876068,-0.625003582585767,1.0,-27.058,-0.01683333333333334
hap1-tko,POU5F2,0,3,-0.7778509670064931,-1.5460817801646898,-1.0,1.0,-0.30239722240116107,-0.9915164369034994,1.0,-41.674,-0.4566666666666666
hap1-tko,PPA1,1,0,0.20733124218860846,0.5594387286838747,-0.15602877532888138,1.0,0.929082435278524,-2.8660686136826114e-05,0.0003533467630084322,38.874,2.3811666666666667
hap1-tko,PPAN,1,4,-0.4602707675221566,-1.740618088271807,-0.9997707145109054,1.0,0.06883965807041864,-0.25588260582958355,1.0,-17.677,0.31858333333333333
hap1-tko,PPAT,1,0,0.18742833428032463,0.5267365325356483,-0.1771230403255854,1.0,0.8785313835137274,-2.8660686136826114e-05,0.0003533467630084322,37.125,2.3175
hap1-tko,PPIL2,1,3,0.22402143019932413,0.5932660042360675,-0.1394915594279327,1.0,0.885689253235219,-2.8660686136826114e-05,0.00038909390634780667,43.789,2.4171666666666667
hap1-tko,PPP2CA,1,1,0.0001827295374474089,0.0006221619366884899,-0.5010747757301309,1.0,0.6118376599893851,-5.732137227365223e-05,0.000696358871388484,29.035,1.9346666666666668
hap1-tko,PPP3R2,0,2,-0.5977149667602075,-1.844439890190407,-1.0,1.0,-0.1022774493879655,-0.762660858100943,1.0,-41.51,-0.49225
hap1-tko,PPP4C,1,2,0.827992192664951,2.2116739427823338,-0.0016909804820727408,0.18597027956751724,1.7566850440203583,-2.8660686136826114e-05,0.00037312363407233695,74.129,3.5528333333333335
hap1-tko,PPWD1,1,3,0.007901988540371519,0.02729669034644679,-0.48353443581439337,1.0,0.6318659527455589,-8.598205841047835e-05,0.0010706331256037079,17.919,1.54725
hap1-tko,PRB4,0,1,-0.743525924026644,-1.6920449102510693,-1.0,1.0,-0.25821969437744374,-0.9789917170617065,1.0,-39.263,-0.4063333333333334
hap1-tko,PRDM13,0,2,-0.7060758237777727,-1.8614121624912903,-1.0,1.0,-0.2055983870830162,-0.9410163079304118,1.0,-37.126,-0.33891666666666664
hap1-tko,PRDM14,0,0,-0.3129775234702642,-1.2445647127605317,-0.9897108136768794,1.0,0.21237092705102237,-0.046974864578258,0.340597054267544,-8.333,0.66325
hap1-tko,PREB,1,2,0.8449508173498371,2.2869008339900687,-0.0014330343068413057,0.16778042605937302,1.6693477614969068,-2.8660686136826114e-05,0.00037312363407233695,64.685,3.2225
hap1-tko,PRELID1,1,4,0.17551159651887235,0.49613996549557704,-0.19113811584649337,1.0,0.8794910305265067,-2.8660686136826114e-05,0.0003796398402862047,22.915,1.77
hap1-tko,PRG3,0,4,-0.5950692150629983,-1.927325355729295,-1.0,1.0,-0.09448573070446002,-0.7469834627840991,1.0,-29.717,-0.11191666666666668
hap1-tko,PRIM1,1,4,0.823779035930964,2.432132509802465,-0.001748301854346393,0.18597027956751724,1.5931817771932153,-2.8660686136826114e-05,0.0003796398402862047,54.768,2.9089166666666664
hap1-tko,PRLH,0,4,-0.32961528000030205,-0.9080982965806318,-0.9928921498380672,1.0,0.25996822938945807,-0.023874351551976154,0.18743837210811162,-17.074,0.34016666666666673
hap1-tko,PRLHR,0,2,-0.7471297279011015,-1.898130716695629,-1.0,1.0,-0.2568763385732824,-0.975609756097561,1.0,-42.001,-0.5094166666666666
hap1-tko,PRMT1,1,1,0.550079786824312,1.5522732088087654,-0.014416325126823537,0.6148968015585247,1.3439935895207296,-2.8660686136826114e-05,0.00035687770853456925,58.033,2.9285833333333335
hap1-tko,PRMT5,1,2,0.7326154432881149,1.682293491248941,-0.003066693416640394,0.23159509373719342,1.9445741482309633,-2.8660686136826114e-05,0.00037312363407233695,71.63,3.465416666666667
hap1-tko,PROP1,0,0,-0.7271304265487617,-1.971759884993964,-1.0,1.0,-0.26107202196264406,-0.9768708262875814,1.0,-40.31,-0.5004166666666667
hap1-tko,PRPF19,1,2,0.4931618708542793,1.1912157099944145,-0.021638818033303718,0.7980743775707894,1.279061945840436,-2.8660686136826114e-05,0.00037312363407233695,50.141,2.71375
hap1-tko,PRPF31,1,1,0.22238557895933683,0.7303445005128131,-0.14089593304863718,1.0,0.8525147064334289,-2.8660686136826114e-05,0.00035687770853456925,27.399,1.8785833333333333
hap1-tko,PRPF38A,1,3,1.336793326945776,3.3074078041830464,-8.598205841047835e-05,0.08333094494282194,2.2965407383746093,-2.8660686136826114e-05,0.00038909390634780667,84.925,3.8004166666666666
hap1-tko,PRPF38B,1,3,-0.06613651114600146,-0.41232970064974495,-0.6640967584763979,1.0,1.6060097623309098,-2.8660686136826114e-05,0.00038909390634780667,107.37,4.555166666666667
hap1-tko,PRPF4,1,0,0.4396685446549497,1.2109635736382516,-0.031096844458456334,0.999050555391843,1.1438737290372054,-2.8660686136826114e-05,0.0003533467630084322,43.972,2.5666666666666664
hap1-tko,PRPF8,1,3,0.6582309309236203,1.6469918877409304,-0.005502851738270614,0.3184727202765274,1.5664777333424962,-2.8660686136826114e-05,0.00038909390634780667,70.742,3.3235
hap1-tko,PRSS33,0,2,-0.5071403168963631,-2.0239137186861518,-0.9998853572554527,1.0,0.024714752983479648,-0.3780917715170101,1.0,-23.019,0.15458333333333335
hap1-tko,PRSS37,0,2,-0.6666692862443044,-1.8476681375958584,-1.0,1.0,-0.14940107788968288,-0.866154595741022,1.0,-32.903,-0.19116666666666665
hap1-tko,PRSS38,0,0,-0.7389531829381842,-1.9901362394047672,-1.0,1.0,-0.27649211256711476,-0.9825456421426729,1.0,-41.95,-0.5600833333333333
hap1-tko,PRSS55,0,3,-0.6847878225899696,-1.9777782638455228,-1.0,1.0,-0.2256413204285386,-0.9607635206786851,1.0,-42.544,-0.4859166666666666
hap1-tko,PRSS58,0,0,-0.7634174562722195,-2.1234803902827917,-1.0,1.0,-0.292995116155369,-0.9877618870195752,1.0,-43.873,-0.6300833333333333
hap1-tko,PSKH2,0,4,-0.4186476220392303,-1.464264025355066,-0.9991401794158952,1.0,0.11116083693573876,-0.16511421283425526,0.8210996131395618,-17.742,0.31625000000000003
hap1-tko,PSMA1,1,2,0.7018338592495448,1.8956391451019052,-0.003926514000745178,0.2671679150838565,1.5522702731363043,-2.8660686136826114e-05,0.00037312363407233695,68.066,3.34075
hap1-tko,PSMA2,1,2,0.06149738137974738,0.17052211013639046,-0.36834713823048926,1.0,0.6956065301661415,-2.8660686136826114e-05,0.00037312363407233695,17.688,1.5785
hap1-tko,PSMA3,1,0,0.20741493296097926,0.5924459456968708,-0.15597145395660772,1.0,0.8250456312975144,-2.8660686136826114e-05,0.0003533467630084322,33.458,2.184083333333333
hap1-tko,PSMA4,1,0,0.5785857858081049,1.323089787160126,-0.011234988965635836,0.5104020377747843,1.3605102654630663,-2.8660686136826114e-05,0.0003533467630084322,73.656,3.646916666666667
hap1-tko,PSMA5,1,1,0.6588358255561049,2.0825533055001135,-0.005474191052133788,0.3184727202765274,1.376186675688124,-2.8660686136826114e-05,0.00035687770853456925,49.71,2.6433333333333335
hap1-tko,PSMA6,1,3,0.6604187465622213,1.708697368266609,-0.005416869679860136,0.3181726988725928,1.4749075016262108,-2.8660686136826114e-05,0.00038909390634780667,65.555,3.149083333333334
hap1-tko,PSMA7,1,0,1.0673849674212892,2.2509161634367234,-0.0004012496059155656,0.13698237524847443,1.9152069993542942,-2.8660686136826114e-05,0.0003533467630084322,41.908,2.4915833333333333
hap1-tko,PSMB1,1,1,0.4689324600742935,1.246719806532822,-0.025422028603364764,0.8799350971938459,1.2566705127343807,-2.8660686136826114e-05,0.00035687770853456925,70.062,3.3409166666666668
hap1-tko,PSMB2,1,1,0.621857129740456,1.708946660079882,-0.007652403198532573,0.38570323087820435,1.4447036787714382,-2.8660686136826114e-05,0.00035687770853456925,58.477,2.943833333333333
hap1-tko,PSMB3,1,3,-0.008525330093006813,-0.02292203096731923,-0.5226849330772979,1.0,0.6946631994283792,-2.8660686136826114e-05,0.00038909390634780667,48.59,2.5785833333333334
hap1-tko,PSMB4,1,3,0.7062289212431675,1.8706682843401385,-0.003725889197787395,0.25999254822160445,1.5873775002380892,-2.8660686136826114e-05,0.00038909390634780667,71.838,3.3603333333333327
hap1-tko,PSMB7,1,2,0.7809708710590209,1.8945638607464048,-0.002235533518672437,0.19667682740059395,1.6783441691301326,-2.8660686136826114e-05,0.00037312363407233695,75.487,3.6003333333333334
hap1-tko,PSMC2,1,0,-0.013059469382317977,-0.0418879479650754,-0.533031440772692,1.0,0.5954029104795681,-5.732137227365223e-05,0.000691065196485047,15.139,1.5174166666666669
hap1-tko,PSMC3,1,0,0.608554894546204,1.547586715586135,-0.008454902410363703,0.4085755472265784,1.3544259312210039,-2.8660686136826114e-05,0.0003533467630084322,69.232,3.4859166666666668
hap1-tko,PSMC5,1,3,0.4864753317781745,1.1298958981165343,-0.022842566851050416,0.8260632803027566,1.47247783793976,-2.8660686136826114e-05,0.00038909390634780667,75.788,3.493166666666667
hap1-tko,PSMC6,1,4,1.2680396728751262,3.3028206884662663,-0.0002292854890946089,0.12790331084247086,2.23690251141791,-2.8660686136826114e-05,0.0003796398402862047,76.485,3.685416666666667
hap1-tko,PSMD1,1,2,0.19250083998551087,0.6573898727084302,-0.1717348313318621,1.0,0.8478584461054087,-2.8660686136826114e-05,0.00037312363407233695,24.992,1.834
hap1-tko,PSMD11,1,2,0.29954345777662467,0.9589963760214991,-0.08225616921269095,1.0,0.9765286048298117,-2.8660686136826114e-05,0.00037312363407233695,43.612,2.485333333333333
hap1-tko,PSMD12,1,4,-0.01625674992085692,-0.05332227778057072,-0.5408271474019088,1.0,0.5344214405046354,-0.0002866068613682612,0.0032614851249636767,32.065,2.097166666666667
hap1-tko,PSMD13,1,2,0.41833756168795905,1.3004522730842658,-0.03585451835716947,1.0,1.1336591345577736,-2.8660686136826114e-05,0.00037312363407233695,40.581,2.3793333333333333
hap1-tko,PSMD14,1,2,0.5292268368225154,1.2586184959212467,-0.016795162076180103,0.6782213018957451,1.4203517505780627,-2.8660686136826114e-05,0.00037312363407233695,73.068,3.5157499999999997
hap1-tko,PSMD3,1,0,0.37807085607957,0.9985277017251809,-0.04826459545441518,1.0,1.0302701179625362,-2.8660686136826114e-05,0.0003533467630084322,35.348,2.2528333333333332
hap1-tko,PSMD4,1,0,0.3604042635216563,1.0965522737855735,-0.0545412857183801,1.0,1.0342143026824155,-2.8660686136826114e-05,0.0003533467630084322,39.918,2.4191666666666665
hap1-tko,PSMG3,1,4,0.6537296131541979,1.5522065746104274,-0.005732137227365223,0.32474953463247647,1.5117118890951082,-2.8660686136826114e-05,0.0003796398402862047,69.304,3.428666666666667
hap1-tko,PTF1A,0,3,-0.7190469131006958,-1.7728205422894059,-1.0,1.0,-0.2784410917582947,-0.9856983176177238,1.0,-44.888,-0.56475
hap1-tko,PTPN23,1,0,-0.04366008615806405,-0.15742111984465498,-0.6079504743343556,1.0,0.4689971950249334,-0.0008311598979679573,0.008846604283130576,4.101,1.1157500000000002
hap1-tko,PUF60,1,2,0.3811433947876792,1.0915079429248988,-0.04714682869507896,1.0,1.1509217350395928,-2.8660686136826114e-05,0.00037312363407233695,52.076,2.781416666666667
hap1-tko,PWP2,1,0,-0.02358756633550244,-0.05703500579708665,-0.5584534693760569,1.0,0.5990197869475146,-2.8660686136826114e-05,0.0003533467630084322,33.017,2.168
hap1-tko,QARS,1,1,0.28403934056405056,0.8581655600949524,-0.09122696397351752,1.0,0.9020869085226759,-2.8660686136826114e-05,0.00035687770853456925,31.763,2.0281666666666665
hap1-tko,RABGGTB,1,0,0.8903285007646173,1.9618906923406598,-0.0011750881316098707,0.15413092072130974,1.856704258607926,-2.8660686136826114e-05,0.0003533467630084322,93.536,4.370333333333334
hap1-tko,RACGAP1,1,2,-0.2780188050252573,-0.5783619024996463,-0.9791350204923905,1.0,0.32186810789098375,-0.008168295548995444,0.07009144901732686,31.493,2.0614166666666667
hap1-tko,RAD21,1,1,0.006462789113893726,0.01617054276886651,-0.48697371815081253,1.0,0.76195494782084,-2.8660686136826114e-05,0.00035687770853456925,43.645,2.4354166666666663
hap1-tko,RAD51C,1,0,0.27004364071641124,0.7273720689711907,-0.10011177667593363,1.0,0.9954011593191444,-2.8660686136826114e-05,0.0003533467630084322,42.708,2.5206666666666666
hap1-tko,RAD51D,1,1,0.7869541438707501,1.7169636540414763,-0.0021782121463987847,0.19667682740059395,1.8077480259437193,-2.8660686136826114e-05,0.00035687770853456925,97.907,4.295333333333334
hap1-tko,RAE1,1,4,0.5846680320559081,1.5961864244924724,-0.010575793184488837,0.48679343562904426,1.4046157878179146,-2.8660686136826114e-05,0.0003796398402862047,53.178,2.852083333333333
hap1-tko,RAN,1,3,1.0264908622137152,2.289939095983196,-0.0005445530365996962,0.13698237524847443,2.027165925538025,-2.8660686136826114e-05,0.00038909390634780667,89.331,3.948583333333333
hap1-tko,RANGAP1,1,0,1.3704474816352747,3.063123544557254,-5.732137227365223e-05,0.06666475595425754,2.4336798550707934,-2.8660686136826114e-05,0.0003533467630084322,89.34,4.217666666666666
hap1-tko,RARS2,1,4,0.3435884253558547,0.936344105490541,-0.06070333323779771,1.0,1.1169505008523455,-2.8660686136826114e-05,0.0003796398402862047,55.031,2.9183333333333334
hap1-tko,RAX,0,4,-0.6619325064800933,-1.9231526673054937,-1.0,1.0,-0.1530154588516935,-0.8738643203118283,1.0,-33.936,-0.26274999999999993
hap1-tko,RAX2,0,1,-0.5360231807451997,-1.7949453471095553,-0.9999713393138632,1.0,-0.04785286228520608,-0.607205296494798,1.0,-25.915,0.051166666666666645
hap1-tko,RBBP6,1,0,0.3668758465800414,1.0417127509789295,-0.052477716316528616,1.0,1.0667338003529094,-2.8660686136826114e-05,0.0003533467630084322,41.636,2.4816666666666665
hap1-tko,RBM14,1,2,-0.18330570888519174,-0.6827890226417128,-0.9012066148863603,1.0,0.40351607131679246,-0.0023215155770829154,0.022178991917969033,0.521,0.9780000000000001
hap1-tko,RBM17,1,1,0.6236708797915683,1.6443295642678812,-0.007423117709437964,0.37754019953686674,1.3942715033470152,-2.8660686136826114e-05,0.00035687770853456925,66.277,3.2111666666666667
hap1-tko,RBM46,0,1,-0.5877946508673909,-2.0635847591006944,-1.0,1.0,-0.09046594849772764,-0.7352325814680003,1.0,-31.072,-0.12558333333333335
hap1-tko,RBM8A,1,3,-0.18824361549483656,-0.5824809545160387,-0.906709466624631,1.0,0.3780989214179026,-0.004098478117566135,0.03829563511566214,7.109,1.18375
hap1-tko,RBMXL2,0,1,-0.4031058919576413,-1.5406027771041642,-0.9987102691238429,1.0,0.11860506905857415,-0.15433779484680862,0.8039482923566965,-14.846,0.4305833333333333
hap1-tko,RBP3,0,4,-0.6383902017103821,-2.0162304851206683,-1.0,1.0,-0.15304742199705368,-0.8738643203118283,1.0,-33.395,-0.24341666666666664
hap1-tko,RBPJL,0,1,-0.5249146300220847,-1.7298987040221012,-0.9999713393138632,1.0,-0.00529592525848369,-0.4713536442062423,1.0,-23.292,0.1410833333333333
hap1-tko,RBX1,1,3,0.18532934066882428,0.4824773172168537,-0.17947321658880513,1.0,0.851121181868918,-2.8660686136826114e-05,0.00038909390634780667,61.828,3.0237499999999997
hap1-tko,RCC1,1,0,0.1775989976857998,0.5034600548258388,-0.18873061821099998,1.0,0.8800284568022269,-2.8660686136826114e-05,0.0003533467630084322,31.771,2.122666666666667
hap1-tko,RCL1,1,4,0.8938285280651075,2.416990421937292,-0.0011750881316098707,0.15413092072130974,1.716675825603106,-2.8660686136826114e-05,0.0003796398402862047,64.64,3.2619166666666666
hap1-tko,RD3,0,0,-0.6395481165216977,-1.71114354095663,-1.0,1.0,-0.18520312658035337,-0.9154796365824998,1.0,-35.485,-0.3248333333333334
hap1-tko,RDH8,0,3,-0.6682170697013824,-2.039545762137278,-1.0,1.0,-0.1921386900998799,-0.9283769453440716,1.0,-38.658,-0.35525
hap1-tko,REG3A,0,4,-0.6171139915015733,-2.0314633639376174,-1.0,1.0,-0.11723820644663116,-0.8023559084004471,1.0,-30.598,-0.14341666666666664
hap1-tko,RESP18,0,4,-0.7245305042565998,-1.9652668019046677,-1.0,1.0,-0.2816212017755484,-0.9874466194720701,1.0,-46.332,-0.706
hap1-tko,RETNLB,0,1,-0.5097404212921802,-1.847057657112596,-0.9998853572554527,1.0,0.00970939343496524,-0.4241494941388897,1.0,-22.677,0.16216666666666665
hap1-tko,RFC2,1,3,0.43738630792096866,1.2208609287351861,-0.03172737955346651,1.0,1.2370475880145055,-2.8660686136826114e-05,0.00038909390634780667,61.712,3.019833333333333
hap1-tko,RFC4,1,2,0.0826386617996346,0.2840548883710115,-0.32839414175575365,1.0,0.7217342804635433,-2.8660686136826114e-05,0.00037312363407233695,18.126,1.5938333333333332
hap1-tko,RFC5,1,3,0.9558660028320154,2.5943983317195616,-0.0008598205841047835,0.15413092072130974,1.7596274129289966,-2.8660686136826114e-05,0.00038909390634780667,74.933,3.4644166666666663
hap1-tko,RFK,1,3,0.1253799571548772,0.3995217211982064,-0.2591212633630449,1.0,0.7844190929894655,-2.8660686136826114e-05,0.00038909390634780667,25.012,1.78575
hap1-tko,RFPL4B,0,0,-0.6143452033507508,-1.9800164485940224,-1.0,1.0,-0.10627385580897872,-0.7673038892551087,1.0,-29.268,-0.09858333333333333
hap1-tko,RFX6,0,3,-0.7453918668072483,-1.9280290264380044,-1.0,1.0,-0.2583408292487021,-0.9783325212805595,1.0,-43.654,-0.52325
hap1-tko,RHEB,1,2,-0.10433956099593963,-0.3699928499243997,-0.7546358659826317,1.0,0.4935952360150955,-0.0002292854890946089,0.0024599540942530458,7.134,1.2093333333333334
hap1-tko,RHO,0,0,-0.6065325103798318,-1.8718856475954329,-1.0,1.0,-0.09006526930120685,-0.7269496431744576,1.0,-28.377,-0.06616666666666668
hap1-tko,RIOK2,1,0,0.19527242239325754,0.5756494599513314,-0.1688114413459058,1.0,0.8304583303097816,-2.8660686136826114e-05,0.0003533467630084322,46.321,2.6521666666666666
hap1-tko,RNASE10,0,1,-0.5884754361000217,-2.05479880794921,-1.0,1.0,-0.08733537463141804,-0.7264624115101316,1.0,-29.686,-0.07808333333333334
hap1-tko,RNASE11,0,1,-0.6558569687952841,-1.9532591884258925,-1.0,1.0,-0.15282784102951186,-0.8748387836404804,1.0,-33.802,-0.21916666666666668
hap1-tko,RNASE12,0,2,-0.6934382886148849,-2.236577249684068,-1.0,1.0,-0.1979662739316437,-0.9335072081625634,1.0,-39.664,-0.4276666666666667
hap1-tko,RNASE13,0,0,-0.538573915126802,-2.0841637721059287,-0.9999713393138632,1.0,-0.03339282405130855,-0.557106417127626,1.0,-25.034,0.055500000000000015
hap1-tko,RNASE8,0,3,-0.4601105570959353,-1.7771200871370105,-0.9997707145109054,1.0,0.06303066740386412,-0.2763463357312774,1.0,-20.134,0.26766666666666666
hap1-tko,RNASE9,0,2,-0.741978413750399,-2.1387797718069246,-1.0,1.0,-0.265011035719114,-0.9791063598062537,1.0,-44.271,-0.5888333333333333
hap1-tko,RND2,0,4,-0.44222144727524076,-1.7686216545595725,-0.9995700897079476,1.0,0.07178448154121808,-0.24848814880628242,1.0,-18.875,0.27575
hap1-tko,RNF113B,0,0,-0.6462759549695398,-2.1735018408873223,-1.0,1.0,-0.15803955679438467,-0.8751540511879854,1.0,-33.562,-0.2548333333333333
hap1-tko,RNF17,0,0,-0.4844053512933094,-1.8495551117716273,-0.9997993751970422,1.0,0.026394408527268515,-0.3702387435155198,1.0,-20.571,0.21791666666666665
hap1-tko,RNF20,1,3,0.19935469671373526,0.6000877750806616,-0.1640537674471927,1.0,0.8653122480852757,-2.8660686136826114e-05,0.00038909390634780667,28.496,1.9029166666666666
hap1-tko,RNGTT,1,3,0.9954976907499925,1.968927904386217,-0.0006018744088733484,0.13815393503678372,2.1784447908245044,-2.8660686136826114e-05,0.00038909390634780667,84.003,3.769416666666667
hap1-tko,ROMO1,1,2,0.9087503409101233,2.0393371278319474,-0.0011177667593362185,0.15413092072130974,1.883195546515767,-2.8660686136826114e-05,0.00037312363407233695,73.757,3.5398333333333336
hap1-tko,RP1,0,4,-0.5016864144261588,-1.8563622320648863,-0.9998853572554527,1.0,0.007517654788472684,-0.4289931500960133,1.0,-22.576,0.14341666666666664
hap1-tko,RP1L1,0,2,-0.7102308644210151,-1.934560295596699,-1.0,1.0,-0.3477818434457151,-0.9965320569774441,1.0,-47.363,-0.697
hap1-tko,RPA1,1,1,0.3220911289432319,0.9458175275810908,-0.07030466309363446,1.0,1.0353315545182564,-2.8660686136826114e-05,0.00035687770853456925,54.49,2.807166666666667
hap1-tko,RPA2,1,2,0.8796049049609526,2.463665086697097,-0.0012037488177466969,0.1544073391587583,1.6853263597836472,-2.8660686136826114e-05,0.00037312363407233695,67.687,3.3275
hap1-tko,RPE65,0,0,-0.48218033536942007,-1.675019010907061,-0.9997993751970422,1.0,0.029707420762249425,-0.359978217878536,1.0,-20.365,0.22541666666666668
hap1-tko,RPF2,1,0,0.8131831207326494,2.053355266606748,-0.0018916052850305237,0.1964229416509374,1.6717042474348163,-2.8660686136826114e-05,0.0003533467630084322,77.749,3.7958333333333334
hap1-tko,RPL11,1,1,1.3548351979996354,2.949691619276328,-8.598205841047835e-05,0.08333094494282194,2.4957968325201034,-2.8660686136826114e-05,0.00035687770853456925,108.857,4.6706666666666665
hap1-tko,RPL12,1,1,0.6492227806185925,1.456271078834816,-0.00604740477487031,0.33279803248458223,1.7751825107342718,-2.8660686136826114e-05,0.00035687770853456925,83.276,3.793833333333333
hap1-tko,RPL13,1,2,0.7603015355478373,1.4765374004133196,-0.0024361583216302198,0.2004659524567886,1.7160095529786692,-2.8660686136826114e-05,0.00037312363407233695,42.394,2.44275
hap1-tko,RPL14,1,0,1.4018141434295177,3.374561068426759,-2.8660686136826114e-05,0.035713262118352254,2.3480901132653575,-2.8660686136826114e-05,0.0003533467630084322,91.793,4.306916666666666
hap1-tko,RPL18,1,1,0.5182921771109259,1.563643188442177,-0.01791292883551632,0.7022270641249039,1.249157910527263,-2.8660686136826114e-05,0.00035687770853456925,54.816,2.8183333333333334
hap1-tko,RPL19,1,3,0.08881054109701683,0.2963221727003192,-0.3174744203376229,1.0,0.7435943831261489,-2.8660686136826114e-05,0.00038909390634780667,28.878,1.91575
hap1-tko,RPL23,1,2,0.5271392990120436,1.2813388416345273,-0.017024447565274714,0.6811731371014159,1.440974149585009,-2.8660686136826114e-05,0.00037312363407233695,59.447,3.03925
hap1-tko,RPL27A,1,0,0.23230855151078245,0.5198642070234742,-0.13166719211257918,1.0,1.1488931008273824,-2.8660686136826114e-05,0.0003533467630084322,65.078,3.3347499999999997
hap1-tko,RPL3,1,3,0.386197536465691,1.2753823403243136,-0.045627812329827176,1.0,1.0450061482370103,-2.8660686136826114e-05,0.00038909390634780667,43.492,2.4071666666666665
hap1-tko,RPL35,1,1,0.039068276629265125,0.13109520575516415,-0.4136310223266745,1.0,0.6180844448692855,-2.8660686136826114e-05,0.00035687770853456925,14.655,1.4417499999999999
hap1-tko,RPL36,1,4,0.9568787264291547,2.4302290377736178,-0.0008598205841047835,0.15413092072130974,1.9448601305246442,-2.8660686136826114e-05,0.0003796398402862047,76.305,3.679
hap1-tko,RPL4,1,1,-0.044729187376422945,-0.12147485744319851,-0.6106445788312173,1.0,0.6143576327558863,-5.732137227365223e-05,0.000696358871388484,23.025,1.7286666666666668
hap1-tko,RPL8,1,4,0.7405984778922043,1.8916475523372749,-0.0028947292998194375,0.22443801171266706,1.5958749146272708,-2.8660686136826114e-05,0.0003796398402862047,75.448,3.6483333333333334
hap1-tko,RPLP0,1,0,0.9625619732751126,2.2403327656521235,-0.0008311598979679573,0.15413092072130974,1.8788413202143257,-2.8660686136826114e-05,0.0003533467630084322,71.314,3.5616666666666665
hap1-tko,RPLP2,1,3,0.3728078905963058,1.0385605396548108,-0.05007021868103522,1.0,1.1300226425035975,-2.8660686136826114e-05,0.00038909390634780667,14.648,1.43725
hap1-tko,RPP21,1,0,1.409973829932474,3.154873298992934,-2.8660686136826114e-05,0.035713262118352254,2.4922682842675172,-2.8660686136826114e-05,0.0003533467630084322,97.36,4.5095
hap1-tko,RPP38,1,4,0.04477245921819358,0.11196524012034348,-0.4020807658135336,1.0,0.7089530044734027,-2.8660686136826114e-05,0.0003796398402862047,30.173,2.0295
hap1-tko,RPS11,1,2,0.9317690983318768,1.9902916628092076,-0.0010317847009257402,0.15413092072130974,1.8941439381176066,-2.8660686136826114e-05,0.00037312363407233695,100.558,4.477333333333333
hap1-tko,RPS13,1,4,0.3185772363170959,0.8089827941585621,-0.07222492906480181,1.0,1.0220317705899882,-2.8660686136826114e-05,0.0003796398402862047,72.462,3.5415833333333335
hap1-tko,RPS16,1,3,0.19953202249219362,0.6514997213203712,-0.16393912470264538,1.0,0.886427649162742,-2.8660686136826114e-05,0.00038909390634780667,29.663,1.9421666666666668
hap1-tko,RPS2,1,0,0.9079062951971164,2.141065478834459,-0.0011177667593362185,0.15413092072130974,1.7598985759194143,-2.8660686136826114e-05,0.0003533467630084322,74.529,3.678666666666666
hap1-tko,RPS21,1,4,0.0012414512983345291,0.0038088771288876896,-0.4991258490728268,1.0,0.6506413826303924,-8.598205841047835e-05,0.0011110792659042926,29.569,2.0079166666666666
hap1-tko,RPS23,1,1,0.5324104156744811,1.6009594941215395,-0.016336591097990887,0.6658687656646052,1.2796666681583027,-2.8660686136826114e-05,0.00035687770853456925,44.85,2.47675
hap1-tko,RPS3,1,3,1.081839658527181,2.68407231881677,-0.0004012496059155656,0.13698237524847443,2.0158636372103973,-2.8660686136826114e-05,0.00038909390634780667,83.453,3.750916666666667
hap1-tko,RPS5,1,3,0.6757024221479417,1.369899096462121,-0.0048436559571236135,0.2954460775245505,1.6233805336443503,-2.8660686136826114e-05,0.00038909390634780667,80.722,3.6590833333333337
hap1-tko,RPTN,0,3,-0.7153991306422044,-1.936078747998952,-1.0,1.0,-0.19401033166565074,-0.9307557822934281,1.0,-37.778,-0.32566666666666666
hap1-tko,RRM1,1,1,1.7439769926530033,3.930777683967991,-2.8660686136826114e-05,0.035713262118352254,2.9327100740726655,-2.8660686136826114e-05,0.00035687770853456925,115.94,4.913416666666667
hap1-tko,RRP1,1,3,0.3856986118665484,1.1520691267203842,-0.04577111576051131,1.0,1.0694920927890759,-2.8660686136826114e-05,0.00038909390634780667,48.324,2.5696666666666665
hap1-tko,RRP12,1,1,0.43263913857509184,1.242555963908555,-0.03290246768507638,1.0,1.0801937223503872,-2.8660686136826114e-05,0.00035687770853456925,42.981,2.4126666666666665
hap1-tko,RRS1,1,2,-0.2913726711486929,-0.8255447041595166,-0.9839500157633774,1.0,0.2759190008378262,-0.016537215900948667,0.13185179679709758,22.378,1.7425833333333334
hap1-tko,RS1,0,2,-0.6365725263995244,-2.019053255876919,-1.0,1.0,-0.1369493833165557,-0.8420222980138145,1.0,-34.742,-0.25550000000000006
hap1-tko,RTCB,1,3,0.7554465387406015,1.777638149222525,-0.002522140380040698,0.20560158378415877,1.7287790672307097,-2.8660686136826114e-05,0.00038909390634780667,77.646,3.5556666666666668
hap1-tko,RTP1,0,1,-0.6911903444587167,-1.8254938628670665,-1.0,1.0,-0.20063495825983374,-0.9401564873463071,1.0,-36.467,-0.3105
hap1-tko,RTP2,0,0,-0.5221627076558603,-1.6680512503939113,-0.9999713393138632,1.0,-0.003926834386871466,-0.46427445473044626,1.0,-22.213,0.1581666666666667
hap1-tko,RUVBL2,1,0,0.6857213785834048,1.7773379649430778,-0.0042991029205239175,0.2717313422048541,1.447597073031379,-2.8660686136826114e-05,0.0003533467630084322,62.825,3.2527500000000003
hap1-tko,RXFP2,0,0,-0.4429314317200744,-1.890373110210542,-0.9995700897079476,1.0,0.04299665058559857,-0.32008254277607406,1.0,-20.154,0.23308333333333336
hap1-tko,RXFP3,0,4,-0.5690893387562186,-1.5964730487697496,-1.0,1.0,-0.07797267338892439,-0.7010117222206299,1.0,-26.252,0.012000000000000038
hap1-tko,SACM1L,1,0,0.15041783101694323,0.4267070321821398,-0.2246424579404431,1.0,0.798292935073774,-2.8660686136826114e-05,0.0003533467630084322,45.032,2.60525
hap1-tko,SAE1,1,1,0.5285638931033484,1.5506055335357083,-0.016938465506864234,0.6804402676710426,1.2791351752433977,-2.8660686136826114e-05,0.00035687770853456925,56.613,2.879916666666667
hap1-tko,SAGE1,0,4,-0.5549777459060945,-1.7649419212261444,-0.9999713393138632,1.0,-0.040496052102833226,-0.5835029090596429,1.0,-25.895,0.02474999999999994
hap1-tko,SAMD7,0,2,-0.7696303551122932,-2.0813824415018223,-1.0,1.0,-0.29535929953935003,-0.9888223324066379,1.0,-46.234,-0.6575
hap1-tko,SAMM50,1,3,1.2008430348206145,2.7889464518386116,-0.00025794617523143505,0.12790331084247086,2.1945655269936513,-2.8660686136826114e-05,0.00038909390634780667,101.554,4.359583333333333
hap1-tko,SAP18,1,4,0.3476747485833147,0.8270566604338967,-0.05918431687254593,1.0,1.1615070027978025,-2.8660686136826114e-05,0.0003796398402862047,62.307,3.1785
hap1-tko,SARS,1,2,0.16833988833151883,0.419669062268909,-0.1994210541400361,1.0,0.8650032512965782,-2.8660686136826114e-05,0.00037312363407233695,48.679,2.662583333333334
hap1-tko,SARS2,1,0,0.2616815173966128,0.9028217340168683,-0.10621650282307758,1.0,0.8945572747577727,-2.8660686136826114e-05,0.0003533467630084322,30.39,2.072416666666667
hap1-tko,SART3,1,2,0.38867922818905737,1.1842817470787645,-0.04479665243185922,1.0,1.140468334841873,-2.8660686136826114e-05,0.00037312363407233695,50.065,2.7110833333333333
hap1-tko,SBNO1,1,0,-0.25527014883181987,-0.7547547720393164,-0.9680719956435757,1.0,0.24921133090153297,-0.026969705654753373,0.21240926191745943,-8.191,0.6684166666666667
hap1-tko,SCGB1D1,0,0,-0.605191884435205,-1.776820176211396,-1.0,1.0,-0.13459436577511896,-0.8312458800263678,1.0,-31.077,-0.16441666666666668
hap1-tko,SCN10A,0,0,-0.6393740471024757,-2.009645420286614,-1.0,1.0,-0.16455889529453072,-0.8862170760368003,1.0,-33.688,-0.2594166666666667
hap1-tko,SCP2D1,0,4,-0.8240701783293235,-1.8184542337240517,-1.0,1.0,-0.3504163199228151,-0.9976498237367802,1.0,-50.113,-0.8411666666666666
hap1-tko,SCRT2,0,2,-0.6009747978924377,-1.9776127087553692,-1.0,1.0,-0.08659513723014438,-0.7223639333925654,1.0,-29.951,-0.08791666666666664
hap1-tko,SDAD1,1,2,-0.08429596805118676,-0.5721795788986798,-0.7103837665873721,1.0,1.278152917187095,-2.8660686136826114e-05,0.00037312363407233695,77.642,3.6757500000000003
hap1-tko,SDHC,1,2,0.3151490191700103,0.9984022840992259,-0.07391590954687455,1.0,1.0368429405794897,-2.8660686136826114e-05,0.00037312363407233695,40.179,2.36525
hap1-tko,SDR9C7,0,0,-0.5531837807288278,-1.77856426445182,-0.9999713393138632,1.0,-0.10073511079443243,-0.7531455103035166,1.0,-27.567,-0.03666666666666663
hap1-tko,SEC13,1,4,0.07293935270929998,0.19573555630419998,-0.34627840990513314,1.0,0.8264192907503422,-2.8660686136826114e-05,0.0003796398402862047,40.943,2.4145833333333333
hap1-tko,SEC14L3,0,3,-0.8122260460183555,-1.9570992454015756,-1.0,1.0,-0.34744133871890154,-0.9967613424665387,1.0,-51.158,-0.7755833333333333
hap1-tko,SEH1L,1,3,-0.11134818419929625,-0.2925509479059026,-0.7704852254162965,1.0,0.49888704035866976,-0.0007165171534206529,0.007812276088389555,25.629,1.8064999999999998
hap1-tko,SEMG2,0,1,-0.7898344974822727,-1.9443213734344322,-1.0,1.0,-0.34658958760677555,-0.9973345561892751,1.0,-50.772,-0.8008333333333333
hap1-tko,SEPT14,0,2,-0.5165641473363212,-1.4763805046250202,-0.9999426786277263,1.0,0.04287100939047805,-0.3272477143102806,1.0,-21.039,0.22383333333333338
hap1-tko,SERPINA12,0,0,-0.5608959651804508,-2.0539584512447395,-0.9999713393138632,1.0,-0.0392715818341156,-0.5769969333065834,1.0,-25.215,0.048916666666666664
hap1-tko,SERPINA7,0,0,-0.736042143984196,-1.8065637681935915,-1.0,1.0,-0.2769176454703394,-0.9826029635149466,1.0,-38.886,-0.44858333333333333
hap1-tko,SERPINA9,0,1,-0.7341514389250818,-2.132360934740693,-1.0,1.0,-0.23765988123999005,-0.9692757444613224,1.0,-40.923,-0.46325
hap1-tko,SERPINB12,0,1,-0.6134358846645344,-1.946867846445526,-1.0,1.0,-0.13582244709910277,-0.8417070304663093,1.0,-32.856,-0.18675
hap1-tko,SF1,1,4,0.3492071558120376,1.0622115191284163,-0.058467799719125274,1.0,1.0600058066223346,-2.8660686136826114e-05,0.0003796398402862047,47.818,2.660416666666667
hap1-tko,SF3A2,1,1,0.4579116920792858,1.1266096381155426,-0.02737095526066894,0.9307725429285958,1.2258618712337672,-2.8660686136826114e-05,0.00035687770853456925,54.378,2.8033333333333332
hap1-tko,SF3A3,1,1,0.6040537860192761,1.5677894087557607,-0.00877016995786879,0.42147552318187614,1.4472163392891864,-2.8660686136826114e-05,0.00035687770853456925,57.293,2.90325
hap1-tko,SF3B1,1,4,0.3694109099339577,0.9500915880196901,-0.05118798544037144,1.0,1.077777771335776,-2.8660686136826114e-05,0.0003796398402862047,63.07,3.20575
hap1-tko,SF3B2,1,1,0.2145133331091422,0.621311221151801,-0.14877762173626435,1.0,0.9226920478767932,-2.8660686136826114e-05,0.00035687770853456925,37.472,2.2238333333333333
hap1-tko,SF3B3,1,3,0.8775989824831097,2.318592840500822,-0.0012037488177466969,0.1544073391587583,1.7082932124464079,-2.8660686136826114e-05,0.00038909390634780667,77.959,3.5661666666666667
hap1-tko,SF3B5,1,2,0.3608636078724999,1.0280722605254848,-0.054483964346106445,1.0,1.1626295861319826,-2.8660686136826114e-05,0.00037312363407233695,46.682,2.59275
hap1-tko,SHCBP1L,0,4,-0.7252866693355476,-2.1409640360021607,-1.0,1.0,-0.27688493715784024,-0.9860422458513657,1.0,-44.696,-0.6475
hap1-tko,SI,0,1,-0.5955381671081754,-1.8289388553607944,-1.0,1.0,-0.08233707555210217,-0.7123613539308131,1.0,-28.478,-0.03666666666666665
hap1-tko,SIGLECL1,0,1,-0.6002391847115763,-1.9231425334477594,-1.0,1.0,-0.07246043674332496,-0.6835573643633028,1.0,-27.744,-0.01150000000000001
hap1-tko,SIX6,0,4,-0.6692887768902025,-2.139714614592419,-1.0,1.0,-0.17528571469940374,-0.9086297325957984,1.0,-35.791,-0.3290833333333334
hap1-tko,SLC10A2,0,4,-0.7669265613067106,-1.8186869013231437,-1.0,1.0,-0.29054227607092853,-0.9897967957352899,1.0,-43.939,-0.6204166666666666
hap1-tko,SLC13A1,0,3,-0.5219079078512014,-1.5545910677664632,-0.9999713393138632,1.0,-0.014966152324363356,-0.5052592359061076,1.0,-22.602,0.18466666666666665
hap1-tko,SLC17A6,0,3,-0.608236468536403,-1.5421943407997554,-1.0,1.0,-0.12937627395725163,-0.8294115961136109,1.0,-32.262,-0.14016666666666672
hap1-tko,SLC18A3,0,1,-0.37963153156274876,-1.6801256909984965,-0.9977071451090539,1.0,0.14023172678248458,-0.1209480954974062,0.6881733613673356,-15.206,0.41825
hap1-tko,SLC22A12,0,0,-0.7089824083488094,-2.0259285484951413,-1.0,1.0,-0.2227318650556057,-0.9538276346335731,1.0,-37.34,-0.3923333333333333
hap1-tko,SLC22A13,0,2,-0.6432970166797806,-1.7239990685814546,-1.0,1.0,-0.14551507285765752,-0.8585595139147632,1.0,-31.69,-0.14875
hap1-tko,SLC22A24,0,1,-0.41740512194351276,-1.6732158967329482,-0.9991115187297583,1.0,0.11796805014382052,-0.15554154366455533,0.8075661396512404,-15.303,0.4149166666666667
hap1-tko,SLC22A25,0,4,-0.6489217856820193,-1.8599991270079483,-1.0,1.0,-0.15598434373573697,-0.8789372617580465,1.0,-32.92,-0.22641666666666665
hap1-tko,SLC22A6,0,0,-0.4793460870025558,-1.46519267453286,-0.9997993751970422,1.0,0.04046517151775291,-0.3277062852884698,1.0,-17.44,0.33183333333333337
hap1-tko,SLC22A8,0,3,-0.6103811321409754,-1.2998177323452602,-1.0,1.0,-0.11022444854070722,-0.7856180676965406,1.0,-28.936,-0.02833333333333332
hap1-tko,SLC22A9,0,3,-0.5692533933295089,-1.7397853065424183,-1.0,1.0,-0.04110977653271521,-0.5876873692356195,1.0,-25.6,0.08383333333333333
hap1-tko,SLC25A2,0,2,-0.6529859609426121,-1.8088361814166498,-1.0,1.0,-0.13258265494134341,-0.8334240921727666,1.0,-34.551,-0.24883333333333335
hap1-tko,SLC25A31,0,2,-0.59021680834643,-1.9423647126214876,-1.0,1.0,-0.10730964731718969,-0.7743830787309048,1.0,-31.071,-0.12708333333333335
hap1-tko,SLC2A2,0,1,-0.4193116867274687,-1.7142017443733848,-0.9991401794158952,1.0,0.1191589843603311,-0.1534206528904302,0.8009943971703206,-15.609,0.4044166666666667
hap1-tko,SLC2A7,0,2,-0.4347917728682475,-1.9502416921974879,-0.9994554469634003,1.0,0.0830925781729592,-0.22619013499183172,0.9615109031864069,-19.702,0.2705833333333333
hap1-tko,SLC32A1,0,0,-0.45435482571004887,-1.2301948209748654,-0.9996274110802212,1.0,0.05650082056914796,-0.2835974893238944,1.0,-15.288,0.4101666666666667
hap1-tko,SLC34A1,0,1,-0.6884115725308462,-1.5064317574245478,-1.0,1.0,-0.1847683706581415,-0.9225874867444327,1.0,-33.943,-0.22400000000000003
hap1-tko,SLC35B1,1,0,0.709603505849859,1.6577730280406178,-0.0035539250809664383,0.25100495156866204,1.7098809899561207,-2.8660686136826114e-05,0.0003533467630084322,67.087,3.4078333333333326
hap1-tko,SLC36A3,0,0,-0.6555563482388966,-1.5951305985885715,-1.0,1.0,-0.16437516417977352,-0.8859591298615689,1.0,-31.235,-0.17016666666666663
hap1-tko,SLC39A12,0,2,-0.6524043733628819,-2.033016125727288,-1.0,1.0,-0.14360033155073465,-0.8552635350090281,1.0,-34.23,-0.23758333333333337
hap1-tko,SLC6A18,0,2,-0.6485660156010103,-2.018394753516529,-1.0,1.0,-0.13828579179865166,-0.8448597059413603,1.0,-33.25,-0.20333333333333337
hap1-tko,SLC6A5,0,0,-0.7015935480449675,-1.344543828508913,-1.0,1.0,-0.23933344007565668,-0.9659511048694506,1.0,-34.462,-0.28758333333333325
hap1-tko,SLC6A7,0,0,-0.3787613406373422,-1.1589703989364577,-0.9976211630506434,1.0,0.20024615845116872,-0.05525780287180075,0.3893264826730873,-5.175,0.7781666666666666
hap1-tko,SLC7A13,0,3,-0.553702015919249,-1.765528226655374,-0.9999713393138632,1.0,-0.05682664591938677,-0.6355507150841191,1.0,-26.993,0.03699999999999999
hap1-tko,SLCO1B1,0,4,-0.623001926549903,-2.1518816382901758,-1.0,1.0,-0.1386542013724791,-0.8472672035768536,1.0,-33.574,-0.24983333333333338
hap1-tko,SLCO6A1,0,0,-0.5543331103551035,-1.7659250256722288,-0.9999713393138632,1.0,-0.06816915922495703,-0.6629503310309249,1.0,-26.383,0.00641666666666664
hap1-tko,SLITRK1,0,1,-0.7031538916317639,-2.1025337729720674,-1.0,1.0,-0.18986036388693706,-0.9289214983806713,1.0,-37.045,-0.33033333333333337
hap1-tko,SLU7,1,2,0.4307922185772552,0.934604536800139,-0.033246395918718294,1.0,1.5439858345691322,-2.8660686136826114e-05,0.00037312363407233695,74.979,3.582583333333333
hap1-tko,SMC1A,1,3,0.36906197908080757,0.9009042033855345,-0.0513599495571924,1.0,1.124258336228795,-2.8660686136826114e-05,0.00038909390634780667,58.631,2.9162500000000002
hap1-tko,SMC2,1,1,0.33261022603237517,0.9096275934939756,-0.06526038233355307,1.0,1.0959755251086898,-2.8660686136826114e-05,0.00035687770853456925,35.522,2.1569999999999996
hap1-tko,SMC4,1,1,0.2039542287088691,0.6902452993915207,-0.15929609354847954,1.0,0.8622920501054487,-2.8660686136826114e-05,0.00035687770853456925,25.605,1.8170833333333334
hap1-tko,SMU1,1,2,1.0203922312821367,2.432691208748157,-0.0005445530365996962,0.13698237524847443,2.0225649857422425,-2.8660686136826114e-05,0.00037312363407233695,82.557,3.847666666666667
hap1-tko,SNAPC1,1,1,-0.37586122503995795,-1.1387354084801922,-0.9974778596199593,1.0,0.12916933926709634,-0.13659683012811327,0.743428473878538,-11.753,0.5365833333333333
hap1-tko,SNAPC2,1,0,0.7629864811376115,2.20706621705669,-0.002378836949356568,0.19667682740059395,1.5382358356374084,-2.8660686136826114e-05,0.0003533467630084322,53.326,2.9070833333333335
hap1-tko,SNAPC4,1,0,0.24688051978115425,0.7427007900883908,-0.11868390129259694,1.0,0.8949641967383162,-2.8660686136826114e-05,0.0003533467630084322,44.121,2.5720833333333335
hap1-tko,SNRNP200,1,0,0.34580847414461396,0.8957907127749006,-0.059872173339829755,1.0,1.1035902295726372,-2.8660686136826114e-05,0.0003533467630084322,51.398,2.8369166666666668
hap1-tko,SNRNP27,1,0,0.5284684270730722,1.4377016427617584,-0.016967126193001062,0.6804402676710426,1.2742806888274494,-2.8660686136826114e-05,0.0003533467630084322,48.146,2.718583333333333
hap1-tko,SNRNP35,1,2,-0.22696967334312187,-0.6697913672114663,-0.947579605055745,1.0,0.3763589856232857,-0.0032959789057350032,0.03045463559880674,-0.28,0.95
hap1-tko,SNRNP70,1,3,0.5575576849770348,1.8114648105556816,-0.013527843856581926,0.5899830901951792,1.2405501410664794,-2.8660686136826114e-05,0.00038909390634780667,44.059,2.4262499999999996
hap1-tko,SNRPA1,1,1,0.7495887020609726,1.7882884772744243,-0.002780086555272133,0.2224706878748732,1.6894482691754227,-2.8660686136826114e-05,0.00035687770853456925,75.552,3.5290833333333333
hap1-tko,SNRPD1,1,4,0.23413624496477906,0.730395228367467,-0.12991889025823278,1.0,0.8871964182386973,-2.8660686136826114e-05,0.0003796398402862047,28.788,1.9800000000000002
hap1-tko,SNRPD2,1,4,-0.09604633433373827,-0.25106554368504086,-0.7365796337164312,1.0,0.4521946330967642,-0.0011177667593362185,0.011429918591219421,12.376,1.3931666666666667
hap1-tko,SNRPD3,1,0,-0.13327801305122694,-0.3998454411186895,-0.8156258060817976,1.0,0.49643305329461146,-0.0005158923504628701,0.005688838213542838,13.0,1.4395833333333332
hap1-tko,SNW1,1,3,0.6768746372428601,1.7767457455080453,-0.004786334584849962,0.29297405906213186,1.500756598271508,-2.8660686136826114e-05,0.00038909390634780667,67.647,3.219416666666667
hap1-tko,SOHLH1,0,1,-0.5833481846729514,-2.0311064075516305,-1.0,1.0,-0.08774514065476055,-0.7275801782694677,1.0,-30.549,-0.10766666666666662
hap1-tko,SOX1,0,0,-0.6277417188158775,-2.1970850075794046,-1.0,1.0,-0.1275487474606589,-0.8160270556877132,1.0,-31.359,-0.17466666666666666
hap1-tko,SOX14,0,4,-0.5401245918461424,-1.7859675108688395,-0.9999713393138632,1.0,-0.0073721666384835485,-0.47591069330199764,1.0,-21.567,0.1795
hap1-tko,SP8,0,1,-0.6787549548164528,-2.009568284639729,-1.0,1.0,-0.1927798037071453,-0.9320455131695853,1.0,-37.994,-0.36283333333333334
hap1-tko,SPACA1,0,2,-0.6119335432697727,-1.667668421460026,-1.0,1.0,-0.10498516063054246,-0.7685076380728555,1.0,-28.831,-0.048750000000000016
hap1-tko,SPACA7,0,3,-0.6430198356932754,-1.9222202027220008,-1.0,1.0,-0.13361381772242503,-0.8390702473417213,1.0,-33.796,-0.19175000000000003
hap1-tko,SPATA16,0,3,-0.6845974084006275,-1.8991457927446325,-1.0,1.0,-0.2526354356031766,-0.9759823450173397,1.0,-42.826,-0.4954166666666666
hap1-tko,SPATA21,0,3,-0.6757761626223443,-1.58451147570121,-1.0,1.0,-0.1774310864234007,-0.9095468745521768,1.0,-35.06,-0.23425
hap1-tko,SPATA31D1,0,1,-0.6254547876335741,-2.2097991287162704,-1.0,1.0,-0.13168554930886753,-0.8333667708004929,1.0,-33.741,-0.21708333333333332
hap1-tko,SPATA32,0,3,-0.44213757698927497,-1.8127562496241132,-0.9995700897079476,1.0,0.011180417710468729,-0.4236622624745636,1.0,-26.146,0.06550000000000003
hap1-tko,SPATA5L1,1,4,0.7719900339519479,1.8286111787883672,-0.0023215155770829154,0.19667682740059395,1.6755963526279576,-2.8660686136826114e-05,0.0003796398402862047,80.57,3.8314999999999997
hap1-tko,SPC24,1,2,0.45977999769502276,1.2790325116899153,-0.02702702702702703,0.9262995805235491,1.263928936221183,-2.8660686136826114e-05,0.00037312363407233695,18.736,1.6151666666666666
hap1-tko,SPC25,1,4,0.4868784270921124,1.4618996128962078,-0.022756584792639936,0.8253401698702779,1.1770760468223453,-2.8660686136826114e-05,0.0003796398402862047,40.073,2.3835
hap1-tko,SPEM1,0,1,-0.5726939284693963,-2.0369591557506213,-1.0,1.0,-0.04342807340734955,-0.5925023645066063,1.0,-26.241,0.03999999999999998
hap1-tko,SPINK14,0,1,-0.7462490655717369,-2.037629968354281,-1.0,1.0,-0.2845265855267768,-0.9878478690779857,1.0,-45.083,-0.6058333333333333
hap1-tko,SPO11,0,1,-0.5005537460671058,-1.8600621808647066,-0.9998853572554527,1.0,0.015562255562799302,-0.40569201226677365,1.0,-21.371,0.2069166666666667
hap1-tko,SPPL2C,0,4,-0.5871420248275186,-1.7476758007442919,-1.0,1.0,-0.09413258349949642,-0.7460949815138574,1.0,-27.466,-0.03141666666666666
hap1-tko,SPRR4,0,0,-0.6202741346953482,-2.0609818230422468,-1.0,1.0,-0.1267700052497985,-0.8143933965779141,1.0,-30.997,-0.1615
hap1-tko,SRBD1,1,1,0.6744395631390001,1.6467772194258377,-0.004929638015534092,0.2986025527117786,1.6044512537863118,-2.8660686136826114e-05,0.00035687770853456925,64.789,3.160166666666666
hap1-tko,SRP19,1,4,0.5027944137581605,1.226042983047597,-0.01991917686509415,0.748365647486504,1.4170856423313254,-2.8660686136826114e-05,0.0003796398402862047,73.178,3.567166666666667
hap1-tko,SRRM1,1,2,-0.06792041432807142,-0.19652779256782993,-0.6687397896305638,1.0,0.5256017346129815,-0.0002292854890946089,0.0024599540942530458,9.249,1.2833333333333332
hap1-tko,SRRT,1,4,0.26766040417250664,0.8749600414481972,-0.1016307930411854,1.0,0.9370237589537808,-2.8660686136826114e-05,0.0003796398402862047,31.823,2.0885000000000002
hap1-tko,SRSF1,1,1,0.106786141565225,0.22395301088999772,-0.28663552205439796,1.0,0.7855489694212803,-2.8660686136826114e-05,0.00035687770853456925,27.881,1.8950833333333332
hap1-tko,SRSF2,1,4,-0.4054144586534032,-1.1384636120857963,-0.9987962511822533,1.0,0.1395493575160278,-0.11894184746782838,0.6656319803546898,-12.219,0.51375
hap1-tko,SRSF3,1,0,-0.11162843802947384,-0.2252340769766097,-0.7710011177667593,1.0,0.4464318602400991,-0.001261070190020349,0.013048261841580658,13.79,1.4683333333333333
hap1-tko,SRSF7,1,3,0.3046162520896294,1.0369776460216962,-0.07939010059900833,1.0,0.9580473621109142,-2.8660686136826114e-05,0.00038909390634780667,32.095,2.0239166666666666
hap1-tko,SS18L2,1,4,0.9624217567131687,2.0701479072452678,-0.0008311598979679573,0.15413092072130974,1.970077136737898,-2.8660686136826114e-05,0.0003796398402862047,87.021,4.062166666666667
hap1-tko,SSTR4,0,2,-0.6443818682228077,-1.5916678745557764,-1.0,1.0,-0.14996612707320087,-0.8670717376974004,1.0,-32.888,-0.19066666666666662
hap1-tko,SSU72,1,1,0.7030979603417667,1.7362121310172733,-0.0038405319423346993,0.264814544403276,1.5416984445431745,-2.8660686136826114e-05,0.00035687770853456925,77.558,3.5978333333333334
hap1-tko,SULT6B1,0,3,-0.6943184840574197,-1.6782136450154028,-1.0,1.0,-0.1693644737699941,-0.8986844745063197,1.0,1.496,0.9949999999999999
hap1-tko,SUN5,0,0,-0.6977890163139835,-1.7871047046709834,-1.0,1.0,-0.23918624779820435,-0.9659224441833137,1.0,-37.265,-0.38958333333333334
hap1-tko,SUPT5H,1,1,0.1377864722623217,0.4228778164801097,-0.24221145854231751,1.0,0.794681020664715,-2.8660686136826114e-05,0.00035687770853456925,22.59,1.71375
hap1-tko,SUPT6H,1,0,0.7365575767819665,2.0302215658391765,-0.0030093720443667422,0.23025655839463954,1.51900053779022,-2.8660686136826114e-05,0.0003533467630084322,66.787,3.396916666666667
hap1-tko,SUPV3L1,1,1,0.6257570000895466,1.5767943409377723,-0.007279814278753833,0.37462053124737643,1.399127695055751,-2.8660686136826114e-05,0.00035687770853456925,74.577,3.4956666666666667
hap1-tko,SYMPK,1,2,0.7132084967610276,1.8588022557808472,-0.00346794302255596,0.24693169807546417,1.577217741785161,-2.8660686136826114e-05,0.00037312363407233695,68.911,3.3703333333333334
hap1-tko,SYS1,1,0,0.6457279596386776,1.8169102945011426,-0.006133386833280788,0.3333237797712877,1.3972093869977993,-2.8660686136826114e-05,0.0003533467630084322,58.666,3.1014166666666667
hap1-tko,TAAR1,0,4,-0.6479838014856328,-2.1849800247145708,-1.0,1.0,-0.14149556784274986,-0.852655412570577,1.0,-33.127,-0.23383333333333334
hap1-tko,TAAR2,0,3,-0.5364172004722869,-1.706402249646708,-0.9999713393138632,1.0,-0.026891507887386968,-0.541457682496919,1.0,-25.189,0.09766666666666671
hap1-tko,TAAR5,0,0,-0.59343869253772,-2.1935896957768453,-1.0,1.0,-0.08786016089470214,-0.7213034880055028,1.0,-28.544,-0.07225
hap1-tko,TAAR6,0,4,-0.6361529863561897,-1.9400294666890625,-1.0,1.0,-0.1481461138983063,-0.8652947751569172,1.0,-35.052,-0.30266666666666664
hap1-tko,TAAR8,0,2,-0.6993681296698667,-2.0045143971570596,-1.0,1.0,-0.20000915416319845,-0.9353414920753202,1.0,-39.406,-0.41866666666666663
hap1-tko,TAF1B,1,0,-0.16358993373574263,-0.5766684971113342,-0.8703390559169987,1.0,0.3825804145277794,-0.003725889197787395,0.03561541756460335,3.755,1.1031666666666666
hap1-tko,TAF6,1,1,-0.06801992920110626,-0.20079636362796646,-0.6688830930612479,1.0,0.5047168959048295,-0.00048723166432604396,0.0054069697100304305,6.566,1.1645
hap1-tko,TANGO6,1,1,0.05077657540990192,0.1694094182050038,-0.38921211773809866,1.0,0.6709425164240108,-2.8660686136826114e-05,0.00035687770853456925,16.976,1.5213333333333332
hap1-tko,TARS,1,3,0.1880445670790158,0.5498191144667061,-0.1762632197414806,1.0,0.890157839375114,-2.8660686136826114e-05,0.00038909390634780667,41.747,2.3485
hap1-tko,TAS1R2,0,3,-0.7553005471321949,-1.9150898889215027,-1.0,1.0,-0.3002370332964663,-0.9910292052391734,1.0,-47.738,-0.6605833333333334
hap1-tko,TAS2R1,0,3,-0.6992784659217854,-1.9777168084399117,-1.0,1.0,-0.27632605893468853,-0.9851824252672609,1.0,-49.523,-0.7205833333333334
hap1-tko,TAS2R13,0,2,-0.6015599639282129,-1.7440346720410875,-1.0,1.0,-0.12734608441284556,-0.8217018715428047,1.0,-34.344,-0.24158333333333343
hap1-tko,TAS2R16,0,4,-0.7220123180064116,-1.8650633175227354,-1.0,1.0,-0.2367185737017252,-0.9678713708406179,1.0,-39.198,-0.4509166666666667
hap1-tko,TAS2R39,0,1,-0.7400308092722148,-2.102443042148763,-1.0,1.0,-0.26681493927586486,-0.982201713909031,1.0,-43.636,-0.55625
hap1-tko,TAS2R40,0,3,-0.6560193301105666,-1.9455414126214978,-1.0,1.0,-0.14391727037975546,-0.8587028173454473,1.0,-33.484,-0.18125
hap1-tko,TAS2R41,0,2,-0.7404861599832715,-1.9167604266442249,-1.0,1.0,-0.23987036280246105,-0.966552979278324,1.0,-42.277,-0.5190833333333333
hap1-tko,TAS2R42,0,1,-0.5274267922213369,-1.4820819897160946,-0.9999713393138632,1.0,-0.031299295038872604,-0.5532945458714281,1.0,-25.179,0.07641666666666663
hap1-tko,TAS2R50,0,0,-0.65682712110714,-2.0775367908285287,-1.0,1.0,-0.18929731660797067,-0.9203519532257602,1.0,-35.435,-0.323
hap1-tko,TAS2R60,0,0,-0.5697248055277657,-1.822031997000137,-1.0,1.0,-0.0633540522685994,-0.6484480238456909,1.0,-25.421,0.04141666666666667
hap1-tko,TAS2R7,0,2,-0.6445905327656006,-1.9772762227776675,-1.0,1.0,-0.15655288284096683,-0.8786506548966783,1.0,-34.816,-0.25808333333333333
hap1-tko,TAS2R8,0,3,-0.7362087442627916,-2.0932934795833193,-1.0,1.0,-0.26084174324244874,-0.9794502880398956,1.0,-44.254,-0.5434166666666667
hap1-tko,TAS2R9,0,1,-0.5458108241679732,-1.8401082849954051,-0.9999713393138632,1.0,-0.042009767202999,-0.5880599581553982,1.0,-26.944,0.01591666666666669
hap1-tko,TBC1D21,0,4,-0.4301093088389479,-1.6287935266662896,-0.9994267862772634,1.0,0.0964622850396249,-0.19297239975925023,0.8979470562283597,-16.039,0.3771666666666666
hap1-tko,TBC1D29,0,2,-0.5743119634552404,-1.836424631558267,-1.0,1.0,-0.052234767047477274,-0.622223496030495,1.0,-27.128,0.010833333333333361
hap1-tko,TBCD,1,4,0.02899298566703203,0.07974282320766246,-0.4345246625204207,1.0,0.6395245230694806,-0.00011464274454730446,0.0014419197394576252,30.693,2.048083333333333
hap1-tko,TBL1Y,0,0,-0.7606064456707342,-1.8404366181195317,-1.0,1.0,-0.2780240153704637,-0.9829755524347253,1.0,-41.373,-0.5390833333333334
hap1-tko,TBL3,1,3,0.6767740010409391,1.8211225092917596,-0.004786334584849962,0.29297405906213186,1.5446133098920896,-2.8660686136826114e-05,0.00038909390634780667,57.583,2.8810000000000002
hap1-tko,TBPL2,0,2,-0.668013119358312,-1.9200333327338044,-1.0,1.0,-0.17701554873523337,-0.9077985726978304,1.0,-37.403,-0.34858333333333325
hap1-tko,TBR1,0,1,-0.7075236008781167,-1.7358474346176784,-1.0,1.0,-0.2569955939581113,-0.9784471640251068,1.0,-36.153,-0.29975
hap1-tko,TBX10,0,3,-0.5433506257033868,-1.93294895873972,-0.9999713393138632,1.0,-0.02617336823940668,-0.5387635780000574,1.0,-25.449,0.08891666666666664
hap1-tko,TCHHL1,0,4,-0.578610783183768,-1.9653306303424543,-1.0,1.0,-0.09631066876530657,-0.7520277435441804,1.0,-29.424,-0.10141666666666668
hap1-tko,TCP1,1,4,0.5144523496141261,1.2943824688036052,-0.018543463930526496,0.7147372238047326,1.2852680735910094,-2.8660686136826114e-05,0.0003796398402862047,54.148,2.88675
hap1-tko,TEDDM1,0,4,-0.6790870576904307,-1.93364962134984,-1.0,1.0,-0.17003318710964174,-0.9015218824338654,1.0,-33.341,-0.2415
hap1-tko,TELO2,1,3,0.2674373643634975,0.7395880565259649,-0.10180275715800637,1.0,0.9529496924695131,-2.8660686136826114e-05,0.00038909390634780667,34.498,2.10475
hap1-tko,TEX101,0,1,-0.6412376177672504,-1.9570730146904953,-1.0,1.0,-0.15584316663695463,-0.8797970823421513,1.0,-34.454,-0.24150000000000005
hap1-tko,TEX13A,0,1,-0.7994772484341317,-2.145379472336661,-1.0,1.0,-0.37563140303923276,-0.9985096443208851,1.0,-55.353,-0.9578333333333333
hap1-tko,TFAM,1,3,0.6323634274925276,1.816556761721848,-0.006964546731248746,0.36745934757919063,1.3892636707808836,-2.8660686136826114e-05,0.00038909390634780667,60.666,2.984666666666667
hap1-tko,TFDP3,0,3,-0.6876494562627123,-1.8388063022439025,-1.0,1.0,-0.17275919098599773,-0.9030122381129804,1.0,-35.248,-0.24058333333333332
hap1-tko,TFRC,1,4,0.2651092067395437,0.7571915153139388,-0.1038090051875842,1.0,1.032436372777014,-2.8660686136826114e-05,0.0003796398402862047,37.834,2.3034166666666667
hap1-tko,TGM6,0,2,-0.5419224893253969,-1.8972139541439246,-0.9999713393138632,1.0,-0.023275439692900288,-0.5332320655756498,1.0,-25.668,0.0619166666666667
hap1-tko,THOC2,1,4,0.444730511003385,1.2266451708936272,-0.030036399071393768,0.9812452842705323,1.1499911365363558,-2.8660686136826114e-05,0.0003796398402862047,49.494,2.720333333333333
hap1-tko,THOC3,1,4,-0.0468946241607101,-0.5117004837724619,-0.6158321630219827,1.0,1.0267667104589042,-2.8660686136826114e-05,0.0003796398402862047,71.096,3.492750000000001
hap1-tko,THOC5,1,1,0.7134217039107005,2.0987314605319125,-0.00346794302255596,0.24693169807546417,1.453504585515652,-2.8660686136826114e-05,0.00035687770853456925,57.585,2.91325
hap1-tko,TICRR,1,4,0.0483253039807631,0.14956603440924918,-0.3944856839872747,1.0,0.6228220290988719,-0.0001719641168209567,0.0019840701176862367,14.854,1.48175
hap1-tko,TIMM10,1,3,0.5211919187026978,1.2229567341222067,-0.017740964718695365,0.6970520935081996,1.3257787687505238,-2.8660686136826114e-05,0.00038909390634780667,61.652,3.0178333333333334
hap1-tko,TIMM13,1,4,0.8998533827734188,2.431731758808457,-0.0011750881316098707,0.15413092072130974,1.7972490125070208,-2.8660686136826114e-05,0.0003796398402862047,67.158,3.3519166666666664
hap1-tko,TIMM23,1,4,0.3080968201500663,0.9140721649513774,-0.07761313805852513,1.0,0.9693880594825964,-2.8660686136826114e-05,0.0003796398402862047,28.959,1.9860833333333332
hap1-tko,TIMM44,1,0,0.6208473269893414,1.5018271422946954,-0.0077097245708062255,0.38570323087820435,1.533601991050156,-2.8660686136826114e-05,0.0003533467630084322,67.354,3.4175833333333334
hap1-tko,TKTL2,0,4,-0.6328459904557078,-2.126857122209925,-1.0,1.0,-0.1545132386884202,-0.8764724427502795,1.0,-35.809,-0.32974999999999993
hap1-tko,TLX1,0,3,-0.5083202902025823,-1.8283692093082515,-0.9998853572554527,1.0,0.009691726981803938,-0.4280186867673612,1.0,-23.549,0.15283333333333335
hap1-tko,TMEM132D,0,4,-0.5311624904023935,-1.6109096973550379,-0.9999713393138632,1.0,-0.016247003416372145,-0.5064916454099911,1.0,-23.513,0.10991666666666663
hap1-tko,TMEM174,0,1,-0.29835342156495764,-1.1874720484959786,-0.985984924479092,1.0,0.23708999219747684,-0.03619844659081138,0.2724253238898639,-7.132,0.695
hap1-tko,TMEM207,0,3,-0.6262571472568639,-2.004293673767929,-1.0,1.0,-0.11850562981069873,-0.8044194778022986,1.0,-32.973,-0.16408333333333336
hap1-tko,TMEM225,0,1,-0.6298633241826815,-1.9245399566947585,-1.0,1.0,-0.13254090430365323,-0.8349431085380185,1.0,-32.924,-0.18908333333333335
hap1-tko,TMEM258,1,3,0.41161897500175865,1.2448231185758711,-0.03780344501447365,1.0,1.0983125974393286,-2.8660686136826114e-05,0.00038909390634780667,46.319,2.50225
hap1-tko,TMIGD1,0,3,-0.4676105762283584,-1.6240949414670263,-0.9997707145109054,1.0,0.04783532935919771,-0.31756040239603334,1.0,-19.925,0.2746666666666667
hap1-tko,TMPRSS11A,0,0,-0.5766793394377433,-1.619096796283999,-1.0,1.0,-0.06570119480958038,-0.6552692671462554,1.0,-25.213,0.04899999999999993
hap1-tko,TMPRSS11B,0,4,-0.5469317422627641,-1.7791310352486107,-0.9999713393138632,1.0,-0.03784208781166136,-0.5754779169413315,1.0,-24.958,0.058249999999999996
hap1-tko,TMPRSS11F,0,0,-0.5981442002266619,-1.8609603357612465,-1.0,1.0,-0.11176045335685662,-0.781261643403743,1.0,-30.145,-0.13049999999999995
hap1-tko,TMPRSS12,0,1,-0.6172404274403148,-2.1322193586567986,-1.0,1.0,-0.1183416587565068,-0.8043048350577513,1.0,-32.154,-0.16266666666666668
hap1-tko,TMPRSS15,0,4,-0.5934504658398588,-1.9780959165537553,-1.0,1.0,-0.09622307817382636,-0.7518844401134963,1.0,-29.624,-0.10858333333333337
hap1-tko,TNPO3,1,1,0.02234606768455173,0.08256489216219978,-0.45020205783726464,1.0,0.5889918070965552,-8.598205841047835e-05,0.0010287770980595301,13.843,1.4139166666666667
hap1-tko,TNR,0,2,-0.4525139729600302,-1.7842939874801371,-0.9996274110802212,1.0,0.06641099859057437,-0.2642228654954,1.0,-19.888,0.26408333333333334
hap1-tko,TOMM22,1,2,0.23932822655124047,0.5881008139041922,-0.1256484480238457,1.0,0.9237453042255649,-2.8660686136826114e-05,0.00037312363407233695,60.257,3.0675833333333333
hap1-tko,TOMM40,1,0,0.28979422783645176,0.7607242603983271,-0.08818893124301395,1.0,1.0837933415013088,-2.8660686136826114e-05,0.0003533467630084322,39.438,2.401666666666667
hap1-tko,TONSL,1,1,0.39700198455509383,0.8949098528263647,-0.04198790519045026,1.0,1.1680865502155338,-2.8660686136826114e-05,0.00035687770853456925,64.58,3.1530000000000005
hap1-tko,TOP1,1,1,0.29535597111232464,0.8264202899825228,-0.08517955919864721,1.0,0.9733876783772372,-2.8660686136826114e-05,0.00035687770853456925,49.083,2.6218333333333335
hap1-tko,TOP2A,1,0,0.8239108618024134,2.2501232685743924,-0.001748301854346393,0.18597027956751724,1.57810160730884,-2.8660686136826114e-05,0.0003533467630084322,61.801,3.2155
hap1-tko,TPD52L3,0,0,-0.6704779160665031,-2.1543367781689624,-1.0,1.0,-0.19266799173969854,-0.9243931099710527,1.0,-36.339,-0.35591666666666666
hap1-tko,TPH2,0,1,-0.7267399862666069,-1.765731045236613,-1.0,1.0,-0.29794585401990964,-0.9908285804362157,1.0,-45.081,-0.60575
hap1-tko,TPRX1,0,3,-0.6654348168843229,-1.7360145484910023,-1.0,1.0,-0.1491179976680256,-0.8675589693617265,1.0,-34.019,-0.19925000000000004
hap1-tko,TPT1,1,4,1.1694970659592316,2.506651987079441,-0.0002866068613682612,0.12790331084247086,2.207838948240347,-2.8660686136826114e-05,0.0003796398402862047,97.134,4.42375
hap1-tko,TPTE,0,0,-0.48591598930861213,-1.7386975593771303,-0.9997993751970422,1.0,0.021711504527437708,-0.3842824797225646,1.0,-19.92,0.24158333333333332
hap1-tko,TPX2,1,2,0.2429719313181672,0.7784231602354345,-0.12186523745378465,1.0,0.8404029340149505,-2.8660686136826114e-05,0.00037312363407233695,23.703,1.7889166666666667
hap1-tko,TRAPPC1,1,1,0.6909837032771672,1.4702167578283982,-0.004184460175976613,0.2700652522234521,1.8161829954361273,-2.8660686136826114e-05,0.00035687770853456925,97.752,4.289999999999999
hap1-tko,TRAPPC3,1,0,0.4234398490311884,1.3305734825731277,-0.03479407297010691,1.0,1.1253581085365445,-2.8660686136826114e-05,0.0003533467630084322,38.373,2.3629166666666666
hap1-tko,TREML4,0,1,-0.6606546806962349,-1.7969109748213956,-1.0,1.0,-0.16351882940012766,-0.8915766243443868,1.0,-35.784,-0.2870833333333333
hap1-tko,TRHR,0,3,-0.6148133408153325,-2.079698356907776,-1.0,1.0,-0.1171917051534516,-0.8013527843856582,1.0,-33.997,-0.19849999999999995
hap1-tko,TRIAP1,1,3,-0.2573418971731006,-0.7098536025081263,-0.9693617265197328,1.0,0.3417148936473999,-0.007021868103522399,0.0626580506731193,22.311,1.6949166666666666
hap1-tko,TRIM40,0,0,-0.6310621785051498,-2.009841869946286,-1.0,1.0,-0.1533041907874119,-0.8668424522083059,1.0,-33.839,-0.26491666666666663
hap1-tko,TRIM42,0,3,-0.6878126586722897,-1.6243721921139807,-1.0,1.0,-0.24400905615051713,-0.971482617293858,1.0,-40.435,-0.41500000000000004
hap1-tko,TRIM43,0,2,-0.1594319097616107,-0.5693782591530354,-0.8631165630105184,1.0,0.41381664720268063,-0.0018629445988936975,0.018075121539321774,2.274,1.0393333333333334
hap1-tko,TRIM60,0,0,-0.6853939456432637,-2.0759354688505405,-1.0,1.0,-0.21141855645419252,-0.9444842509529678,1.0,-37.301,-0.3909166666666667
hap1-tko,TRIM67,0,1,-0.6489277651484088,-2.115044289935113,-1.0,1.0,-0.1568714288357791,-0.8814020807658135,1.0,-35.125,-0.2645
hap1-tko,TRIML1,0,4,-0.647728313869636,-2.064753872658211,-1.0,1.0,-0.15051007629948107,-0.8694219139606202,1.0,-32.971,-0.22825
hap1-tko,TRMT112,1,0,0.5001369934674145,1.2305844376977542,-0.020119801668051933,0.7515844541738029,1.2759580453483845,-2.8660686136826114e-05,0.0003533467630084322,68.781,3.4695
hap1-tko,TRMT5,1,3,0.5746022484756008,1.42359813062058,-0.01157891719927775,0.5192653227285356,1.4148143154569055,-2.8660686136826114e-05,0.00038909390634780667,73.927,3.430583333333333
hap1-tko,TRNAU1AP,1,2,0.2339732655665656,0.7154200736530874,-0.1301481757473274,1.0,1.003768581999417,-2.8660686136826114e-05,0.00037312363407233695,38.444,2.3045833333333334
hap1-tko,TRPC5,0,2,-0.6394110449394063,-1.9474876198046067,-1.0,1.0,-0.13045047434124504,-0.8288670430770113,1.0,-33.896,-0.22591666666666668
hap1-tko,TRPC7,0,0,-0.48754546886841377,-1.8279019667377339,-0.9997993751970422,1.0,0.006386007999995387,-0.43168725459287494,1.0,-21.876,0.17041666666666666
hap1-tko,TRPM1,0,3,-0.6729858420509331,-2.0102620854526663,-1.0,1.0,-0.16836829688145277,-0.8973374222578888,1.0,-37.491,-0.31599999999999995
hap1-tko,TRPV5,0,4,-0.6747960916594729,-1.7348048604354305,-1.0,1.0,-0.1934149932563259,-0.9315296208191224,1.0,-35.348,-0.31325000000000003
hap1-tko,TRRAP,1,2,0.1490966524485357,0.38487893756466385,-0.22633343842251583,1.0,0.9294189021405862,-2.8660686136826114e-05,0.00037312363407233695,37.501,2.2715833333333335
hap1-tko,TSGA13,0,3,-0.5630784317056462,-1.9625317816152568,-0.9999713393138632,1.0,-0.05528450645254579,-0.6305637556963114,1.0,-28.175,-0.0027499999999999747
hap1-tko,TSHB,0,1,-0.5736391966957225,-1.698427073987446,-1.0,1.0,-0.0671135367713204,-0.6674500587544065,1.0,-26.854,0.01900000000000001
hap1-tko,TSPAN16,0,0,-0.36536850564128376,-1.4208489356844776,-0.9968186638388123,1.0,0.12892342884966682,-0.13467656415694593,0.7544742009370333,-14.587,0.4356666666666667
hap1-tko,TSPO2,0,4,-0.4400294339456688,-1.7309201022712382,-0.9995414290218108,1.0,0.08448677069141848,-0.21942621306354074,0.9697037164546922,-17.19,0.336
hap1-tko,TSPYL6,0,0,-0.7413153504392817,-1.729420253272146,-1.0,1.0,-0.2865762018755153,-0.985984924479092,1.0,-41.831,-0.55575
hap1-tko,TSR1,1,3,0.5176649267016743,1.3229599581944818,-0.0179989108939268,0.7040156962882355,1.3212433776201278,-2.8660686136826114e-05,0.00038909390634780667,63.531,3.081
hap1-tko,TSSK1B,0,3,-0.6409131340226909,-2.0443227079685395,-1.0,1.0,-0.14474566318041368,-0.8601358516522886,1.0,-35.377,-0.24491666666666667
hap1-tko,TTC1,1,3,-0.13238223047243827,-0.48012236237690414,-0.8138488435413144,1.0,0.42924059488041116,-0.0018342839127568713,0.01821234084123143,7.997,1.2135833333333332
hap1-tko,TTC27,1,3,0.7641571293963602,1.9078850649429722,-0.002378836949356568,0.19667682740059395,1.5970422998797746,-2.8660686136826114e-05,0.00038909390634780667,88.724,3.9281666666666673
hap1-tko,TTI1,1,2,0.4186146883582572,1.4026316745010288,-0.03582585767103264,1.0,1.1342873957621882,-2.8660686136826114e-05,0.00037312363407233695,38.487,2.3060833333333335
hap1-tko,TTI2,1,4,0.09358243236379722,0.3274179643014639,-0.30899085724112235,1.0,0.727311082292805,-2.8660686136826114e-05,0.0003796398402862047,28.861,1.9825833333333336
hap1-tko,TUBB,1,4,0.6282569689675439,1.52320470318365,-0.0071651715342065285,0.3709092504873379,1.3987301183613436,-2.8660686136826114e-05,0.0003796398402862047,62.144,3.1726666666666667
hap1-tko,TUBG1,1,3,0.3318340689483168,0.9250495241772275,-0.0655183285087845,1.0,1.0871637145431103,-2.8660686136826114e-05,0.00038909390634780667,51.633,2.6809166666666666
hap1-tko,TUBGCP2,1,0,-0.054197644435604514,-0.18292600451212906,-0.6340316987188673,1.0,0.5636501067877558,-0.0001719641168209567,0.0020242334803924357,25.141,1.8814166666666665
hap1-tko,TUBGCP3,1,0,0.24215129175836175,0.8015625387078632,-0.12266773666561577,1.0,0.9055897175611518,-2.8660686136826114e-05,0.0003533467630084322,28.233,1.9939166666666666
hap1-tko,TUBGCP6,1,3,-0.2346563312271603,-0.8101750684355828,-0.953512367086068,1.0,0.3567942869419883,-0.005646155168954745,0.05130061298042475,-0.246,0.9364166666666668
hap1-tko,TUFM,1,0,0.7232823511454775,1.913691383419623,-0.003238657533461351,0.23939991809844602,1.4813422813431703,-2.8660686136826114e-05,0.0003533467630084322,59.642,3.1369166666666666
hap1-tko,TUT1,1,4,0.43037953551378033,1.1087180890484147,-0.0333610386632656,1.0,1.2631382815676462,-2.8660686136826114e-05,0.0003796398402862047,52.251,2.8189166666666665
hap1-tko,TXNL4A,1,2,0.7970460078417072,2.1953691676383373,-0.0020922300879883064,0.19667682740059395,1.6171588971723725,-2.8660686136826114e-05,0.00037312363407233695,69.416,3.388
hap1-tko,TYR,0,4,-0.6415059355285933,-1.6644935776244199,-1.0,1.0,-0.1430388556968536,-0.8550915708922071,1.0,-33.595,-0.25058333333333327
hap1-tko,U2AF1,1,4,0.9323208670320047,2.5263965260499623,-0.0010317847009257402,0.15413092072130974,1.7872276289482167,-2.8660686136826114e-05,0.0003796398402862047,61.503,3.14975
hap1-tko,U2AF2,1,4,0.005982526484247791,0.015803751783442167,-0.48766157461809634,1.0,0.6165377986995415,-0.0001719641168209567,0.0019840701176862367,24.491,1.8263333333333334
hap1-tko,UBA1,1,2,0.051095321079570655,0.19941385053651967,-0.38866756470149894,1.0,0.6564225613863282,-5.732137227365223e-05,0.0007152870810542654,16.315,1.5305
hap1-tko,UBE2L3,1,4,-0.24361536769814351,-0.9295805519394792,-0.960276289014359,1.0,0.2977061809301347,-0.014187039637728927,0.1187016338034442,-5.337,0.7598333333333334
hap1-tko,UBE2M,1,2,0.4182777948190424,1.125421158604266,-0.03585451835716947,1.0,1.1621217537811073,-2.8660686136826114e-05,0.00037312363407233695,55.64,2.906083333333333
hap1-tko,UBL5,1,3,0.44676474096365,1.5264035429490819,-0.029549167407067724,0.9744522219589725,1.0960902668881283,-2.8660686136826114e-05,0.00038909390634780667,37.304,2.1990833333333333
hap1-tko,UBQLN3,0,4,-0.6273789216122505,-2.0063618587531304,-1.0,1.0,-0.12629656508399364,-0.8217305322289415,1.0,-31.582,-0.17858333333333337
hap1-tko,UBTF,1,1,0.18335480578167754,0.4754127055548695,-0.1815081253045198,1.0,0.7868235277898726,-2.8660686136826114e-05,0.00035687770853456925,28.085,1.9020833333333336
hap1-tko,UMOD,0,3,-0.5594834776876799,-2.0601750146046873,-0.9999713393138632,1.0,-0.05549774101421284,-0.631280272849732,1.0,-28.408,-0.01058333333333334
hap1-tko,UPF1,1,0,-0.2879960512969403,-0.443137906361419,-0.9828895703763149,1.0,0.27570791597084926,-0.018772749419621107,0.15454960529744702,24.205,1.8473333333333335
hap1-tko,UPF2,1,2,0.052493484375702976,0.14471850625947996,-0.3859734602046373,1.0,0.7167262565960739,-2.8660686136826114e-05,0.00037312363407233695,27.105,1.907916666666667
hap1-tko,UQCRC1,1,2,0.005466037301911481,0.019476674153395573,-0.48897996618039036,1.0,0.6060995092344653,-0.0001433034306841306,0.0016721928751067946,10.786,1.3370833333333332
hap1-tko,UQCRFS1,1,3,1.0634563035966123,2.5005750496362924,-0.0004012496059155656,0.13698237524847443,1.9802948129382347,-2.8660686136826114e-05,0.00038909390634780667,92.791,4.064916666666667
hap1-tko,UROC1,0,0,-0.40121208491780186,-1.446100062079396,-0.9985956263792956,1.0,0.11710445402376239,-0.15453841964976642,0.8231825132183741,-14.042,0.45549999999999996
hap1-tko,UROD,1,2,0.5337961517974918,1.4201628435699591,-0.016164626981169928,0.6658687656646052,1.4293774732211653,-2.8660686136826114e-05,0.00037312363407233695,50.422,2.723583333333333
hap1-tko,USP26,0,0,-0.5998430447351053,-2.108170060612713,-1.0,1.0,-0.12330765264325413,-0.8072855464159812,1.0,-31.494,-0.17958333333333334
hap1-tko,USP29,0,2,-0.6739921974751238,-1.8332751902072772,-1.0,1.0,-0.17701316307672219,-0.9077985726978304,1.0,-35.311,-0.27541666666666664
hap1-tko,USP39,1,0,0.06528230024136922,0.2586311379599413,-0.36078071709036713,1.0,0.6264526556198408,-2.8660686136826114e-05,0.0003533467630084322,12.792,1.432
hap1-tko,USP5,1,1,0.22297231975507192,0.5691656531030873,-0.14043736207044796,1.0,0.905763524312446,-2.8660686136826114e-05,0.00035687770853456925,29.667,1.9563333333333333
hap1-tko,USPL1,1,3,-0.1662460827294025,-0.5743497030142624,-0.8744661947207016,1.0,0.38415371933293874,-0.0035539250809664383,0.03353067768386128,2.294,1.0218333333333334
hap1-tko,UTP15,1,0,0.9391010265222145,2.485930655659376,-0.0009171419563784357,0.15413092072130974,1.7876603389399799,-2.8660686136826114e-05,0.0003533467630084322,67.464,3.421583333333333
hap1-tko,UTP20,1,1,0.29190070176481636,0.7375339257789314,-0.0872431286004987,1.0,1.0693018989690322,-2.8660686136826114e-05,0.00035687770853456925,56.982,2.8925833333333335
hap1-tko,UTP23,1,2,1.0237767086183795,2.6911473512372623,-0.0005445530365996962,0.13698237524847443,1.9272248260857592,-2.8660686136826114e-05,0.00037312363407233695,69.035,3.3746666666666667
hap1-tko,UTS2R,0,4,-0.7689143437261433,-1.9624411339999077,-1.0,1.0,-0.3172090051060385,-0.9949270585537818,1.0,-46.085,-0.6971666666666667
hap1-tko,UXT,1,4,-0.11046243178423522,-0.31780287307002675,-0.7688515663064974,1.0,0.4848224091452124,-0.0006305350950101745,0.006756563103472049,22.093,1.7405833333333334
hap1-tko,VARS,1,1,0.36516779309398034,1.0950049872411847,-0.053022269353128315,1.0,1.0305216229574485,-2.8660686136826114e-05,0.00035687770853456925,51.629,2.709083333333333
hap1-tko,VARS2,1,2,0.6885309379244948,1.6103734878349096,-0.0042417815482502655,0.2700652522234521,1.6458332478802347,-2.8660686136826114e-05,0.00037312363407233695,94.561,4.2675833333333335
hap1-tko,VAX1,0,0,-0.5393581908549964,-2.08087285793938,-0.9999713393138632,1.0,-0.06009488573045132,-0.639362586340317,1.0,-27.601,-0.03791666666666664
hap1-tko,VCP,1,4,0.2802084517806393,0.8151877162231641,-0.09392106847037918,1.0,0.9527186631821435,-2.8660686136826114e-05,0.0003796398402862047,36.204,2.2451666666666665
hap1-tko,VHLL,0,4,-0.5087179229635206,-1.9118204778008925,-0.9998853572554527,1.0,-0.021784935531610868,-0.5234587716029921,1.0,-24.676,0.06833333333333332
hap1-tko,VN1R2,0,1,-0.5772705844738905,-2.133373786775775,-1.0,1.0,-0.08261315426851748,-0.7133071565733283,1.0,-29.764,-0.08074999999999999
hap1-tko,VN1R4,0,2,-0.6784933478009957,-1.846163214476175,-1.0,1.0,-0.2037710011168029,-0.9394686308790232,1.0,-38.844,-0.3989999999999999
hap1-tko,VPREB1,0,0,-0.515656732242147,-1.7641216370438264,-0.9999426786277263,1.0,-0.028439870723937374,-0.542776074059213,1.0,-25.018,0.056083333333333374
hap1-tko,VPS25,1,0,0.01146948539410543,0.031788657510665744,-0.4747929265426614,1.0,0.7097396329200518,-2.8660686136826114e-05,0.0003533467630084322,40.713,2.4480833333333334
hap1-tko,VPS28,1,4,0.2316040869646641,0.6477663039378396,-0.1322404058353157,1.0,0.9305612950280752,-2.8660686136826114e-05,0.0003796398402862047,38.025,2.31025
hap1-tko,VRTN,0,1,-0.7069035760387596,-1.9838284051560284,-1.0,1.0,-0.2522255141091802,-0.9763549339371185,1.0,-44.252,-0.5773333333333333
hap1-tko,VSX2,0,0,-0.5746891093534177,-2.2293358816004645,-1.0,1.0,-0.08541669352033762,-0.7137943882376544,1.0,-28.812,-0.08200000000000002
hap1-tko,WARS,1,0,-0.025018656808493252,-0.07773652454369831,-0.5618640910263392,1.0,0.5612012546881899,-0.0001719641168209567,0.0020242334803924357,12.153,1.4087500000000002
hap1-tko,WDR12,1,0,0.3435066769151055,0.9230842380412774,-0.06073199392393454,1.0,1.07171389734321,-2.8660686136826114e-05,0.0003533467630084322,56.049,3.006166666666666
hap1-tko,WDR25,1,0,0.289585998808529,0.670244034630245,-0.08833223467369809,1.0,1.0868329663986473,-2.8660686136826114e-05,0.0003533467630084322,42.806,2.52425
hap1-tko,WDR3,1,0,0.07427155546433388,0.24993543836815843,-0.34378493021122924,1.0,0.6669552583812322,-2.8660686136826114e-05,0.0003533467630084322,14.99,1.512
hap1-tko,WDR33,1,0,0.9158303436843563,2.2646243363527168,-0.0011177667593362185,0.15413092072130974,1.8246765397929146,-2.8660686136826114e-05,0.0003533467630084322,78.573,3.825833333333333
hap1-tko,WDR43,1,2,0.6014168070298953,1.5765794589791027,-0.009085437505373878,0.43186773101157305,1.4042925296163955,-2.8660686136826114e-05,0.00037312363407233695,66.956,3.3019166666666666
hap1-tko,WDR61,1,3,0.38145869466708887,1.1517944694702544,-0.047089507322805306,1.0,1.0786954131352313,-2.8660686136826114e-05,0.00038909390634780667,50.537,2.6440833333333336
hap1-tko,WDR70,1,2,-0.07508516412096429,-0.22067817622384228,-0.6864520936631223,1.0,0.5403923091276734,-0.0002292854890946089,0.0024599540942530458,15.486,1.5015000000000003
hap1-tko,WDR74,1,1,0.9312976659118718,2.1749359025996142,-0.0010604453870625664,0.15413092072130974,1.8085154552340854,-2.8660686136826114e-05,0.00035687770853456925,84.382,3.8317500000000004
hap1-tko,WDR75,1,3,0.1981045278345639,0.5597604040459087,-0.16554412312630765,1.0,0.9341312367698837,-2.8660686136826114e-05,0.00038909390634780667,41.916,2.3541666666666665
hap1-tko,WDR77,1,2,0.22917948953550749,0.6415249449862974,-0.13459058209853544,1.0,0.9800872660131212,-2.8660686136826114e-05,0.00037312363407233695,58.241,2.9970833333333333
hap1-tko,WDR92,1,3,0.11578086712671705,0.3293545587370436,-0.27287839270872144,1.0,0.7928559376010608,-2.8660686136826114e-05,0.00038909390634780667,51.41,2.6734166666666663
hap1-tko,WEE1,1,0,0.665898284969754,2.1723187504329524,-0.005187584190765527,0.30886486760377,1.327343359456273,-2.8660686136826114e-05,0.0003533467630084322,42.648,2.5185
hap1-tko,WFDC9,0,0,-0.617264000672021,-1.8571909359896102,-1.0,1.0,-0.11456091352903684,-0.7879395832736236,1.0,-29.63,-0.11175000000000002
hap1-tko,XAB2,1,4,0.17903553284136225,0.6739745458761186,-0.18695365567051675,1.0,0.728492312654569,-2.8660686136826114e-05,0.0003796398402862047,0.595,0.9719166666666668
hap1-tko,XKR7,0,0,-0.6242727110298407,-1.7290300789215356,-1.0,1.0,-0.15273463990224936,-0.8660686136826116,1.0,-31.503,-0.17991666666666667
hap1-tko,XPO1,1,4,1.311220662765697,2.7409966143493945,-0.00011464274454730446,0.09999713393138632,2.1891634669590907,-2.8660686136826114e-05,0.0003796398402862047,57.6,3.0101666666666667
hap1-tko,XRCC6,1,2,-0.030845820827699537,-0.07701393861448608,-0.5767963085036256,1.0,0.6008612840545118,-0.0001433034306841306,0.0016721928751067946,41.198,2.4009166666666664
hap1-tko,YARS,1,1,0.2932566686972391,0.6962836602846143,-0.0865839328193517,1.0,0.9790770517695288,-2.8660686136826114e-05,0.00035687770853456925,58.12,2.931583333333333
hap1-tko,YARS2,1,1,0.37784243781972476,1.0371566680883681,-0.048350577512825656,1.0,1.1137586530127759,-2.8660686136826114e-05,0.00035687770853456925,55.776,2.8512499999999994
hap1-tko,YRDC,1,4,0.34606193641929306,0.8555182377282472,-0.05975753059528245,1.0,1.0481043300803439,-2.8660686136826114e-05,0.0003796398402862047,50.17,2.7445000000000004
hap1-tko,ZBTB8OS,1,1,0.2043546549392546,0.6258807011340595,-0.1588088618841535,1.0,0.8833501817467485,-2.8660686136826114e-05,0.00035687770853456925,27.326,1.8760833333333333
hap1-tko,ZCCHC13,0,4,-0.6944177543146306,-2.1414158070475913,-1.0,1.0,-0.19791506964819458,-0.9364592588346565,1.0,-37.28,-0.38233333333333325
hap1-tko,ZG16,0,2,-0.446630537269217,-1.420089644939547,-0.9996274110802212,1.0,0.08324577566738685,-0.22584620675818978,0.9609480675357611,-22.385,0.17674999999999993
hap1-tko,ZIC3,0,4,-0.6762558385558323,-1.9370687281491403,-1.0,1.0,-0.1685804691844127,-0.899114384798372,1.0,-33.831,-0.259
hap1-tko,ZIM3,0,1,-0.5992430593019635,-1.7826183334062864,-1.0,1.0,-0.12187297185425465,-0.8120145596285575,1.0,-32.202,-0.1643333333333334
hap1-tko,ZMAT5,1,4,-0.21635829626834682,-0.888912634353834,-0.9379209538276346,1.0,0.28662210307881725,-0.016651858645495975,0.1368084907100772,-5.593,0.7506666666666666
hap1-tko,ZNF131,1,3,-0.2896761817701749,-1.0892222828644387,-0.9834914447851881,1.0,0.2293654238962242,-0.03748817746696856,0.2752446363262906,-2.246,0.8691666666666666
hap1-tko,ZNF574,1,0,0.20898886574460623,0.7559620097746439,-0.15445243759135593,1.0,0.8005480978072685,-2.8660686136826114e-05,0.0003533467630084322,20.779,1.7226666666666668
hap1-tko,ZNF648,0,0,-0.4992215763045634,-1.4989160008798792,-0.9998853572554527,1.0,-0.013632101301879593,-0.4937663007652403,1.0,-22.082,0.16291666666666665
hap1-tko,ZNF804B,0,4,-0.6593432095462248,-2.006669379166565,-1.0,1.0,-0.18678928025357044,-0.9239631996790003,1.0,-36.297,-0.3471666666666666
hap1-tko,ZNRF4,0,1,-0.7889446906905949,-1.9196259847669086,-1.0,1.0,-0.3362150145095239,-0.9965607176635809,1.0,-49.352,-0.7521666666666668
hap1-tko,ZP2,0,4,-0.3257579942468839,-1.5046647725909312,-0.9922042933707833,1.0,0.21014781003420496,-0.049439683586025046,0.347072547347367,-11.11,0.5534166666666666
hap1-tko,ZP4,0,4,-0.44890856413493774,-1.8099054589900085,-0.9996274110802212,1.0,0.07916344307037562,-0.23203691496374423,0.9987377205878406,-17.962,0.3084166666666666
hap1-tko,ZSWIM2,0,1,-0.8468904998070687,-1.7643970960261168,-1.0,1.0,-0.4172201968582949,-0.9996560717663581,1.0,-56.284,-0.98975
hap1-tkov3,AARS,1,0,0.9480455509637429,2.801323974663704,-0.002580084070155095,0.05668625472352219,1.3162267188163332,-2.8989708653428032e-05,0.00035086702115485845,42.709,2.4323333333333332
hap1-tkov3,ABCE1,1,2,1.191815320899701,3.4071232832847262,-0.0006957530076822728,0.024792669676644955,2.1596967781263445,-2.8989708653428032e-05,0.0003095885480778163,57.876,2.9876666666666667
hap1-tkov3,ABCF1,1,4,0.8915594036064625,2.7720959662255096,-0.00368169299898536,0.0722390889118322,1.4105574794761042,-2.8989708653428032e-05,0.000424075916154091,35.472,2.1641666666666666
hap1-tkov3,ABCG8,0,0,0.08079941403564311,0.6986929180953068,-0.3426003768662125,1.0,0.19496262944868425,-0.06542977243078707,0.3237140806407873,-15.49,0.3743333333333333
hap1-tkov3,ACCSL,0,0,0.06838471776885868,0.6581662424017501,-0.3650384113639658,1.0,0.17807572330519822,-0.08151906073343963,0.37693277224386956,-16.386,0.3426666666666667
hap1-tkov3,ACTL6A,1,4,-1.2498740898318186,-3.148722343178509,-1.0,1.0,1.4563530886838236,-2.8989708653428032e-05,0.000424075916154091,9.302,1.2443333333333335
hap1-tkov3,ACTL7A,0,4,-0.11597414718711699,-0.8177428524545962,-0.7557617045948688,1.0,-0.016116303908859306,-0.4934918104073054,0.8565214102943339,-29.197,-0.10883333333333338
hap1-tkov3,ACTL7B,0,1,-0.05861064082149913,-0.47260208368748735,-0.6284099144803594,1.0,0.03909981279331625,-0.32888824467314104,0.7690259701569501,-23.978,0.05608333333333336
hap1-tkov3,ACTL9,0,2,-0.0071333591964464664,-0.07491064877666129,-0.5136396579214378,1.0,0.10255292758366318,-0.1853312074213654,0.586819778666475,-21.904,0.1313333333333333
hap1-tkov3,ACTR10,1,1,1.4976877021868151,4.754824653939244,-0.00011595883461371213,0.006410070578790683,1.8821617184142114,-2.8989708653428032e-05,0.00034529385714480196,53.59,2.8578333333333332
hap1-tkov3,ACTR2,1,3,1.270786122337177,4.421540733932869,-0.0004348456298014205,0.0173606078175581,1.6643215836166263,-2.8989708653428032e-05,0.0002993925180513014,37.916,2.2614166666666664
hap1-tkov3,ACTRT1,0,1,-0.24455583022264377,-1.651467734394231,-0.9451224815190608,1.0,-0.15925653616839877,-0.8552833744020872,0.9850742955063163,-38.012,-0.4508333333333333
hap1-tkov3,ADAD1,0,2,-0.13055076015489733,-1.1973290279703175,-0.7865487751848094,1.0,-0.032230443896860916,-0.5423974489056385,0.8814405730025012,-30.002,-0.15858333333333333
hap1-tkov3,ADAM18,0,2,0.042391056594062934,0.4603775069607343,-0.4135671836498043,1.0,0.1524072557933391,-0.107551819104218,0.42960088205501124,-17.607,0.2851666666666667
hap1-tkov3,ADAM2,0,4,-0.017570084353147736,-0.13805479778081942,-0.5370343528047543,1.0,0.09618139828126264,-0.20243513552688797,0.6167575652643664,-23.452,0.0930833333333333
hap1-tkov3,ADAM20,0,3,-0.08198756877789662,-0.5310129834883367,-0.6810552253949848,1.0,0.02553346380973763,-0.3792143788954921,0.7870409618303914,-25.922,0.02091666666666668
hap1-tkov3,ADAM30,0,0,-0.14841455639424686,-0.6955089779170857,-0.8218002609073779,1.0,-0.056523903273312526,-0.6112190172488766,0.9286889958813961,-37.058,-0.3883333333333334
hap1-tkov3,ADH7,0,0,-0.014334317238950983,-0.16950967503142683,-0.5298738947673576,1.0,0.0850976134943539,-0.21971300188433107,0.657967036285452,-22.204,0.1369166666666667
hap1-tkov3,ADSL,1,4,1.436047690196713,3.4116732735251745,-0.00011595883461371213,0.006410070578790683,1.874918753223434,-2.8989708653428032e-05,0.000424075916154091,67.786,3.2999166666666673
hap1-tkov3,ADSS,1,1,1.1961805334302145,4.5329556601292795,-0.0006957530076822728,0.024792669676644955,1.5470641217435714,-2.8989708653428032e-05,0.00034529385714480196,34.916,2.183333333333333
hap1-tkov3,AFM,0,0,-0.1478491573484956,-1.4493284368395212,-0.8209885490650819,1.0,-0.053959264070579,-0.6039715900855196,0.9257104760490923,-31.843,-0.20391666666666666
hap1-tkov3,AHCY,1,1,1.5050004611392174,3.7096935165656535,-8.69691259602841e-05,0.005952208394591349,3.0973767264877266,-2.8989708653428032e-05,0.00034529385714480196,59.272,3.063083333333333
hap1-tkov3,AICDA,0,3,-0.26353141228601973,-1.28423311227647,-0.9589505725467459,1.0,-0.19775342286900063,-0.9162487317002465,0.9946894732651599,-43.269,-0.5879166666666666
hap1-tkov3,AIPL1,0,0,-0.0900285656835338,-0.955790982981039,-0.6984200608783881,1.0,0.004820355781786179,-0.42652558341788666,0.841981537427955,-27.947,-0.06616666666666667
hap1-tkov3,ALG1,1,1,1.3894213603181176,3.514853993931997,-0.0001739382519205682,0.009146076313640365,1.7671116699833715,-2.8989708653428032e-05,0.00034529385714480196,72.282,3.5330000000000004
hap1-tkov3,ALG14,1,4,0.31110728300119594,1.1793212378703066,-0.10563849833309175,0.9504158480703355,0.5132750599311038,-0.000840701550949413,0.007733109146253079,7.761,1.1901666666666668
hap1-tkov3,ALG2,1,3,1.6987610582849617,4.293275128360167,-5.7979417306856065e-05,0.004651027954843473,2.1208599706613795,-2.8989708653428032e-05,0.0002993925180513014,70.925,3.419916666666667
hap1-tkov3,ALPI,0,1,-0.2224382618087617,-1.2209961364406283,-0.9260182635164517,1.0,-0.13071070638941484,-0.8024061458182346,0.9763709089473267,-34.363,-0.31900000000000006
hap1-tkov3,ALX3,0,2,0.36614395489516144,2.153832164209399,-0.07743151181330628,0.7494171067587505,0.5447202237160219,-0.0002609073778808523,0.002480633707999482,0.732,0.9417500000000001
hap1-tkov3,AMELX,0,0,-0.2252664583498224,-1.5944335880448566,-0.9283374402087259,1.0,-0.13581631003409922,-0.8124075953036672,0.9793887162928281,-36.65,-0.3739166666666667
hap1-tkov3,ANAPC2,1,0,0.9007985130398923,2.4944510131846256,-0.003478765038411364,0.0694424312702324,1.2781886935327862,-2.8989708653428032e-05,0.00035086702115485845,33.374,2.10225
hap1-tkov3,ANAPC4,1,0,1.1154169745935691,2.9913440549156323,-0.0011595883461371214,0.03533466467460589,1.4596899071506448,-2.8989708653428032e-05,0.00035086702115485845,58.755,2.99975
hap1-tkov3,ANAPC5,1,1,0.36231531454872035,1.5896220134783883,-0.07893897666328453,0.759598726166656,0.5477129575384685,-0.00037686621249456443,0.0036130136558608964,6.642,1.1620833333333334
hap1-tkov3,ANKRD30A,0,3,-0.20965015884552585,-1.2574428007516287,-0.9121032033628063,1.0,-0.11680634147578899,-0.7765473256993767,0.9599091028339638,-37.88,-0.39875
hap1-tkov3,ANTXRL,0,1,-0.1357776603802277,-0.7804169088918878,-0.7971590085519641,1.0,-0.04771196486805468,-0.5811856790839252,0.9066813626127469,-29.931,-0.15891666666666665
hap1-tkov3,APOA4,0,3,-0.18638805518963952,-0.8478676405994863,-0.8822148137411219,1.0,-0.1241981849552444,-0.7938831714741267,0.9640443291228955,-40.909,-0.5050833333333332
hap1-tkov3,APOBEC1,0,2,-0.15340933163354734,-1.132540228294205,-0.8295405131178432,1.0,-0.055443951665519194,-0.6090447890998696,0.9096116624182067,-30.816,-0.18774999999999997
hap1-tkov3,APOF,0,3,0.05427771040736918,0.40853821847804983,-0.3904333961443687,1.0,0.18553576666603722,-0.07902594578924482,0.3557714662038908,-17.638,0.3116666666666667
hap1-tkov3,AQP8,0,2,-0.16870464044144884,-1.2568205522738871,-0.855196405276127,1.0,-0.07303891457532512,-0.658037396724163,0.9235222430031811,-32.46,-0.24658333333333327
hap1-tkov3,AQR,1,3,0.5789032423104525,2.517498774471679,-0.022351065371793013,0.2801517619675248,0.8542453067898931,-2.8989708653428032e-05,0.0002993925180513014,10.907,1.3135
hap1-tkov3,ARCN1,1,2,0.5843623915911049,1.719073544375851,-0.02185824032468474,0.2753755083125184,0.9386876122856779,-2.8989708653428032e-05,0.0003095885480778163,16.608,1.5101666666666667
hap1-tkov3,ARGFX,0,2,-0.0012022384424442006,-0.010734954630224782,-0.5005363096100884,1.0,0.10833961859688687,-0.17457602551094362,0.571182077739793,-20.754,0.1725
hap1-tkov3,ARIH1,1,2,0.32545161299410547,1.4885491052351485,-0.0982461226264676,0.9027442072129392,0.517787002266849,-0.0005218147557617046,0.0047998608493984634,1.723,0.9772500000000001
hap1-tkov3,ARL2,1,0,1.393262852418984,4.637903668446807,-0.0001739382519205682,0.009146076313640365,1.7772561166257552,-2.8989708653428032e-05,0.00035086702115485845,52.083,2.763833333333333
hap1-tkov3,ART1,0,4,-0.08696297008011075,-0.7016891819741733,-0.6916944484707929,1.0,0.015265939976510474,-0.4022901869836208,0.8073421986160702,-26.705,-0.02124999999999999
hap1-tkov3,ASB17,0,1,0.0599657483968083,0.46656136917689983,-0.3794462965647195,1.0,0.16647971936623904,-0.09456442962748224,0.4144733717370232,-17.433,0.2925
hap1-tkov3,ASIC5,0,0,-0.12009052168837817,-0.7964915824584415,-0.7640817509784027,1.0,-0.026218074656046732,-0.52042324974634,0.8903063660293506,-28.397,-0.08208333333333327
hap1-tkov3,ASZ1,0,1,0.1063527565535361,0.6000278201790802,-0.30418901290042033,1.0,0.23428210694910212,-0.041252355413828094,0.23504439174836247,-13.55,0.43275
hap1-tkov3,ATOH1,0,4,0.010718821345656607,0.17866463005736968,-0.4770256558921583,1.0,0.11735431587116477,-0.16396579214378895,0.5589875503269278,-21.264,0.17000000000000004
hap1-tkov3,ATP2A2,1,4,1.5724439162628916,4.14960484354788,-5.7979417306856065e-05,0.004651027954843473,2.0950240965834417,-2.8989708653428032e-05,0.000424075916154091,62.949,3.1299166666666665
hap1-tkov3,ATP4B,0,4,0.051882072776698145,0.32168846962015113,-0.3948398318596898,1.0,0.16733733232426246,-0.09395564574576025,0.3993230710145705,-15.69,0.36591666666666667
hap1-tkov3,ATP6V0B,1,0,0.9405933528975162,3.4547235773296134,-0.0028120017393825194,0.06100452075362304,1.3158540114224602,-2.8989708653428032e-05,0.00035086702115485845,27.643,1.8995833333333334
hap1-tkov3,ATP6V0C,1,1,2.0355143659293407,4.880153971173546,-2.8989708653428032e-05,0.004651027954843473,2.362391136185986,-2.8989708653428032e-05,0.00034529385714480196,78.225,3.7476666666666665
hap1-tkov3,ATP6V1A,1,2,2.192435811413419,5.325820762037547,-2.8989708653428032e-05,0.004651027954843473,2.6448396881731364,-2.8989708653428032e-05,0.0003095885480778163,62.774,3.1630000000000003
hap1-tkov3,ATP6V1D,1,1,0.78354092952427,3.0484994650901953,-0.00663864328163502,0.10935690609203359,1.109285499539627,-2.8989708653428032e-05,0.00034529385714480196,19.961,1.6431666666666669
hap1-tkov3,ATP6V1E1,1,1,0.5854396641160082,2.5681611143859238,-0.021597332946803886,0.2726860917522157,0.7972896934183217,-2.8989708653428032e-05,0.00034529385714480196,14.156,1.4335
hap1-tkov3,ATP6V1G3,0,2,-0.4115396473640158,-1.5846518930720892,-0.9975358747644586,1.0,-0.38770825524645813,-0.9942020582693144,1.0,-47.854,-0.79775
hap1-tkov3,ATR,1,1,0.45517227593158,1.496749078627003,-0.046963328018553414,0.5110261945337481,0.7377340491470634,-5.7979417306856065e-05,0.0006414182234068933,29.812,1.999
hap1-tkov3,AURKB,1,4,1.029452444133462,2.8096162450265134,-0.001652413393245398,0.04298517917541988,1.6955700996726424,-2.8989708653428032e-05,0.000424075916154091,41.696,2.3829166666666666
hap1-tkov3,AWAT1,0,3,-0.10187265711533362,-0.6811063969990048,-0.7251775619655022,1.0,0.0010597676337777365,-0.44855776199449193,0.8282831205445006,-26.82,-0.010583333333333347
hap1-tkov3,AWAT2,0,3,-0.17879272224572923,-1.0075094944376248,-0.8707348891143644,1.0,-0.08203875578868344,-0.6929699956515437,0.9359947913870373,-33.684,-0.2515
hap1-tkov3,B3GNT6,0,2,-0.15456327246929402,-0.5595883257910886,-0.83162777214089,1.0,-0.05667939951830697,-0.6130163791853892,0.9113284187984233,-28.028,-0.08791666666666667
hap1-tkov3,BANF1,1,1,1.457693871500595,4.086791445721844,-0.00011595883461371213,0.006410070578790683,2.021447386503814,-2.8989708653428032e-05,0.00034529385714480196,65.797,3.29875
hap1-tkov3,BANF2,0,1,-0.38433017147082965,-1.8333594442275505,-0.9954486157414117,1.0,-0.321448167490259,-0.985302217712712,1.0,-48.284,-0.8218333333333334
hap1-tkov3,BARHL1,0,2,-0.22100355585954243,-1.4497693255220732,-0.9244238295405132,1.0,-0.13079052098179247,-0.7994202058269314,0.9642352814810187,-36.095,-0.3767499999999999
hap1-tkov3,BEND2,0,2,-0.0438583137798419,-0.30648374693341823,-0.5948108421510364,1.0,0.05843234904526807,-0.2840411653862879,0.7152448805367614,-23.01,0.09175
hap1-tkov3,BHLHE23,0,2,-0.1823065249685585,-1.4725459371923377,-0.8758950572546745,1.0,-0.08528304961621527,-0.6909407160458038,0.935560512923608,-33.097,-0.2694166666666667
hap1-tkov3,BIRC5,1,4,0.38229502104016383,1.906970362907472,-0.07082185824032468,0.701185183163536,0.5689390983849931,-0.00037686621249456443,0.003627126990454103,2.258,0.9967499999999998
hap1-tkov3,BIRC8,0,2,-0.19288432786095175,-1.3313132470034015,-0.8903609218727352,1.0,-0.09843903865896164,-0.724684736918394,0.943181043419834,-33.821,-0.29533333333333334
hap1-tkov3,BMP10,0,2,-0.40137780278462726,-1.8604053475101003,-0.9968401217567764,1.0,-0.3362891439596876,-0.9878533120742137,1.0,-49.87,-0.8699166666666664
hap1-tkov3,BMP15,0,4,-0.1809824646761617,-1.2041289739248506,-0.8741266850268155,1.0,-0.0843205514108304,-0.6964197709813016,0.9428934338717633,-33.147,-0.2476666666666667
hap1-tkov3,BPIFA1,0,0,-0.2268463926951659,-1.351019116347662,-0.9297579359327439,1.0,-0.14499579907596147,-0.8300913175822583,0.9835521403092338,-37.541,-0.4054166666666666
hap1-tkov3,BPIFA3,0,2,-0.06394488608009495,-0.5342405468748593,-0.640295695028265,1.0,0.03912824647905227,-0.3324829685461661,0.7571284392538079,-24.385,0.042500000000000024
hap1-tkov3,BPIFB3,0,0,-0.2272721166501829,-1.3839988736474287,-0.9301927815625453,1.0,-0.1415923914860207,-0.8235106537179301,0.9819712557183161,-36.744,-0.37725000000000003
hap1-tkov3,BPIFB6,0,4,0.030868339823027585,0.32541895241659535,-0.4359182490215973,1.0,0.14424168509320726,-0.12222061168285259,0.46884761781453704,-18.736,0.25883333333333336
hap1-tkov3,BPIFC,0,0,0.05005090283696857,0.2990515980397791,-0.39857950427598204,1.0,0.15918821049194606,-0.10137701116103782,0.4322495207649986,-15.318,0.3804166666666666
hap1-tkov3,BRDT,0,2,-0.13488386863378357,-0.5952092505536292,-0.7955645745760255,1.0,-0.028927385279820944,-0.5332367009711553,0.8793969575109499,-27.963,-0.08558333333333334
hap1-tkov3,BSND,0,3,-0.15785423981153418,-1.1028754532964926,-0.8373097550369619,1.0,-0.054154690943846395,-0.6131323380200029,0.9054693842545681,-31.464,-0.1735833333333333
hap1-tkov3,BUB1B,1,1,0.5649634484177775,2.762673499984199,-0.023945499347731554,0.2954134672749114,0.7752691165700301,-5.7979417306856065e-05,0.0006414182234068933,13.224,1.3998333333333333
hap1-tkov3,BUB3,1,2,1.6233856534707076,3.924506917068822,-5.7979417306856065e-05,0.004651027954843473,2.217190754554117,-2.8989708653428032e-05,0.0003095885480778163,81.397,3.82975
hap1-tkov3,BUD31,1,4,1.188202896013884,4.186949852462513,-0.0007537324249891289,0.02652984313017858,1.618996107475404,-2.8989708653428032e-05,0.000424075916154091,40.214,2.3308333333333335
hap1-tkov3,BYSL,1,2,0.8291790901616733,2.483548096973527,-0.005073199014349905,0.08992545056576857,1.198940653120943,-2.8989708653428032e-05,0.0003095885480778163,30.22,1.9975
hap1-tkov3,C10orf113,0,1,0.0016537331497935477,0.008550977097100964,-0.49517321350920424,1.0,0.10022181192723946,-0.19069430352224961,0.6165925483405023,-15.908,0.34758333333333336
hap1-tkov3,C10orf120,0,3,-0.2169104882578835,-1.2746911130590155,-0.9200173938251921,1.0,-0.12506149218093693,-0.7956515437019858,0.9642753266972207,-37.06,-0.37
hap1-tkov3,C10orf53,0,1,-0.06061098754786705,-0.36865658122788736,-0.632439483983186,1.0,0.03470983731535341,-0.34109291201623426,0.7806593372103334,-24.269,0.045583333333333365
hap1-tkov3,C11orf40,0,2,-0.1867872973810085,-1.728269685779829,-0.8827076387882302,1.0,-0.09341566272316816,-0.7123641107406871,0.9397226043936829,-34.391,-0.31575
hap1-tkov3,C12orf40,0,4,-0.27563436874925035,-1.549438919227156,-0.9669807218437455,1.0,-0.20050732196730223,-0.9149731845194956,0.9918182206182281,-42.908,-0.59075
hap1-tkov3,C14orf183,0,1,-0.07999381087054318,-0.7357988146951951,-0.676735758805624,1.0,0.016188401716956173,-0.3931874184664444,0.8177693294016151,-26.59,-0.038249999999999965
hap1-tkov3,C16orf78,0,4,-0.13958044192137525,-1.1061256816871652,-0.8043774460066676,1.0,-0.04091826088600967,-0.5709523119292651,0.8932524060090743,-31.091,-0.1754166666666667
hap1-tkov3,C17orf102,0,0,0.014466643071961032,0.12228370388878045,-0.468879547760545,1.0,0.11897421481937533,-0.1570662414842731,0.5578503844479527,-19.397,0.2361666666666667
hap1-tkov3,C17orf78,0,3,-0.21681600923018526,-1.0617984770560165,-0.9199014349905783,1.0,-0.1221072448154253,-0.7883171474126685,0.962828825255031,-34.752,-0.289
hap1-tkov3,C1orf109,1,0,0.42211147400104004,1.4105928388937934,-0.05676184954341209,0.5903443313768191,0.6639321889496879,-8.69691259602841e-05,0.0009316500095882112,31.312,2.029333333333333
hap1-tkov3,C20orf173,0,3,-0.06246001465939256,-0.3854531817887741,-0.6369038991158139,1.0,0.04979835291134434,-0.3161037831569793,0.7417472038242751,-27.598,-0.03791666666666672
hap1-tkov3,C2orf83,0,2,-0.42094598730982413,-2.2635488138345807,-0.9978257718509929,1.0,-0.3615029333719362,-0.9914770256558921,1.0,-53.068,-0.9844166666666667
hap1-tkov3,C3orf30,0,0,0.008772728668258158,0.07034640463888693,-0.4809682562690245,1.0,0.11521658826939117,-0.16315408030149298,0.5706587756965827,-20.102,0.21125000000000002
hap1-tkov3,C6orf10,0,0,-0.09273552368001729,-0.6023221210058315,-0.7046818379475286,1.0,0.00401627297703103,-0.4289607189447746,0.8434804907810405,-25.76,0.011166666666666686
hap1-tkov3,C7orf66,0,2,0.018499849824523008,0.1915871891245982,-0.46044354254239744,1.0,0.12747955562779717,-0.14274532540947962,0.5096085705385847,-19.204,0.228
hap1-tkov3,C7orf71,0,4,-0.2825301658066095,-1.3416954565108312,-0.9705174662994637,1.0,-0.19977841050069234,-0.9141614726771996,0.9918182206182281,-40.058,-0.4905833333333333
hap1-tkov3,C8A,0,2,-0.2857389161088938,-1.5556608118688997,-0.9719669517321351,1.0,-0.20679052070636011,-0.919611537904044,0.9930219849271483,-41.297,-0.563
hap1-tkov3,C8B,0,0,-0.0043648049721472975,-0.035608997641901965,-0.507754747064792,1.0,0.10000927934409345,-0.19083925206551675,0.6202005992790592,-22.687,0.11983333333333333
hap1-tkov3,C8orf17,0,3,-0.216999856233561,-1.4189365700259151,-0.9200463835338455,1.0,-0.12121320413699722,-0.7864907957675026,0.9625749896822393,-36.79,-0.36049999999999993
hap1-tkov3,C8orf86,0,0,0.027384743354793205,0.1766232925251735,-0.44307870705899405,1.0,0.14371711626904438,-0.12039426003768662,0.47921527876066955,-18.844,0.2557499999999999
hap1-tkov3,C9orf53,0,0,-0.26502913181084703,-1.9727020118761998,-0.9600231917669227,1.0,-0.18237994180129433,-0.892042324974634,0.9939634325163405,-40.85,-0.5224166666666668
hap1-tkov3,CABP2,0,0,-0.29989452743952105,-1.4352147554225207,-0.9782867082185824,1.0,-0.2354168301369755,-0.949268009856501,1.0,-42.238,-0.5715
hap1-tkov3,CABP5,0,1,0.029612387527626356,0.2227961145253255,-0.4383243948398319,1.0,0.14279242434771586,-0.12375706624148428,0.4886534160867398,-19.309,0.22475000000000003
hap1-tkov3,CABS1,0,1,-0.07441126433695074,-0.6257449058419878,-0.6645890708798377,1.0,0.019847472253206284,-0.38185244238295407,0.8095500836050444,-25.967,-0.01575
hap1-tkov3,CACNG2,0,3,0.05308341077814695,0.3603320621219143,-0.39272358312798955,1.0,0.17679134719999454,-0.08714306421220466,0.3777221483960527,-17.075,0.3314166666666666
hap1-tkov3,CACNG3,0,1,0.348677951913265,1.9642166719715275,-0.08557761994491955,0.8091870675383922,0.5076344172592268,-0.0006377735903754167,0.005926552323925007,1.232,0.9666666666666667
hap1-tkov3,CACNG5,0,2,-0.2501908910355183,-1.6274105137639947,-0.9494419481084215,1.0,-0.16557444619849976,-0.8627917089433251,0.9781668348403596,-39.491,-0.4983333333333333
hap1-tkov3,CATSPER4,0,0,-0.04960688893714247,-0.31137398708646014,-0.6077402522104652,1.0,0.0481479271753727,-0.30543557037251773,0.7528722712898118,-22.843,0.11433333333333331
hap1-tkov3,CCDC155,0,2,-0.07141549939845124,-0.4453261299976701,-0.6579504275982027,1.0,0.033230142982507184,-0.34897811276996665,0.7729997220867029,-25.067,0.018083333333333368
hap1-tkov3,CCDC172,0,3,-0.20051343241782385,-1.0817074142403125,-0.900913175822583,1.0,-0.10742851053681349,-0.7548050442093057,0.9522436250075265,-35.536,-0.3165
hap1-tkov3,CCDC83,0,2,-0.04915324934804908,-0.4758836110589044,-0.6068995506595158,1.0,0.05463341349374937,-0.29323090302942456,0.7225504814362331,-24.129,0.05166666666666664
hap1-tkov3,CCDC84,1,4,1.3326210921270767,3.7215848531800417,-0.0003478765038411364,0.01625969122424954,2.3170679283718076,-2.8989708653428032e-05,0.000424075916154091,54.613,2.8369166666666668
hap1-tkov3,CCKAR,0,0,-0.19335234281017166,-1.8009067563534202,-0.891027685171764,1.0,-0.10424659393110815,-0.7401362516306711,0.9626423716893665,-35.229,-0.32366666666666666
hap1-tkov3,CCL1,0,4,-0.06368748509860614,-0.45248065043242536,-0.6397448905638499,1.0,0.04027771581485988,-0.3320771126250181,0.7580852364584629,-24.666,0.05041666666666666
hap1-tkov3,CCNA2,1,4,0.9174909308088118,3.546240560573947,-0.0032468473691839397,0.06734012167039462,1.260002441228993,-2.8989708653428032e-05,0.000424075916154091,32.857,2.07225
hap1-tkov3,CCNH,1,0,1.291115415466142,4.354072296014817,-0.0004348456298014205,0.0173606078175581,1.6575727021525901,-2.8989708653428032e-05,0.00035086702115485845,46.135,2.5535
hap1-tkov3,CCNK,1,1,0.7143496086228724,2.301224907249059,-0.010262356863313523,0.1529774147118136,1.0422749715322204,-2.8989708653428032e-05,0.00034529385714480196,32.006,2.07825
hap1-tkov3,CCT2,1,4,1.844740903447498,4.451635441529516,-5.7979417306856065e-05,0.004651027954843473,2.268054781627951,-2.8989708653428032e-05,0.000424075916154091,68.229,3.3155
hap1-tkov3,CCT3,1,1,1.3376113348528293,4.180296283977675,-0.0003188867951877084,0.015235015392250433,1.7072180645799098,-2.8989708653428032e-05,0.00034529385714480196,46.435,2.599416666666667
hap1-tkov3,CCT4,1,0,0.6568540562988066,2.4768464958005647,-0.0145818234526743,0.20087277083727925,0.9169892097473091,-2.8989708653428032e-05,0.00035086702115485845,22.333,1.7118333333333333
hap1-tkov3,CCT5,1,2,1.3113068340706495,4.063718131263282,-0.00040585592114799246,0.0173606078175581,1.7409746123945198,-2.8989708653428032e-05,0.0003095885480778163,48.303,2.6449166666666666
hap1-tkov3,CCT6A,1,2,1.8802878328277413,4.713201653523616,-5.7979417306856065e-05,0.004651027954843473,2.3793855935741752,-2.8989708653428032e-05,0.0003095885480778163,69.824,3.4154166666666663
hap1-tkov3,CCT7,1,0,0.45453068759599063,1.2432209738375701,-0.04736918393970141,0.5144687124735707,0.698745709929931,-5.7979417306856065e-05,0.0006361138742311365,25.604,1.8275000000000001
hap1-tkov3,CCT8,1,2,1.2069496127745167,3.8333381749691062,-0.0006667632990288448,0.024792669676644955,1.6531224238763005,-2.8989708653428032e-05,0.0003095885480778163,42.005,2.4194166666666668
hap1-tkov3,CCT8L2,0,0,-0.014960932662671303,-0.10241865775085367,-0.5313813596173358,1.0,0.08247909617293626,-0.22559791274097696,0.666133744400553,-21.049,0.17775
hap1-tkov3,CD200R1L,0,4,-0.11992448823350882,-0.6588677591666205,-0.7637628641832149,1.0,-0.0199308696127193,-0.5049427453254095,0.860929680962369,-29.406,-0.11616666666666661
hap1-tkov3,CDC123,1,3,1.9433793931727144,5.826637050689566,-5.7979417306856065e-05,0.004651027954843473,2.3749456451376454,-2.8989708653428032e-05,0.0002993925180513014,68.693,3.3415833333333333
hap1-tkov3,CDC16,1,1,1.0246307387759166,3.7664677096558234,-0.001652413393245398,0.04298517917541988,1.3460518168799034,-2.8989708653428032e-05,0.00034529385714480196,30.092,2.0090833333333333
hap1-tkov3,CDC20,1,2,0.6109569811416732,2.8170408758484093,-0.01887230033338165,0.246583760492298,0.8664612215673532,-2.8989708653428032e-05,0.0003095885480778163,17.309,1.5352499999999998
hap1-tkov3,CDC27,1,1,0.6411754746075193,2.2818361980737585,-0.01591535005073199,0.21579563075862787,0.9326602555079833,-2.8989708653428032e-05,0.00034529385714480196,13.759,1.4191666666666665
hap1-tkov3,CDC37,1,4,1.044309890060811,3.452749595033197,-0.0016234236845919698,0.0428777768578219,1.496151542142866,-2.8989708653428032e-05,0.000424075916154091,35.657,2.1706666666666665
hap1-tkov3,CDC5L,1,4,0.4648459825606473,1.621464466889177,-0.044586171908972315,0.49104578985571234,0.7097701623889751,-5.7979417306856065e-05,0.000629704666430319,21.975,1.68975
hap1-tkov3,CDC73,1,3,1.0268927482327999,3.2098762016360025,-0.001652413393245398,0.04298517917541988,1.4485888726054572,-2.8989708653428032e-05,0.0002993925180513014,45.072,2.5125833333333336
hap1-tkov3,CDCP2,0,1,-0.2109141358011595,-1.3469277428309607,-0.9134947093781708,1.0,-0.12345696457276033,-0.7860849398463545,0.9740453039774155,-34.639,-0.329
hap1-tkov3,CDK1,1,1,1.1907169364668286,2.8573135737011417,-0.0006957530076822728,0.024792669676644955,1.7292302597223193,-2.8989708653428032e-05,0.00034529385714480196,60.972,3.1245
hap1-tkov3,CDK7,1,3,1.178994268379326,3.728712733592567,-0.000840701550949413,0.029057273846141332,1.6511205768413104,-2.8989708653428032e-05,0.0002993925180513014,46.02,2.5458333333333334
hap1-tkov3,CDK9,1,0,0.925269504957024,2.6427479068453263,-0.0030439194086099436,0.06449444476694803,1.2065775836564971,-2.8989708653428032e-05,0.00035086702115485845,63.484,3.167
hap1-tkov3,CDT1,1,0,1.0135210839301532,3.0348315399207015,-0.001855341353819394,0.04532644049437763,1.4125172735282223,-2.8989708653428032e-05,0.00035086702115485845,55.705,2.8919166666666665
hap1-tkov3,CDX2,0,1,0.15144302506524807,0.603939940829231,-0.24278880997245977,1.0,0.28940852596437794,-0.017857660530511667,0.11970115474921676,-7.579,0.6484166666666668
hap1-tkov3,CDX4,0,0,-0.11404484121837066,-0.6280606161989707,-0.751297289462241,1.0,-0.01758501512900074,-0.4948253370053631,0.8788232506777363,-26.09,-0.0004999999999999918
hap1-tkov3,CEACAM7,0,3,-0.007907355659345812,-0.07915126426165255,-0.5152920713146832,1.0,0.10593943297142491,-0.19107116973474417,0.6005840102815988,-21.764,0.16683333333333333
hap1-tkov3,CEBPZ,1,4,1.2792077137173654,4.756979568632226,-0.0004348456298014205,0.0173606078175581,1.6888458687499777,-2.8989708653428032e-05,0.000424075916154091,38.65,2.2758333333333334
hap1-tkov3,CELA2A,0,1,-0.06000080871685294,-0.45106730015611146,-0.6310479779678214,1.0,0.03665327923306172,-0.3353529497028555,0.7753796660898518,-24.555,0.03524999999999999
hap1-tkov3,CENPA,1,0,0.5204900373861672,2.1108050237765177,-0.03185968981011741,0.37379868718033665,0.758575852283739,-5.7979417306856065e-05,0.0006361138742311365,12.586,1.3671666666666666
hap1-tkov3,CENPC,1,0,1.171298956445145,3.6183672356651475,-0.000898680968256269,0.0303021518270105,1.6175190454624138,-2.8989708653428032e-05,0.00035086702115485845,33.174,2.0951666666666666
hap1-tkov3,CER1,0,1,-0.16690112367815094,-1.0831491497683856,-0.8524133932453979,1.0,-0.07588490692396291,-0.6633425134077402,0.9362301202645927,-31.386,-0.21149999999999997
hap1-tkov3,CETN1,0,3,-0.24272226092831312,-1.277049902239362,-0.943586026960429,1.0,-0.15718327299616952,-0.8594868821568343,0.9814334121132762,-38.497,-0.42041666666666666
hap1-tkov3,CFHR5,0,0,-0.23708670971475254,-1.2820198183509515,-0.9393535294970285,1.0,-0.15924308839122567,-0.8569357877953326,0.9886677462461831,-39.247,-0.4657499999999999
hap1-tkov3,CFL1,1,2,1.135433401947493,3.667999838634481,-0.0009856500942165532,0.03113462852555475,1.614737060002419,-2.8989708653428032e-05,0.0003095885480778163,40.699,2.3726666666666665
hap1-tkov3,CHAF1A,1,0,0.5409151903601701,2.121847051299523,-0.027888099724597767,0.3344826536509998,0.7793834586409086,-5.7979417306856065e-05,0.0006361138742311365,17.524,1.54175
hap1-tkov3,CHAF1B,1,3,1.5712594909576765,4.2897357258461515,-5.7979417306856065e-05,0.004651027954843473,2.014441883723599,-2.8989708653428032e-05,0.0002993925180513014,60.808,3.0648333333333335
hap1-tkov3,CHAT,0,0,-0.09674627950903751,-0.5665883532655203,-0.7138135961733585,1.0,-0.0022380247036435912,-0.44794897811276996,0.8546231736014913,-25.579,0.017583333333333367
hap1-tkov3,CHEK1,1,1,0.8692371866406281,2.430920674077536,-0.004174518046093637,0.07842909884638012,1.429725866128405,-2.8989708653428032e-05,0.00034529385714480196,40.028,2.368
hap1-tkov3,CHERP,1,2,1.3667408895604711,4.0774605727059825,-0.00020292796057399623,0.010115313687918246,2.321187100463441,-2.8989708653428032e-05,0.0003095885480778163,46.737,2.588833333333333
hap1-tkov3,CHMP2A,1,3,0.850293501709447,3.6755053278761287,-0.004464415132627917,0.08122127404265156,1.176368919637022,-2.8989708653428032e-05,0.0002993925180513014,21.939,1.7006666666666668
hap1-tkov3,CHRNA6,0,0,-0.05828247899559576,-0.6117695156799027,-0.6274822438034497,1.0,0.03812488446505684,-0.3310044934048413,0.7740792539326505,-24.811,0.044749999999999984
hap1-tkov3,CHRNB3,0,4,-0.01678007365424334,-0.12099529328929744,-0.5351500217422815,1.0,0.09424803405293695,-0.20556602406145819,0.6202196986235563,-20.673,0.19075000000000003
hap1-tkov3,CIAO1,1,3,1.778404296112742,5.106422657140481,-5.7979417306856065e-05,0.004651027954843473,2.170351507795476,-2.8989708653428032e-05,0.0002993925180513014,69.196,3.3592500000000003
hap1-tkov3,CINP,1,1,0.7900776377012523,2.6523152769841594,-0.006435715321061023,0.10860741892596816,1.1953985407297116,-2.8989708653428032e-05,0.00034529385714480196,20.826,1.6744166666666667
hap1-tkov3,CKAP5,1,2,1.0643376818613839,3.591252609389723,-0.0015654442672851138,0.0428777768578219,1.494313004425483,-2.8989708653428032e-05,0.0003095885480778163,36.914,2.2371666666666665
hap1-tkov3,CLCA1,0,3,-0.26616268304406177,-1.488608153335308,-0.9606029859399913,1.0,-0.17974627956734704,-0.8940716045803739,0.9900900006291798,-40.774,-0.5003333333333333
hap1-tkov3,CLDN17,0,4,-0.18856048118684993,-0.6880236578848267,-0.8850847948978112,1.0,-0.08547788909210194,-0.6993477315552978,0.9428934338717633,-23.891,0.07766666666666672
hap1-tkov3,CLEC2A,0,0,-0.22558750004302422,-1.6427861042476213,-0.9287432961298739,1.0,-0.1388044481638512,-0.8181765473256993,0.981302381709562,-37.074,-0.3889166666666667
hap1-tkov3,CLEC3A,0,4,-0.07744632125120751,-0.7058420056531053,-0.6714596318307001,1.0,0.026870100492546584,-0.3692998985360197,0.7856474665885027,-25.65,0.01583333333333334
hap1-tkov3,CLEC6A,0,0,-0.005911522330358259,-0.033427923228971146,-0.5109726047253225,1.0,0.09231963906430687,-0.20498622988838963,0.6394280171613412,-20.788,0.18700000000000003
hap1-tkov3,CLNS1A,1,3,0.28608122160312194,0.9018115604867727,-0.11984345557327149,1.0,0.541745781596126,-0.0005218147557617046,0.004864723833849794,29.62,1.97025
hap1-tkov3,CLP1,1,1,1.0807505941549458,3.89041781231966,-0.0014494854326714017,0.04132111612774159,1.4326623026214607,-2.8989708653428032e-05,0.00034529385714480196,35.79,2.2149166666666664
hap1-tkov3,CLRN1,0,2,0.026488014375555674,0.23405679024264897,-0.4447890998695463,1.0,0.13865195369986028,-0.12607624293375852,0.47373354289292663,-18.091,0.26783333333333337
hap1-tkov3,CLTC,1,3,1.0525776219045961,3.9400413620848647,-0.001594433975938542,0.0428777768578219,1.4557085960010028,-2.8989708653428032e-05,0.0002993925180513014,32.681,2.077666666666667
hap1-tkov3,CMPK1,1,1,1.4627021815704635,5.1848705677200275,-0.00011595883461371213,0.006410070578790683,1.8783979696681452,-2.8989708653428032e-05,0.00034529385714480196,44.924,2.544833333333333
hap1-tkov3,CMTR1,1,0,0.6811221025705739,2.5320294909796277,-0.01252355413828091,0.17921665871529513,1.0044696314676822,-2.8989708653428032e-05,0.00035086702115485845,24.662,1.7941666666666665
hap1-tkov3,CNBD1,0,4,0.09673012870788614,0.3938372491300214,-0.31836498043194666,1.0,0.23327602419436855,-0.04287577909842006,0.23670888671909435,-14.094,0.42199999999999993
hap1-tkov3,CNGA2,0,4,-0.39969132542818114,-1.5777411893396511,-0.9967241629221626,1.0,-0.34846668884520243,-0.9908682417741702,1.0,-47.944,-0.7677499999999999
hap1-tkov3,CNGB3,0,0,-0.25406572128471777,-1.4331087184557187,-0.9521090013045369,1.0,-0.16966739090976493,-0.8742136541527757,0.9916640820923016,-38.269,-0.4311666666666667
hap1-tkov3,CNOT3,1,3,0.5595372676733349,2.183513403910713,-0.024844180315987823,0.3049733650603858,0.8515371572161249,-2.8989708653428032e-05,0.0002993925180513014,17.176,1.5335
hap1-tkov3,CNPY1,0,2,-0.2585833235058385,-1.7431618854973134,-0.955297869256414,1.0,-0.17183424197827613,-0.8722133642556892,0.980292185509124,-39.095,-0.48416666666666663
hap1-tkov3,CNTNAP5,0,4,-0.07284664197704788,-0.5958420776504574,-0.6608783881721989,1.0,0.02343428761214595,-0.3789534715176113,0.7928922143957591,-32.656,-0.23041666666666666
hap1-tkov3,COA5,1,4,0.9477347561937529,3.0300732546113016,-0.002580084070155095,0.05668625472352219,1.9266193569616643,-2.8989708653428032e-05,0.000424075916154091,45.705,2.523833333333333
hap1-tkov3,COL20A1,0,0,-0.04558021373569986,-0.30029366914809674,-0.5984635454413683,1.0,0.050189085210027844,-0.29995651543701984,0.7487121968966247,-22.906,0.11208333333333331
hap1-tkov3,COPA,1,2,1.696380491386575,4.92071412033069,-5.7979417306856065e-05,0.004651027954843473,2.066808416801233,-2.8989708653428032e-05,0.0003095885480778163,70.045,3.4233333333333333
hap1-tkov3,COPB1,1,0,0.9216200813544606,3.296760942566733,-0.0031598782432236557,0.06629978109595912,1.2471840828750729,-2.8989708653428032e-05,0.00035086702115485845,23.227,1.7434166666666666
hap1-tkov3,COPB2,1,3,1.057832392909937,3.4013683034205964,-0.0015654442672851138,0.0428777768578219,1.6423246677444545,-2.8989708653428032e-05,0.0002993925180513014,37.783,2.25675
hap1-tkov3,COPS3,1,4,0.664614428132007,2.907974236727831,-0.01371213219307146,0.19149242423797852,0.918092375292001,-5.7979417306856065e-05,0.000629704666430319,17.508,1.53275
hap1-tkov3,COPS6,1,3,1.0611404668728215,3.8490476934657423,-0.0015654442672851138,0.0428777768578219,1.4738975960214118,-2.8989708653428032e-05,0.0002993925180513014,38.925,2.2968333333333333
hap1-tkov3,COPZ1,1,1,0.2651250963283965,1.1322885955683941,-0.13425134077402523,1.0,0.42282839505244446,-0.0021452384403536744,0.01815452766475948,2.517,1.0130833333333333
hap1-tkov3,COQ4,1,4,0.9514606689429989,3.2809694709179147,-0.002522104652848239,0.056272624770599716,1.779815555353684,-2.8989708653428032e-05,0.000424075916154091,31.098,2.0104166666666665
hap1-tkov3,COX10,1,2,1.2974474086984447,3.781129633538194,-0.0004348456298014205,0.0173606078175581,1.7820098811797822,-2.8989708653428032e-05,0.0003095885480778163,47.849,2.6286666666666667
hap1-tkov3,COX11,1,3,1.052400988840751,3.668259643833885,-0.001594433975938542,0.0428777768578219,1.5191880971124898,-2.8989708653428032e-05,0.0002993925180513014,32.657,2.076833333333333
hap1-tkov3,COX15,1,4,0.7596253886959454,2.962464797946995,-0.008088128714306421,0.1279779412253604,1.062122993639439,-2.8989708653428032e-05,0.000424075916154091,23.329,1.7373333333333334
hap1-tkov3,COX4I1,1,0,0.7780861127099102,3.066348102674872,-0.006870560950862444,0.11210649453124369,1.07037504274613,-2.8989708653428032e-05,0.00035086702115485845,21.445,1.680416666666667
hap1-tkov3,COX5B,1,0,1.8396198045539804,5.532866244248728,-5.7979417306856065e-05,0.004651027954843473,2.1855875315013953,-2.8989708653428032e-05,0.00035086702115485845,64.305,3.1959999999999993
hap1-tkov3,COX6B1,1,0,0.888533942584921,3.7146239753161434,-0.003797651833599072,0.07367615430155591,1.1947354283019351,-2.8989708653428032e-05,0.00035086702115485845,23.799,1.7636666666666665
hap1-tkov3,COX7B2,0,1,-0.17837978574736588,-0.9824181483056963,-0.8701261052326424,1.0,-0.08884110727836962,-0.700507319901435,0.9512542722545827,-30.761,-0.18891666666666668
hap1-tkov3,CPSF1,1,0,2.0880053790294686,5.639425651419836,-2.8989708653428032e-05,0.004651027954843473,2.525804324822184,-2.8989708653428032e-05,0.00035086702115485845,79.507,3.7335833333333333
hap1-tkov3,CPSF2,1,2,1.2281774525143054,3.5866200873868253,-0.0005797941730685607,0.021977384841568057,1.7218360218679758,-2.8989708653428032e-05,0.0003095885480778163,50.025,2.7065833333333336
hap1-tkov3,CPSF3,1,0,0.9004901729922001,2.451986773674392,-0.003478765038411364,0.0694424312702324,1.3819584167783605,-2.8989708653428032e-05,0.00035086702115485845,45.063,2.5155833333333333
hap1-tkov3,CPSF4,1,0,1.7315325034932185,5.546042015389693,-5.7979417306856065e-05,0.004651027954843473,2.1747657607377238,-2.8989708653428032e-05,0.00035086702115485845,57.31,2.948666666666666
hap1-tkov3,CPXCR1,0,4,-0.35280272790900785,-1.5515107118088007,-0.9915060153645456,1.0,-0.2814738517374589,-0.9714451369763734,1.0,-46.289,-0.7095833333333335
hap1-tkov3,CRNKL1,1,4,0.6697308475197442,2.807433181806891,-0.013335265980576895,0.1866828996485468,0.961133731429219,-5.7979417306856065e-05,0.000629704666430319,15.796,1.4725833333333331
hap1-tkov3,CRNN,0,2,-0.06516621012516464,-0.421468685314515,-0.6431076967676475,1.0,0.036203254454280534,-0.3406580663864328,0.765046669928668,-24.017,0.055666666666666656
hap1-tkov3,CRX,0,4,-0.09709809551762857,-0.4407469924601652,-0.7143354109291201,1.0,0.008969068462439982,-0.42104652848238877,0.8187114697042104,-28.149,-0.07199999999999995
hap1-tkov3,CRYGB,0,4,-0.28051016310290355,-1.703378942440493,-0.969589795622554,1.0,-0.19146217397570317,-0.9046238585302218,0.9904535197111625,-41.009,-0.524
hap1-tkov3,CSE1L,1,4,1.1871755587840511,3.8785416051553554,-0.0007537324249891289,0.02652984313017858,1.582941588600967,-2.8989708653428032e-05,0.000424075916154091,38.685,2.277083333333333
hap1-tkov3,CSN2,0,3,-0.47383996656734084,-1.2453357506297866,-0.9992172778663574,1.0,-0.4640281271366359,-0.9987534425279025,1.0,-47.451,-0.7346666666666667
hap1-tkov3,CSN3,0,0,-0.12316021708552699,-1.0552325610409894,-0.7701116103783157,1.0,-0.02943387302928906,-0.5302217712711987,0.8943485229751935,-30.502,-0.1565
hap1-tkov3,CST11,0,4,-0.20366339471500766,-0.9708911312555357,-0.9047977967821423,1.0,-0.11900741634759625,-0.7803159878243223,0.9652926296088142,-35.627,-0.33483333333333326
hap1-tkov3,CST5,0,0,-0.14083821512733752,-1.2950681483446815,-0.8067256124075953,1.0,-0.046560003751808084,-0.5818524423829541,0.915257070061485,-30.825,-0.1679166666666667
hap1-tkov3,CST8,0,2,-0.07801665359167756,-0.33745147952768006,-0.6725322510508769,1.0,0.027575994083287692,-0.3644876068995507,0.7809090380368386,-22.835,0.098
hap1-tkov3,CST9,0,1,0.05595901368702191,0.28798683682655185,-0.3866357443107697,1.0,0.16723399876653258,-0.09354978982461226,0.4112804550357093,-14.969,0.38149999999999995
hap1-tkov3,CST9L,0,4,-0.25989782988314375,-1.5695375483512553,-0.9564864473112045,1.0,-0.16870964946488334,-0.8731120452239455,0.9837697422079694,-42.192,-0.5655833333333333
hap1-tkov3,CSTL1,0,4,-0.4274766532740994,-1.7034419755509564,-0.9981156689375271,1.0,-0.40254943959682177,-0.9961153790404407,1.0,-50.594,-0.8609166666666668
hap1-tkov3,CTCFL,0,3,-0.1897355188272909,-0.7684892340116898,-0.8863023626612553,1.0,-0.09004408371739099,-0.7133207711262501,0.939375957084346,-31.26,-0.1664166666666667
hap1-tkov3,CTDP1,1,0,0.21924280534774201,0.8668312240985941,-0.17048847659081026,1.0,0.3773040066659993,-0.0046383533845484855,0.03705311756521896,7.272,1.17925
hap1-tkov3,CTPS1,1,1,1.4921352445363691,4.189569947224445,-0.00011595883461371213,0.006410070578790683,1.9532238717113648,-2.8989708653428032e-05,0.00034529385714480196,56.748,2.9719166666666665
hap1-tkov3,CTR9,1,3,0.7047777133945423,3.3016218236411436,-0.01092912016234237,0.16069440361459408,1.0112863578535172,-2.8989708653428032e-05,0.0002993925180513014,18.223,1.5702500000000001
hap1-tkov3,CTRB1,0,1,-0.14258545284338014,-1.3144540867531964,-0.810494274532541,1.0,-0.048610632821337284,-0.5840266705319611,0.9076680730858789,-30.579,-0.18233333333333335
hap1-tkov3,CXorf66,0,1,-0.19825778544205813,-1.2527290547164946,-0.8978112769966662,1.0,-0.10637659551171429,-0.7450934918104073,0.9613410310400109,-32.888,-0.26575
hap1-tkov3,CYLC2,0,3,-0.15765934613119953,-0.8924898461864085,-0.8369908682417742,1.0,-0.058505033996142056,-0.6265255834178867,0.9109226815343668,-31.224,-0.16516666666666666
hap1-tkov3,CYP11B1,0,4,-0.24573711380375446,-1.5070232458443154,-0.946021162487317,1.0,-0.15297192570839582,-0.8486737208291056,0.9802593996801818,-37.829,-0.41224999999999995
hap1-tkov3,CYP11B2,0,4,-0.046695432533947534,-0.34896224876041076,-0.6011016089288302,1.0,0.06004824627731125,-0.2812871430642122,0.7104787438766458,-23.692,0.08466666666666664
hap1-tkov3,CYP26C1,0,3,-0.19739603844436804,-1.2954855833424932,-0.8964777503986084,1.0,-0.10211290850195347,-0.7433251195825482,0.9504135471450966,-36.172,-0.3388333333333333
hap1-tkov3,CYP2A13,0,3,0.04314102100209619,0.26784658301805614,-0.4122046673430932,1.0,0.158318291600071,-0.10731990143499058,0.4305527657709427,-16.75,0.3428333333333333
hap1-tkov3,CYP7A1,0,3,-0.14965130394634493,-0.749397117419887,-0.823568633135237,1.0,-0.05067904287980325,-0.603246847369184,0.9023589225131238,-30.801,-0.15033333333333337
hap1-tkov3,DAD1,1,2,1.1263184432805438,2.9777080815818877,-0.0010726192201768372,0.0333925337371659,1.6838255202107604,-2.8989708653428032e-05,0.0003095885480778163,50.687,2.73025
hap1-tkov3,DAZL,0,3,-0.37978108618812434,-1.9557425635824752,-0.9950137701116104,1.0,-0.3156233685372909,-0.9857950427598202,1.0,-51.316,-0.8703333333333334
hap1-tkov3,DBR1,1,1,1.8740794993984955,4.607965397957875,-5.7979417306856065e-05,0.004651027954843473,2.335584837816173,-2.8989708653428032e-05,0.00034529385714480196,72.9,3.5553333333333335
hap1-tkov3,DCAF4L2,0,1,-0.13392284054033815,-0.8510882360396148,-0.7933613567183649,1.0,-0.0373524739860534,-0.5511813306276272,0.8951171223522878,-28.399,-0.10358333333333333
hap1-tkov3,DCAF8L1,0,3,-0.1801006947142488,-1.2239633828134728,-0.8727351790114509,1.0,-0.07928983693561832,-0.6852877228583852,0.932570520437259,-33.461,-0.2436666666666667
hap1-tkov3,DCTN5,1,3,0.6334176296109899,1.6296536467714708,-0.016698072184374548,0.22464247345078614,2.370898943898228,-2.8989708653428032e-05,0.0002993925180513014,50.033,2.686666666666666
hap1-tkov3,DDB1,1,3,0.6570825635305954,1.6873249404258317,-0.0145818234526743,0.20087277083727925,1.2149331110378379,-2.8989708653428032e-05,0.0002993925180513014,29.204,1.9556666666666667
hap1-tkov3,DDI1,0,4,-0.21888875514996664,-1.5701837961268348,-0.9219307145963183,1.0,-0.12626042716263475,-0.7957095231192927,0.9677996111632153,-37.042,-0.38458333333333333
hap1-tkov3,DDOST,1,4,1.5356866187612779,4.4422975347848705,-8.69691259602841e-05,0.005952208394591349,2.0500518949853754,-2.8989708653428032e-05,0.000424075916154091,51.201,2.717
hap1-tkov3,DDX10,1,1,0.636597263911798,2.33082200800655,-0.01637918538918684,0.22104210517003553,0.864745693541294,-2.8989708653428032e-05,0.00034529385714480196,28.202,1.9408333333333332
hap1-tkov3,DDX18,1,4,0.9112658349413135,3.139472449344397,-0.003304826786490796,0.06745366578296658,1.2306045719874115,-2.8989708653428032e-05,0.000424075916154091,27.679,1.89025
hap1-tkov3,DDX20,1,1,0.4586709585793969,1.4993180840199114,-0.046006667632990286,0.5022006308013819,0.7905704527937156,-2.8989708653428032e-05,0.00034529385714480196,9.784,1.275583333333333
hap1-tkov3,DDX21,1,4,0.40815256345340056,1.4880075197031994,-0.06183504855776199,0.6295567192890915,0.6471009096734944,-0.0001739382519205682,0.0018269872295213396,10.438,1.28425
hap1-tkov3,DDX27,1,2,0.49404061819338696,1.7576607062818879,-0.037106827076387884,0.42104042538583014,0.8733942435755779,-2.8989708653428032e-05,0.0003095885480778163,5.031,1.0956666666666668
hap1-tkov3,DDX4,0,4,-0.3460846425520055,-1.8127903516763635,-0.9904333961443688,1.0,-0.2688099122689005,-0.9660240614581823,1.0,-47.062,-0.73675
hap1-tkov3,DDX41,1,3,0.809445707925737,3.344782210006867,-0.00573996231337875,0.0986027191422742,1.1086353338725636,-2.8989708653428032e-05,0.0002993925180513014,30.786,2.011166666666667
hap1-tkov3,DDX47,1,0,0.6429357627255297,2.2212087234856654,-0.01579939121611828,0.21456070890109605,0.9438943451641884,-2.8989708653428032e-05,0.00035086702115485845,21.264,1.6739999999999997
hap1-tkov3,DDX49,1,4,0.9486152899438034,2.535851277882473,-0.002580084070155095,0.05668625472352219,1.5341655376355512,-2.8989708653428032e-05,0.000424075916154091,34.107,2.1161666666666665
hap1-tkov3,DDX55,1,0,1.7159983655757445,3.201035516890272,-5.7979417306856065e-05,0.004651027954843473,2.2274825544138412,-2.8989708653428032e-05,0.00035086702115485845,66.97,3.2902500000000003
hap1-tkov3,DDX56,1,2,1.0969937758026338,3.6590817701397453,-0.0012755471807508335,0.03760574739557201,1.5256718007804375,-2.8989708653428032e-05,0.0003095885480778163,36.702,2.2295833333333333
hap1-tkov3,DEFA5,0,1,-0.4349271328799718,-1.2640264615651047,-0.9982606174807943,1.0,-0.42143741796926215,-0.9973329468038846,1.0,-45.437,-0.7190000000000001
hap1-tkov3,DEFA6,0,4,-0.16368723965233745,-1.4131217679108692,-0.8473691839397014,1.0,-0.06726210372340699,-0.6487896796637194,0.9257321169390028,-33.268,-0.2519166666666667
hap1-tkov3,DEFB118,0,3,-0.03910212390468969,-0.29591890445506314,-0.5842585882011886,1.0,0.070965982181451,-0.2645890708798377,0.6956353209549635,-23.362,0.11075000000000002
hap1-tkov3,DEFB123,0,4,0.08094055981220669,0.9666014138132761,-0.3421655312364111,1.0,0.19872022872060544,-0.06461806058849108,0.3122632925104247,-15.533,0.3714166666666667
hap1-tkov3,DEFB126,0,2,-0.2810586908176106,-2.2098125855655972,-0.9699086824177418,1.0,-0.19505472054993453,-0.9055515292071314,0.9891451133138335,-41.63,-0.5749166666666666
hap1-tkov3,DEFB129,0,2,-0.24540227691530786,-1.312956604296196,-0.9457892448180896,1.0,-0.15417649262036817,-0.8443542542397449,0.9752596988262041,-36.642,-0.39633333333333337
hap1-tkov3,DGAT2L6,0,2,-0.2066965240373981,-1.4581358520411105,-0.908363530946514,1.0,-0.11593064298774827,-0.7666618350485578,0.9576447697587017,-35.676,-0.36174999999999996
hap1-tkov3,DGCR8,1,0,1.4988694566155547,4.148555165806158,-0.00011595883461371213,0.006410070578790683,2.03700793512121,-2.8989708653428032e-05,0.00035086702115485845,55.538,2.886
hap1-tkov3,DHODH,1,1,1.1762141713323027,4.18124137594024,-0.000869691259602841,0.02970210921657465,1.5452387703263648,-2.8989708653428032e-05,0.00034529385714480196,33.603,2.1359166666666667
hap1-tkov3,DHPS,1,4,1.2512742062613373,3.470188250460603,-0.0004348456298014205,0.0173606078175581,1.804571509927861,-2.8989708653428032e-05,0.000424075916154091,44.657,2.4869999999999997
hap1-tkov3,DHX15,1,2,2.4673104384147835,7.439877522638648,-2.8989708653428032e-05,0.004651027954843473,2.80865302080551,-2.8989708653428032e-05,0.0003095885480778163,83.117,3.891333333333333
hap1-tkov3,DHX33,1,3,1.1424199708556326,2.7044287420216433,-0.0009856500942165532,0.03113462852555475,1.6872986893546642,-2.8989708653428032e-05,0.0002993925180513014,55.776,2.88825
hap1-tkov3,DHX37,1,2,2.116639004823381,5.817925689443243,-2.8989708653428032e-05,0.004651027954843473,2.559984207889291,-2.8989708653428032e-05,0.0003095885480778163,75.149,3.6060833333333338
hap1-tkov3,DHX8,1,3,0.7880524859295515,3.2469975315263557,-0.006522684447021307,0.10922013461920047,1.1141101854135145,-2.8989708653428032e-05,0.0002993925180513014,20.132,1.6372499999999999
hap1-tkov3,DHX9,1,2,1.6927651503003514,5.599892175625327,-5.7979417306856065e-05,0.004651027954843473,2.0708114463763776,-2.8989708653428032e-05,0.0003095885480778163,58.354,3.00475
hap1-tkov3,DIMT1,1,0,0.903928257916717,3.1899496130446754,-0.003420785621104508,0.06884281167700053,1.2042891736176453,-2.8989708653428032e-05,0.00035086702115485845,29.295,1.958
hap1-tkov3,DIRC1,0,4,-0.15662369508905633,-1.1197589773695018,-0.8352224960139151,1.0,-0.05804603911217614,-0.6222930859544862,0.9170886826845274,-32.443,-0.22291666666666668
hap1-tkov3,DIS3,1,1,2.029369350288158,1.1432522922843171,-2.8989708653428032e-05,0.004651027954843473,2.5346034700897704,-2.8989708653428032e-05,0.00034529385714480196,37.541,2.2781666666666665
hap1-tkov3,DKC1,1,4,2.0279549733115614,6.0128563353848365,-2.8989708653428032e-05,0.004651027954843473,2.4294731101689373,-2.8989708653428032e-05,0.000424075916154091,68.326,3.3189166666666665
hap1-tkov3,DLST,1,2,0.6871332747200879,2.408373291979961,-0.012117698217132917,0.1748903273229217,0.9767491346065463,-2.8989708653428032e-05,0.0003095885480778163,31.621,2.0476666666666667
hap1-tkov3,DMAP1,1,4,1.7985712738526376,5.003832182597305,-5.7979417306856065e-05,0.004651027954843473,2.3251599367974642,-2.8989708653428032e-05,0.000424075916154091,58.653,2.9789166666666667
hap1-tkov3,DMP1,0,0,-0.13298580969292076,-0.7778582568907878,-0.7910421800260907,1.0,-0.03628761900673755,-0.5510943615016669,0.9025749350531729,-28.725,-0.09366666666666665
hap1-tkov3,DMRT1,0,3,-0.2538402654646211,-1.1899209644037376,-0.9519350630526163,1.0,-0.15979499676237643,-0.8640382664154225,0.9831146184741567,-37.578,-0.3881666666666666
hap1-tkov3,DMRTB1,0,0,-0.05237217993511032,-0.28111166184627373,-0.6139440498622989,1.0,0.045760228557589634,-0.31161037831569793,0.758479492849038,-21.558,0.15975
hap1-tkov3,DMRTC2,0,2,-0.042814605722547305,-0.3350169497017498,-0.5922597477895347,1.0,0.0606932519431739,-0.27833019278156257,0.7091683904422529,-23.138,0.08716666666666667
hap1-tkov3,DNAJA3,1,2,1.1429249945391478,3.4735120732438314,-0.0009856500942165532,0.03113462852555475,1.5594988932349603,-2.8989708653428032e-05,0.0003095885480778163,42.303,2.430083333333333
hap1-tkov3,DNAJC9,1,3,1.4591449402075705,5.258511189139468,-0.00011595883461371213,0.006410070578790683,1.8483077832846846,-2.8989708653428032e-05,0.0002993925180513014,46.82,2.5739166666666664
hap1-tkov3,DNM2,1,2,0.734875089794566,2.079862821743814,-0.009218727351790114,0.14259676290253281,1.8545974773407115,-2.8989708653428032e-05,0.0003095885480778163,27.462,1.89875
hap1-tkov3,DNMT1,1,3,0.22640929582648323,1.1801621488295084,-0.16396579214378895,1.0,0.38756706563952154,-0.00516016814031019,0.040490181945373,-4.911,0.7583333333333333
hap1-tkov3,DOLK,1,2,1.71938552161187,5.034420893733611,-5.7979417306856065e-05,0.004651027954843473,2.092283962246068,-2.8989708653428032e-05,0.0003095885480778163,70.054,3.4236666666666666
hap1-tkov3,DONSON,1,3,1.1791862717476649,4.424637705421442,-0.000840701550949413,0.029057273846141332,1.5488891246455743,-2.8989708653428032e-05,0.0002993925180513014,35.449,2.1748333333333334
hap1-tkov3,DPAGT1,1,3,1.9114283510293997,5.763862994732605,-5.7979417306856065e-05,0.004651027954843473,2.377485765521581,-2.8989708653428032e-05,0.0002993925180513014,69.41,3.36675
hap1-tkov3,DPRX,0,3,-0.1707026533737778,-1.2032435628559381,-0.858443252645311,1.0,-0.0698686763591838,-0.6597767792433686,0.9230189758470968,-33.325,-0.23891666666666667
hap1-tkov3,DRD3,0,1,0.3267210071409438,2.3349790591724444,-0.0974054210755182,0.8959740252210465,0.4722426104457201,-0.0011016089288302653,0.009885249321298431,-1.096,0.8825833333333333
hap1-tkov3,DRGX,0,1,0.035105100568424565,0.2733281896444903,-0.42704739817364834,1.0,0.1375059902490588,-0.13054065806638643,0.5021040877945956,-17.569,0.28758333333333336
hap1-tkov3,DSCR4,0,4,-0.2466835736509363,-1.6138840570919621,-0.9467169154949993,1.0,-0.15076084509326157,-0.8448180895781997,0.9789285272918609,-38.033,-0.41941666666666666
hap1-tkov3,DSG4,0,1,-0.15295927584090968,-0.8857624735516347,-0.8286708218582404,1.0,-0.059125358014604085,-0.6148427308305552,0.9219066820950822,-28.556,-0.10925000000000001
hap1-tkov3,DSPP,0,1,-0.07996733681369741,-0.5280179678337502,-0.6766487896796637,1.0,0.014959452013205171,-0.3961733584577475,0.8179676680423649,-26.581,-0.037916666666666696
hap1-tkov3,DTL,1,1,1.189145877341315,3.5309777779450537,-0.0006957530076822728,0.024792669676644955,1.5910270982907997,-2.8989708653428032e-05,0.00034529385714480196,47.829,2.64975
hap1-tkov3,DTX2,0,1,0.08227512448121126,0.393510639091209,-0.3405710972604725,1.0,0.19434582786691373,-0.06809682562690245,0.3341768876826884,-11.22,0.5169166666666667
hap1-tkov3,DTYMK,1,3,0.9962209766871941,3.2263523237767187,-0.0018843310624728222,0.04532644049437763,1.4130436576010281,-2.8989708653428032e-05,0.0002993925180513014,39.958,2.3330833333333336
hap1-tkov3,DUSP21,0,0,-0.40473408435680647,-1.5242203382134067,-0.9970720394260038,1.0,-0.38867716611412373,-0.9960863893317872,1.0,-49.956,-0.8444166666666667
hap1-tkov3,DUXA,0,4,0.006004521645072574,0.03568526932676461,-0.4859544861574141,1.0,0.11284615151088827,-0.17187998260617482,0.5726123353310212,-19.035,0.24833333333333335
hap1-tkov3,DYNAP,0,3,-0.10922754143235476,-0.7706587393832723,-0.741353819394115,1.0,-0.005316618643492943,-0.46624148427308304,0.8349685338991528,-29.702,-0.11174999999999996
hap1-tkov3,DYNC1I2,1,2,1.8020225284199032,5.520184951528313,-5.7979417306856065e-05,0.004651027954843473,2.2312928271247943,-2.8989708653428032e-05,0.0003095885480778163,59.126,3.0324166666666663
hap1-tkov3,ECD,1,1,0.9310016452704164,3.231561697361517,-0.002956950282649659,0.06342180668719748,1.3297265830066878,-2.8989708653428032e-05,0.00034529385714480196,33.1,2.11775
hap1-tkov3,EEF2,1,2,0.48423399629625186,1.3489319257042236,-0.03957095231192927,0.44345692951516835,0.8628665962306425,-2.8989708653428032e-05,0.0003095885480778163,48.149,2.6394166666666665
hap1-tkov3,EFCAB3,0,4,-0.3443360459263688,-1.4605821076360208,-0.9900565299318742,1.0,-0.2729610370255271,-0.967763443977388,1.0,-43.676,-0.61775
hap1-tkov3,EFTUD2,1,0,1.337328928543094,4.3349963581127975,-0.0003188867951877084,0.015235015392250433,1.7190050900229248,-2.8989708653428032e-05,0.00035086702115485845,44.356,2.4905833333333334
hap1-tkov3,EGR4,0,1,-0.018135687561823377,-0.11340462249703244,-0.5383098999855052,1.0,0.08543357183936462,-0.22052471372662705,0.6567759864692,-20.458,0.18324999999999997
hap1-tkov3,EIF2B1,1,0,1.045188629783417,3.47260748965529,-0.0016234236845919698,0.0428777768578219,1.3943707687144522,-2.8989708653428032e-05,0.00035086702115485845,35.377,2.1730833333333335
hap1-tkov3,EIF2B3,1,4,1.2120517903546755,3.844267330769815,-0.0006087838817219887,0.022875153830194204,1.7020897727706294,-2.8989708653428032e-05,0.000424075916154091,49.392,2.653416666666667
hap1-tkov3,EIF2B5,1,1,1.0534958423653478,3.3260306928576635,-0.001594433975938542,0.0428777768578219,1.4069173664438421,-2.8989708653428032e-05,0.00034529385714480196,44.382,2.52525
hap1-tkov3,EIF2S1,1,4,2.164119375630007,1.3082487570917183,-2.8989708653428032e-05,0.004651027954843473,2.5656722378481116,-2.8989708653428032e-05,0.000424075916154091,54.883,2.846416666666667
hap1-tkov3,EIF2S3,1,1,1.428044638771561,4.303392252929583,-0.00011595883461371213,0.006410070578790683,1.945450130123379,-2.8989708653428032e-05,0.00034529385714480196,49.737,2.7186666666666666
hap1-tkov3,EIF3A,1,2,2.0906834543586745,6.369022356794476,-2.8989708653428032e-05,0.004651027954843473,2.5500180537559336,-2.8989708653428032e-05,0.0003095885480778163,76.558,3.6565
hap1-tkov3,EIF3B,1,0,1.0821229616988284,3.5950026816653584,-0.0014204957240179735,0.041037336268237835,1.500153080360768,-2.8989708653428032e-05,0.00035086702115485845,34.611,2.1460000000000004
hap1-tkov3,EIF3D,1,4,1.5292294547942302,5.074333028242351,-8.69691259602841e-05,0.005952208394591349,1.9851473851564905,-2.8989708653428032e-05,0.000424075916154091,57.107,2.9245833333333335
hap1-tkov3,EIF3G,1,3,0.915718162297711,2.8016777557518995,-0.003275837077837368,0.06734012167039462,1.2792443010433785,-2.8989708653428032e-05,0.0002993925180513014,42.304,2.4154166666666663
hap1-tkov3,EIF3I,1,3,1.819114348897113,5.37790747522381,-5.7979417306856065e-05,0.004651027954843473,2.1911441151548496,-2.8989708653428032e-05,0.0002993925180513014,73.117,3.4968333333333335
hap1-tkov3,EIF4A3,1,2,1.7518217856675173,4.67990004640048,-5.7979417306856065e-05,0.004651027954843473,2.2551642379942867,-2.8989708653428032e-05,0.0003095885480778163,62.08,3.1381666666666668
hap1-tkov3,EIF5B,1,4,0.9608919991901247,3.2087801567182677,-0.0023771561095810986,0.054088141717605814,1.4287106907216967,-2.8989708653428032e-05,0.000424075916154091,46.424,2.5490833333333334
hap1-tkov3,EIF6,1,0,0.9972057111957838,2.570754563686443,-0.0018843310624728222,0.04532644049437763,2.641035306467914,-2.8989708653428032e-05,0.00035086702115485845,50.097,2.693583333333333
hap1-tkov3,ELAC2,1,2,0.9144773943692378,2.8218529739353087,-0.003275837077837368,0.06734012167039462,1.3445379589632982,-2.8989708653428032e-05,0.0003095885480778163,34.338,2.1449166666666666
hap1-tkov3,ELL,1,3,0.9306891426889582,3.3360490777041796,-0.002956950282649659,0.06342180668719748,1.3060052053717188,-2.8989708653428032e-05,0.0002993925180513014,29.931,1.9811666666666667
hap1-tkov3,ENTHD1,0,4,-0.22554641636810976,-1.6435386968812513,-0.928685316712567,1.0,-0.13859025677321904,-0.8209595593564285,0.9735022004623903,-38.574,-0.43841666666666657
hap1-tkov3,EPRS,1,1,0.7009189396553598,1.9251017280701554,-0.01104507899695608,0.16184747447791123,1.1218345773170062,-2.8989708653428032e-05,0.00034529385714480196,24.107,1.7929166666666667
hap1-tkov3,ERCC2,1,2,1.5198609932233917,4.28044668398601,-8.69691259602841e-05,0.005952208394591349,2.0579229833090635,-2.8989708653428032e-05,0.0003095885480778163,54.141,2.8539166666666667
hap1-tkov3,ERCC3,1,0,0.7510689392927595,2.818450337024864,-0.008436005218147557,0.13214875749081828,1.0473813822929472,-2.8989708653428032e-05,0.00035086702115485845,22.3,1.7106666666666668
hap1-tkov3,ERH,1,4,1.00203732460143,2.939098291797091,-0.0018843310624728222,0.04532644049437763,1.4460806942023257,-2.8989708653428032e-05,0.000424075916154091,46.528,2.55275
hap1-tkov3,ESX1,0,3,-0.02360242766439607,-0.18235400954678818,-0.5496158863603421,1.0,0.09116196335965128,-0.22020582693143934,0.6395672474476646,-22.415,0.14400000000000002
hap1-tkov3,EVX1,0,4,-0.12356785240004105,-0.8641317687984522,-0.7708943325119583,1.0,-0.020980594482189426,-0.5081026235686331,0.8624036542209566,-29.033,-0.10308333333333335
hap1-tkov3,EXOSC2,1,0,1.5807680859566626,4.2773680432095285,-5.7979417306856065e-05,0.004651027954843473,2.138429099268774,-2.8989708653428032e-05,0.00035086702115485845,55.246,2.8756666666666666
hap1-tkov3,EXOSC3,1,4,1.6402735265511066,5.336446897961019,-5.7979417306856065e-05,0.004651027954843473,2.0902848752526753,-2.8989708653428032e-05,0.000424075916154091,53.337,2.7920833333333333
hap1-tkov3,EXOSC4,1,2,1.6244420307276495,4.229077812768619,-5.7979417306856065e-05,0.004651027954843473,2.245633364373517,-2.8989708653428032e-05,0.0003095885480778163,67.299,3.325
hap1-tkov3,EXOSC6,1,1,0.8731565016774562,2.8746238791518803,-0.0040585592114799245,0.07675216087762528,1.3100853944126385,-2.8989708653428032e-05,0.00034529385714480196,41.839,2.433416666666667
hap1-tkov3,EXOSC7,1,4,1.8155057944990254,6.191273474877072,-5.7979417306856065e-05,0.004651027954843473,2.233160285421725,-2.8989708653428032e-05,0.000424075916154091,56.68,2.909583333333333
hap1-tkov3,EXOSC8,1,4,1.038836064640371,2.970515747841023,-0.0016234236845919698,0.0428777768578219,1.5655783462226966,-2.8989708653428032e-05,0.000424075916154091,46.393,2.548
hap1-tkov3,F13B,0,2,-0.25360861005547225,-1.210424507707071,-0.9517611248006957,1.0,-0.16772452981625763,-0.8660965357298159,0.9787424290218933,-34.331,-0.3135833333333334
hap1-tkov3,F9,0,4,-0.16620601886587877,-1.245470136617907,-0.8513987534425279,1.0,-0.06742463801267683,-0.6491375561675605,0.925839362997359,-31.987,-0.20691666666666667
hap1-tkov3,FABP2,0,2,-0.13825234416702706,-0.9311681872153014,-0.8017393825192057,1.0,-0.043201020234641827,-0.5742861284244093,0.8943854111097169,-30.462,-0.17508333333333329
hap1-tkov3,FAM106A,0,3,0.14342945869712953,0.7104793318692729,-0.2527032903319322,1.0,0.2923025047540738,-0.019510073923757067,0.12621539571006682,-13.027,0.4734999999999999
hap1-tkov3,FAM47A,0,1,-0.1374148475479261,-1.0435478978154822,-0.8001739382519205,1.0,-0.04478696490583123,-0.5728656327003914,0.9036229712075773,-29.79,-0.15383333333333338
hap1-tkov3,FAM47B,0,1,-0.23802625083734683,-1.5041883747022025,-0.9399623133787506,1.0,-0.15350936640006,-0.8455718220031889,0.9836488071016456,-36.988,-0.4138333333333333
hap1-tkov3,FAM47C,0,1,-0.3460620809995011,-2.19262287985916,-0.9904333961443688,1.0,-0.2730783881035464,-0.9690679808667922,1.0,-46.217,-0.7471666666666668
hap1-tkov3,FAM71A,0,0,-0.13013831881759705,-1.3276329250538372,-0.7856500942165531,1.0,-0.038218942710920537,-0.5567763443977388,0.9049398414373301,-30.261,-0.14800000000000002
hap1-tkov3,FAM71B,0,1,-0.009353805446999135,-0.06878320792938225,-0.5189157848963618,1.0,0.10063547256446011,-0.1898825916799536,0.6152873268018023,-20.681,0.1751666666666667
hap1-tkov3,FAM71C,0,3,-0.18363977573357815,-1.0749011073105932,-0.8778083780258008,1.0,-0.0855611771613051,-0.7022467024206407,0.9378985064017444,-33.943,-0.2605833333333334
hap1-tkov3,FARS2,1,2,1.595234745206421,4.310769537793171,-5.7979417306856065e-05,0.004651027954843473,2.2187461321370487,-2.8989708653428032e-05,0.0003095885480778163,60.504,3.08175
hap1-tkov3,FARSA,1,4,2.396276980182374,0.8667234122989101,-2.8989708653428032e-05,0.004651027954843473,2.7927785638064972,-2.8989708653428032e-05,0.000424075916154091,50.407,2.6890833333333335
hap1-tkov3,FARSB,1,4,1.328150570690771,3.3582373931645733,-0.00037686621249456443,0.016970787380923637,2.786355601088182,-2.8989708653428032e-05,0.000424075916154091,50.808,2.703166666666667
hap1-tkov3,FAU,1,1,0.8455168402074559,2.5814571999100484,-0.0045513842585882015,0.08262918348196917,1.2463571117054397,-2.8989708653428032e-05,0.00034529385714480196,39.791,2.3594166666666667
hap1-tkov3,FCRL4,0,2,0.0015026074316126787,0.007897793832948849,-0.4955210900130454,1.0,0.10954023423141218,-0.17234381794462966,0.5682305157887646,-19.16,0.2295833333333333
hap1-tkov3,FEZF1,0,1,0.0472998823960451,0.24085097245361042,-0.40376866212494567,1.0,0.15550629483332598,-0.10714596318307001,0.4474446554523992,-15.243,0.3715833333333333
hap1-tkov3,FEZF2,0,2,-0.03667882162415245,-0.2972278857284832,-0.5785186258878098,1.0,0.06686201062275589,-0.2633715031163937,0.6951931813403366,-22.77,0.10033333333333337
hap1-tkov3,FFAR1,0,4,-0.08616285444089408,-0.4935677964090357,-0.6898391071169735,1.0,0.01198401273794654,-0.41182780113059864,0.8132349537553738,-25.553,0.01925000000000001
hap1-tkov3,FGF3,0,0,-0.38950980615294634,-1.6941469496017993,-0.9958544716625598,1.0,-0.32277225378298224,-0.9875054355703725,1.0,-48.106,-0.779
hap1-tkov3,FGF4,0,2,-0.008503086786377666,-0.08423564017656715,-0.5167995361646616,1.0,0.09780320067242075,-0.19373822293085954,0.5982816707051987,-21.573,0.1431666666666667
hap1-tkov3,FGF6,0,2,0.0392391876825134,0.18661159330590313,-0.4193361356718365,1.0,0.14979905537751667,-0.11126250181185679,0.43972144105157973,-16.841,0.3125833333333333
hap1-tkov3,FIGLA,0,3,-0.057574433961742374,-0.5688372985666565,-0.6258588201188579,1.0,0.05027962163065515,-0.31465429772430786,0.7400576398269655,-25.086,0.050249999999999996
hap1-tkov3,FLG2,0,2,-0.16922903298015027,-1.191925061790714,-0.8561530656616901,1.0,-0.07155791371553337,-0.6536889404261487,0.9214298515796978,-31.079,-0.19716666666666663
hap1-tkov3,FMR1NB,0,1,-0.18420956298990698,-1.5673366188222704,-0.8784751413248297,1.0,-0.09629393407754708,-0.7201043629511523,0.9550302163630753,-34.469,-0.3228333333333333
hap1-tkov3,FNDC7,0,2,-0.06006158847822725,-0.44783193723616826,-0.631221916219742,1.0,0.04094009523213821,-0.32755471807508335,0.7530046433090551,-24.397,0.04208333333333336
hap1-tkov3,FNDC9,0,4,0.16744450970936206,1.104209408337215,-0.2228728801275547,1.0,0.3089142309032306,-0.014987679373822293,0.10290306773897814,-8.532,0.6175
hap1-tkov3,FNTA,1,1,0.2263637334941055,1.2181488833740166,-0.16402377156109582,1.0,0.3780040546924388,-0.004667343093201913,0.037250192655462006,-3.253,0.8046666666666666
hap1-tkov3,FNTB,1,3,1.2310197085095957,4.23747333224268,-0.0005797941730685607,0.021977384841568057,1.6426106023516795,-2.8989708653428032e-05,0.0002993925180513014,41.202,2.37675
hap1-tkov3,FOXB1,0,2,-0.2916506153155576,-1.4877103983833695,-0.9750398608493984,1.0,-0.20568745980902575,-0.9182490215973329,0.9925758875027795,-40.494,-0.53425
hap1-tkov3,FOXB2,0,1,-0.24634888252168174,-1.1234763150927616,-0.9465139875344253,1.0,-0.15944368860759092,-0.8556602406145818,0.9850742955063163,-29.804,-0.15433333333333335
hap1-tkov3,FOXE3,0,2,-0.2051486607936336,-0.8382497516443458,-0.9065081895926946,1.0,-0.11832446529229071,-0.7730105812436585,0.9605629308511905,-32.387,-0.24399999999999997
hap1-tkov3,FOXN1,0,4,-0.035700201850527497,-0.2168158357551358,-0.5766053051166836,1.0,0.06672737831923234,-0.26519785476155966,0.6958004970545486,-21.693,0.15491666666666667
hap1-tkov3,FOXR1,0,1,-0.16316064285477297,-0.8748579654187324,-0.8464415132627917,1.0,-0.07193740014618005,-0.6520075373242499,0.9332509528412019,-30.41,-0.17625
hap1-tkov3,FRMD7,0,2,0.028273154977024532,0.22294923683739454,-0.44107841716190754,1.0,0.13789374407189742,-0.1270908827366285,0.47588720246605115,-17.349,0.29441666666666666
hap1-tkov3,FSCB,0,0,-0.29724016773553036,-1.5665466143145184,-0.977446006667633,1.0,-0.21566240189669417,-0.9306856066096536,0.9996598224497174,-41.394,-0.5416666666666666
hap1-tkov3,FTSJ3,1,3,1.4344652936431495,4.247956886025165,-0.00011595883461371213,0.006410070578790683,1.8312769975903551,-2.8989708653428032e-05,0.0002993925180513014,58.488,2.9834166666666664
hap1-tkov3,FUT5,0,3,-0.04060766848609848,-0.3455634937343907,-0.5877663429482534,1.0,0.0727451903697301,-0.26041455283374404,0.6908290435752977,-24.051,0.08658333333333332
hap1-tkov3,FUT9,0,2,-0.18337847852589453,-1.2237171435205474,-0.8775474706479199,1.0,-0.08724208780761722,-0.696042904768807,0.9366925701113933,-32.56,-0.25016666666666665
hap1-tkov3,G6PC,0,4,0.015416103475055001,0.10333614954403231,-0.4667632990288448,1.0,0.12598543105767057,-0.1494129583997681,0.527728353608916,-17.093,0.3165833333333333
hap1-tkov3,GABPA,1,2,0.5984912100612563,2.1102107048107754,-0.020147847514132483,0.2591274616526793,0.9119501439338186,-2.8989708653428032e-05,0.0003095885480778163,22.518,1.7217500000000001
hap1-tkov3,GABRA1,0,1,-0.3758663760154466,-1.3705101312899466,-0.9947528627337295,1.0,-0.32377508570708496,-0.9859689810117408,1.0,-43.026,-0.6319166666666667
hap1-tkov3,GABRA6,0,1,-0.21649191345617033,-2.170551582977675,-0.9194375996521235,1.0,-0.12877948296008337,-0.7979997101029135,0.9763709089473267,-36.667,-0.40225
hap1-tkov3,GALNTL5,0,4,-0.2694911913917408,-1.7548803887302102,-0.9631830700101464,1.0,-0.1878535785493552,-0.9003333816495144,0.9902811216285718,-42.861,-0.5890833333333334
hap1-tkov3,GALR3,0,4,-0.16319288639744498,-1.1112096509545752,-0.846528482388752,1.0,-0.06819012711567961,-0.651543701985795,0.9265128381279704,-33.263,-0.2517499999999999
hap1-tkov3,GAPDH,1,2,0.8855386425744427,3.4243311025864953,-0.0038266415422525003,0.07398888641169156,1.2088485668205227,-2.8989708653428032e-05,0.0003095885480778163,30.241,1.99825
hap1-tkov3,GART,1,1,0.6957312857325288,2.395668338757823,-0.011363965792143788,0.16553574156849993,1.0021246532333112,-2.8989708653428032e-05,0.00034529385714480196,29.861,2.00075
hap1-tkov3,GBP7,0,0,-0.4144378356975689,-1.8693520173008125,-0.9975358747644586,1.0,-0.3671408538418722,-0.9942600376866213,1.0,-51.926,-0.9140833333333334
hap1-tkov3,GCG,0,4,-0.11291560000681307,-0.696565517677227,-0.7490360921872735,1.0,-0.012740323160204046,-0.4844760110160893,0.8520858195870645,-28.36,-0.07941666666666668
hap1-tkov3,GCM2,0,0,0.02049045973460032,0.11999593135474428,-0.4563270039136107,1.0,0.1212922708446207,-0.15323959994202058,0.5502546556422094,-17.51,0.3029166666666666
hap1-tkov3,GDF2,0,0,-0.14217694982408974,-0.9929237739891829,-0.8095955935642847,1.0,-0.04884445718520313,-0.5886650239165097,0.9177172256610361,-30.389,-0.15249999999999997
hap1-tkov3,GEMIN5,1,0,1.5137938446971544,3.5642186803142275,-8.69691259602841e-05,0.005952208394591349,1.9799351645702186,-2.8989708653428032e-05,0.00035086702115485845,67.248,3.3000833333333333
hap1-tkov3,GEMIN8,1,0,1.3781215332852865,4.492061134766455,-0.00020292796057399623,0.010115313687918246,1.7223709707919008,-2.8989708653428032e-05,0.00035086702115485845,48.452,2.635416666666667
hap1-tkov3,GFM1,1,3,0.9121657301732077,3.2384999598874695,-0.003304826786490796,0.06745366578296658,1.2919044316311277,-2.8989708653428032e-05,0.0002993925180513014,32.047,2.055416666666667
hap1-tkov3,GFRA4,0,2,0.09823501240839869,0.655209468898783,-0.31590085519640526,1.0,0.21870642000324414,-0.04786200898680968,0.2509045802417953,-13.38,0.4365
hap1-tkov3,GFRAL,0,3,0.06838935294553596,0.29223586088950027,-0.36500942165531236,1.0,0.17962733214351229,-0.08467893897666329,0.37117826372857143,-14.344,0.42725
hap1-tkov3,GGPS1,1,1,1.7522743895387818,5.301953026722068,-5.7979417306856065e-05,0.004651027954843473,2.201132586596402,-2.8989708653428032e-05,0.00034529385714480196,62.329,3.1734999999999993
hap1-tkov3,GH2,0,1,-0.3892483764397663,-2.0207534642716753,-0.9958254819539064,1.0,-0.32283717497176934,-0.9856500942165531,1.0,-49.07,-0.85025
hap1-tkov3,GHRH,0,3,0.02323868494895695,0.22907158960010704,-0.4510508769386868,1.0,0.1412565112337804,-0.130105812436585,0.48350246651449724,-19.666,0.24050000000000005
hap1-tkov3,GHSR,0,0,-0.05104201661743359,-0.37615532113912165,-0.6109291201623424,1.0,0.04715363663709873,-0.30763878823017826,0.7549219186386442,-22.73,0.11833333333333332
hap1-tkov3,GIF,0,0,-0.08352308763503774,-0.8662542864856784,-0.6844760110160892,1.0,0.010801692135662809,-0.40776924191911873,0.8279722292652508,-27.318,-0.04391666666666665
hap1-tkov3,GINS2,1,4,1.397635065862574,3.70398002824319,-0.00014494854326714017,0.007787936217222326,2.622350960707046,-2.8989708653428032e-05,0.000424075916154091,54.193,2.822166666666667
hap1-tkov3,GINS3,1,0,1.1749653734173642,3.821136591081239,-0.000869691259602841,0.02970210921657465,1.6373866566793467,-2.8989708653428032e-05,0.00035086702115485845,42.817,2.436166666666667
hap1-tkov3,GINS4,1,4,0.5145330031647297,2.0194317358373595,-0.0329902884476011,0.38392949045598934,0.753242444017254,-5.7979417306856065e-05,0.000629704666430319,12.32,1.3504166666666668
hap1-tkov3,GJA8,0,3,0.025258062448282197,0.1978649869730188,-0.44696332801855343,1.0,0.14024461161440804,-0.13193216408175099,0.4878717911487906,-18.704,0.27425
hap1-tkov3,GJA9,0,2,-0.07164453580601705,-0.5246779214698386,-0.6584142629366575,1.0,0.03258805151103596,-0.35051456732859837,0.7729997220867029,-23.505,0.074
hap1-tkov3,GK2,0,3,-0.25852212248685025,-1.426749937219886,-0.9552688795477605,1.0,-0.1807575289468658,-0.8949702855486302,0.9900931696508803,-41.092,-0.5115
hap1-tkov3,GKN2,0,1,0.00024375811786073236,0.0019610816507930453,-0.49781127699666616,1.0,0.1047699458720036,-0.1822003188867952,0.6042893453846765,-19.872,0.20441666666666666
hap1-tkov3,GLRA1,0,2,-0.19186406632664482,-1.0861776494619975,-0.888853457022757,1.0,-0.1036353040281116,-0.736947383678794,0.9474350864329817,-35.073,-0.34016666666666673
hap1-tkov3,GLRA2,0,1,-0.199180445446003,-1.2333947921296748,-0.8991737933033773,1.0,-0.11071249057505643,-0.7548630236266125,0.9647179958565457,-33.91,-0.3026666666666667
hap1-tkov3,GLT6D1,0,3,0.052718515424074484,0.4319262056094353,-0.3932743875924047,1.0,0.16767508752347068,-0.09656471952456878,0.4023802168736984,-17.92,0.30174999999999996
hap1-tkov3,GML,0,2,0.07945557221636011,0.5914091226335979,-0.3444847079286853,1.0,0.20310359714869966,-0.05783446876358893,0.2849917379330338,-15.51,0.36025
hap1-tkov3,GMPPB,1,4,2.158459652149329,5.209483297286569,-2.8989708653428032e-05,0.004651027954843473,2.5670359210515534,-2.8989708653428032e-05,0.000424075916154091,64.433,3.182083333333334
hap1-tkov3,GMPS,1,4,0.949411578240499,3.245638378529059,-0.002580084070155095,0.05668625472352219,1.2874067631596244,-2.8989708653428032e-05,0.000424075916154091,40.264,2.3325833333333335
hap1-tkov3,GNL3,1,2,1.6690153986608662,4.765652575102144,-5.7979417306856065e-05,0.004651027954843473,2.1777113531354773,-2.8989708653428032e-05,0.0003095885480778163,57.932,2.989666666666667
hap1-tkov3,GOLGA6L2,0,4,-0.18599080874861795,-0.7685060705564307,-0.8815190607334397,1.0,-0.09324009263056983,-0.7193796202348166,0.9468208417422072,-32.808,-0.23575000000000002
hap1-tkov3,GOT1L1,0,0,-0.0706486054111512,-0.5291145568889561,-0.6561530656616901,1.0,0.025695926240585427,-0.3651543701985795,0.8028699183444223,-24.98,0.038750000000000034
hap1-tkov3,GPN3,1,3,2.9264431567866436,6.100680070561419,-2.8989708653428032e-05,0.004651027954843473,3.378178637966632,-2.8989708653428032e-05,0.0002993925180513014,96.257,4.309
hap1-tkov3,GPR101,0,2,-0.12134619929940144,-0.8646445060066379,-0.7665168865052906,1.0,-0.02051923342873799,-0.506740107261922,0.8649788826154363,-27.362,-0.06408333333333333
hap1-tkov3,GPR119,0,2,0.05534503787491326,0.43869245770282245,-0.3878823017828671,1.0,0.1707871641746527,-0.08656327003913611,0.3740808615296869,-16.166,0.33675000000000005
hap1-tkov3,GPR139,0,1,-0.19690825847447696,-1.2734173855609703,-0.8957530076822728,1.0,-0.10600787216489965,-0.7442817799681113,0.9612600396945195,-33.687,-0.29458333333333336
hap1-tkov3,GPR144,0,3,-0.193062431181419,-1.2174495217942576,-0.8905928395419626,1.0,-0.09526121516962241,-0.7262501811856791,0.9430997291806034,-35.674,-0.3213333333333333
hap1-tkov3,GPR148,0,3,-0.1277702441752901,-0.8998163911670505,-0.7804319466589361,1.0,-0.023589100023763764,-0.5219597043049717,0.8640730907405386,-29.113,-0.09108333333333335
hap1-tkov3,GPR151,0,2,0.35578517992631487,2.1780656610446028,-0.08201188578054791,0.7814690574901159,0.5412997974538073,-0.0003188867951877084,0.0029825599547735394,0.504,0.9335833333333333
hap1-tkov3,GPR152,0,0,-0.0032179498280084516,-0.016024781462854486,-0.5048847659081026,1.0,0.10030982506400037,-0.1902594578924482,0.619789433776689,-17.463,0.3045833333333333
hap1-tkov3,GPR26,0,4,0.0005053276510566348,0.004499839980334637,-0.49749239020147845,1.0,0.10958570030468304,-0.17770691404551384,0.5836814219278189,-20.662,0.19116666666666668
hap1-tkov3,GPR31,0,3,-0.15280725926684383,-0.705405582926543,-0.8284389041890129,1.0,-0.053758731674562306,-0.6121176982171329,0.9050907575792081,-31.481,-0.17416666666666664
hap1-tkov3,GPR32,0,3,-0.23887744743420614,-1.1881490848658962,-0.9407450355123931,1.0,-0.15277165806168644,-0.8518915784896361,0.9799302414109579,-37.842,-0.3974166666666667
hap1-tkov3,GPR45,0,3,0.17980075129728232,1.1764155877455207,-0.21008841861139296,1.0,0.3379804304620437,-0.010987099579649225,0.07928640437247288,-10.707,0.5549166666666667
hap1-tkov3,GPR50,0,0,-0.19958505713706154,-1.2935842291977702,-0.899695608059139,1.0,-0.11126751480520675,-0.7575880562400348,0.969153034117481,-34.732,-0.3060833333333334
hap1-tkov3,GPR52,0,0,0.034506677792662165,0.32326655340379445,-0.4281200173938252,1.0,0.13987702848653263,-0.12506160313088854,0.4895454991371844,-18.236,0.27725
hap1-tkov3,GPR78,0,3,-0.04796454280791065,-0.18869523713850084,-0.6040585592114799,1.0,0.06951264623429003,-0.26789389766632843,0.6992079378104066,-21.154,0.18825000000000003
hap1-tkov3,GPRC6A,0,3,-0.24402475628547232,-1.5154742355246666,-0.9447746050152196,1.0,-0.14852083419036924,-0.8444412233657052,0.9778955582088228,-38.326,-0.41441666666666666
hap1-tkov3,GPS1,1,4,0.7339278788675483,1.8899322502244555,-0.009276706769096971,0.14285300147019236,1.3635362882504263,-2.8989708653428032e-05,0.000424075916154091,46.58,2.5545833333333334
hap1-tkov3,GPX5,0,0,-0.2835686851993071,-1.877426902905757,-0.9709233222206117,1.0,-0.201577394950239,-0.9159878243223656,0.9976383120137613,-41.585,-0.5484166666666667
hap1-tkov3,GPX6,0,4,-0.35664574270964977,-2.1232102836352307,-0.9919698507030005,1.0,-0.28523491469074413,-0.9729526018263517,1.0,-49.196,-0.81175
hap1-tkov3,GRK1,0,2,-0.1890778350435924,-1.1065331762073418,-0.8854906508189593,1.0,-0.09828067783105673,-0.724278880997246,0.943181043419834,-33.463,-0.2825
hap1-tkov3,GRM4,0,3,-0.11424666023233224,-0.7192880003246702,-0.7517321350920423,1.0,-0.00970936516608889,-0.47914190462385853,0.841009610120872,-28.427,-0.06699999999999998
hap1-tkov3,GRM5,0,2,0.04236842519417185,0.22695399345907435,-0.4136541527757646,1.0,0.15866802026269144,-0.099492680098565,0.4091440757415238,-14.556,0.39441666666666664
hap1-tkov3,GRM6,0,4,-0.20440239996631906,-1.4347247628244664,-0.905725467459052,1.0,-0.10826393043372787,-0.7564574576025511,0.9588199399089866,-34.935,-0.3105
hap1-tkov3,GRPEL1,1,1,1.8652715476014439,5.076291343987084,-5.7979417306856065e-05,0.004651027954843473,2.2935879183952776,-2.8989708653428032e-05,0.00034529385714480196,63.63,3.2205
hap1-tkov3,GRWD1,1,2,0.7745209029698418,2.5786729108871342,-0.007102478620089868,0.11512824131643791,1.1637013960734337,-2.8989708653428032e-05,0.0003095885480778163,36.933,2.2378333333333336
hap1-tkov3,GSC2,0,4,-0.16490856030270165,-0.8160495479225308,-0.8492245252935208,1.0,-0.06064007366151933,-0.6300913175822583,0.9202220953142275,-28.294,-0.07708333333333327
hap1-tkov3,GSPT1,1,2,0.8230940843368217,3.1309739433330064,-0.005218147557617046,0.09183407237369509,1.1874533539164516,-2.8989708653428032e-05,0.0003095885480778163,22.472,1.7200833333333334
hap1-tkov3,GSX1,0,3,-0.05743796122592328,-0.5580037008618285,-0.6254819539063632,1.0,0.04807652529054593,-0.3205681982896072,0.7462339323190247,-27.273,-0.026499999999999968
hap1-tkov3,GSX2,0,2,0.0023899596535243758,0.016869156524298067,-0.4935497898246123,1.0,0.10989499107949284,-0.17182200318886795,0.5674734969373064,-20.589,0.17841666666666675
hap1-tkov3,GTF2B,1,2,0.8093633298263545,2.118704342073747,-0.00573996231337875,0.0986027191422742,1.2661890566925047,-2.8989708653428032e-05,0.0003095885480778163,37.899,2.2724166666666665
hap1-tkov3,GTF2H1,1,0,0.6278331888502275,2.9583756167762822,-0.01727786635744311,0.23135975238107245,0.8709358154073359,-2.8989708653428032e-05,0.00035086702115485845,12.935,1.3795
hap1-tkov3,GTF2H4,1,0,0.6260423251501847,2.955527643310536,-0.01756776344397739,0.2348769117195954,0.8449712538323593,-2.8989708653428032e-05,0.00035086702115485845,13.376,1.3950833333333335
hap1-tkov3,GTF3C1,1,1,0.9624763744801684,2.7176900359950804,-0.002348166400927671,0.053640829028873564,1.3429483841310448,-2.8989708653428032e-05,0.00034529385714480196,37.174,2.264916666666667
hap1-tkov3,GTF3C2,1,3,0.5420545373224165,2.6163917819799183,-0.027743151181330628,0.33320761032340485,0.8160673309791115,-2.8989708653428032e-05,0.0002993925180513014,9.44,1.262
hap1-tkov3,GTF3C5,1,4,1.6774299077756425,5.269811380228002,-5.7979417306856065e-05,0.004651027954843473,2.0794998603951846,-2.8989708653428032e-05,0.000424075916154091,57.188,2.927416666666667
hap1-tkov3,GTPBP4,1,2,1.2191413992465114,3.913830927572542,-0.0005797941730685607,0.021977384841568057,1.6731482638334925,-2.8989708653428032e-05,0.0003095885480778163,42.056,2.4212499999999997
hap1-tkov3,GUCA2A,0,2,-0.09361232238153425,-0.828704355113466,-0.7067111175532685,1.0,0.00781524028719375,-0.42116248731700245,0.8174732086830192,-26.508,-0.03349999999999999
hap1-tkov3,GUCY2F,0,1,-0.1128220015113821,-0.6423171157630844,-0.7488911436440063,1.0,-0.017678990710811342,-0.49178141759675315,0.8696826295552829,-26.237,-0.02549999999999998
hap1-tkov3,GUK1,1,0,1.476016621557745,3.4649228379207675,-0.00011595883461371213,0.006410070578790683,1.9213918824331226,-2.8989708653428032e-05,0.00035086702115485845,67.96,3.32525
hap1-tkov3,H1FOO,0,3,0.0905837180722019,0.5987687568870264,-0.3277866357443108,1.0,0.21468245056489585,-0.055167415567473545,0.27877890896343865,-13.259,0.4653333333333333
hap1-tkov3,H2BFM,0,3,0.05986310595042226,0.3957309374428283,-0.37979417306856067,1.0,0.18677429579434712,-0.07783736773445427,0.352351989846754,-12.884,0.47850000000000004
hap1-tkov3,H2BFWT,0,3,-0.15195744661379273,-1.139900407526924,-0.8272213364255689,1.0,-0.052404402313588096,-0.6083780258008407,0.9049655741898669,-34.254,-0.27149999999999996
hap1-tkov3,HAO1,0,0,0.0016890153261078361,0.013602361935710242,-0.4950572546745905,1.0,0.10156661857310478,-0.18782432236556024,0.6161639206786668,-21.243,0.1709166666666667
hap1-tkov3,HARS,1,1,1.3083575317751712,3.9062668311191353,-0.00040585592114799246,0.0173606078175581,1.7394036408565698,-2.8989708653428032e-05,0.00034529385714480196,45.152,2.5530833333333334
hap1-tkov3,HAUS5,1,4,0.7565604726767784,2.8626195683450617,-0.008088128714306421,0.1279779412253604,1.037088590992891,-2.8989708653428032e-05,0.000424075916154091,20.82,1.6491666666666664
hap1-tkov3,HCFC1,1,2,0.23394882313197057,0.871603214753067,-0.15796492245252935,1.0,0.37933807941315223,-0.004290476880707349,0.0336659939770517,-22.132,0.12316666666666665
hap1-tkov3,HCRTR2,0,3,-0.07004080124853793,-0.6203494841458568,-0.6546456008117119,1.0,0.036619925324531385,-0.3508914335410929,0.7722372339097404,-26.126,0.013750000000000012
hap1-tkov3,HDAC3,1,4,-0.07716489160797657,-0.45093286411248185,-0.6710247862008987,1.0,0.024055521475121692,-0.377243078707059,0.7921706143054624,-23.891,0.07766666666666665
hap1-tkov3,HDGFL1,0,3,-0.08147533787433033,-0.7463316941438597,-0.6796927090882736,1.0,0.02456723942826424,-0.3825192056819829,0.7897185468514674,-29.085,-0.09008333333333333
hap1-tkov3,HEATR1,1,4,1.4144422963703982,4.433758986456364,-0.00011595883461371213,0.006410070578790683,1.8574668586710168,-2.8989708653428032e-05,0.000424075916154091,52.349,2.7573333333333334
hap1-tkov3,HINFP,1,3,1.2652949033462773,4.381268810249411,-0.0004348456298014205,0.0173606078175581,1.6386549477200323,-2.8989708653428032e-05,0.0002993925180513014,47.285,2.59025
hap1-tkov3,HIST1H2AA,0,1,-0.25825555993627664,-1.6785782676189742,-0.9550659515871865,1.0,-0.17393338549020132,-0.878765038411364,0.9893760250157161,-38.663,-0.4743333333333334
hap1-tkov3,HIST1H2BA,0,2,-0.16471459627322851,-1.408153176426835,-0.8489056384983331,1.0,-0.06711109373198042,-0.6419481084215104,0.9188945225689693,-31.966,-0.22891666666666666
hap1-tkov3,HIST1H4G,0,1,-0.11004884024653111,-0.8242984369534783,-0.7432381504565879,1.0,-0.013367454180459676,-0.479170894332512,0.8647337464217677,-27.033,-0.05424999999999999
hap1-tkov3,HJURP,1,2,0.2246176259233066,0.8151067920681762,-0.1652413393245398,1.0,0.43279069972024703,-0.001797361936512538,0.015136279940933469,13.268,1.3905833333333333
hap1-tkov3,HMX1,0,1,-0.19502548263223196,-1.4739053533038642,-0.8932598927380779,1.0,-0.10602332272852602,-0.7443397593854182,0.9612600396945195,-34.515,-0.3245
hap1-tkov3,HNRNPK,1,4,1.5033828073849487,4.218143665023108,-8.69691259602841e-05,0.005952208394591349,2.231422111642323,-2.8989708653428032e-05,0.000424075916154091,72.468,3.4645
hap1-tkov3,HNRNPL,1,3,0.9776912850542302,2.541177254942377,-0.0020582693143933904,0.04816685327726296,1.6210876979101172,-2.8989708653428032e-05,0.0002993925180513014,50.196,2.6924166666666665
hap1-tkov3,HNRNPU,1,2,1.197493698848065,2.9616389983080973,-0.0006957530076822728,0.024792669676644955,2.3840570558027694,-2.8989708653428032e-05,0.0003095885480778163,51.036,2.74275
hap1-tkov3,HOXB1,0,2,0.042690017380746244,0.4165080393965102,-0.4131613277286563,1.0,0.15327279652649053,-0.10624728221481373,0.42674589575195443,-18.026,0.27016666666666667
hap1-tkov3,HOXD12,0,2,-0.01072490949186463,-0.07147652101350917,-0.5219886940136251,1.0,0.09146962691985275,-0.20614581823452674,0.6152270162815163,-20.866,0.16849999999999998
hap1-tkov3,HRG,0,2,-0.05330891541737446,-0.3906929468647972,-0.6161472677199594,1.0,0.04977825234520732,-0.30624728221481373,0.7360433216776606,-23.07,0.08958333333333329
hap1-tkov3,HRH3,0,3,-0.12211364542783301,-0.7512288543977818,-0.7678504131033483,1.0,-0.02236791816992414,-0.5184229598492535,0.8628042833658278,-31.523,-0.1756666666666666
hap1-tkov3,HSD17B10,1,1,1.085320654332368,2.7479213723810347,-0.0013915060153645456,0.04074584761798356,1.5298373452987493,-2.8989708653428032e-05,0.00034529385714480196,39.17,2.337
hap1-tkov3,HSPA9,1,0,2.22358195555854,5.056979569647867,-2.8989708653428032e-05,0.004651027954843473,2.663009963589027,-2.8989708653428032e-05,0.00035086702115485845,83.523,3.875583333333333
hap1-tkov3,HTR1A,0,4,-0.19724767100943785,-1.5994978144425844,-0.896303812146688,1.0,-0.10562038981400781,-0.7496448760689955,0.9573812955673141,-36.253,-0.35683333333333334
hap1-tkov3,HTR2C,0,0,-0.04423780498728793,-0.29714906772265065,-0.5957095231192927,1.0,0.0540996503265871,-0.291230613132338,0.7427026524212949,-23.338,0.0968333333333333
hap1-tkov3,HTR3C,0,3,-0.11100451352769851,-0.552860110887481,-0.7454123786055951,1.0,0.0010970372431972576,-0.4484128134512248,0.8282831205445006,-29.218,-0.09475000000000007
hap1-tkov3,HTR3D,0,2,-0.11307478453409221,-0.5760586474099155,-0.7494129583997681,1.0,-0.019001580148319194,-0.5014929699956515,0.8618721840394727,-28.181,-0.09341666666666668
hap1-tkov3,HTR3E,0,2,-0.06962994964525707,-0.3238969013166173,-0.653775909552109,1.0,0.03377222479211289,-0.34729670966806786,0.7714871653329683,-22.088,0.12475000000000003
hap1-tkov3,HTR5A,0,2,-0.22583874034769122,-1.8330926903969849,-0.928888244673141,1.0,-0.13400734359136346,-0.8060878388172199,0.966145499281283,-37.122,-0.4135
hap1-tkov3,HTR6,0,2,-0.20841051687973086,-1.2447660716003939,-0.9106537179301348,1.0,-0.12147544309936033,-0.7799391216118278,0.9624792523210642,-35.946,-0.3714166666666667
hap1-tkov3,HUWE1,1,4,0.4934140410167026,2.4689602554968038,-0.03728076532830845,0.4224581863451615,0.7090405582331462,-5.7979417306856065e-05,0.000629704666430319,9.931,1.2664166666666667
hap1-tkov3,HYPK,1,3,1.4889953360571895,4.002009558408185,-0.00011595883461371213,0.006410070578790683,1.997859834188054,-2.8989708653428032e-05,0.0002993925180513014,55.696,2.885416666666667
hap1-tkov3,IAPP,0,1,-0.15513767156350824,-1.1407216143576806,-0.8327873604870271,1.0,-0.062489095266376034,-0.6248441803159879,0.9256089225751009,-30.837,-0.19166666666666665
hap1-tkov3,IARS,1,4,0.5978320434436071,1.895243242770762,-0.020234816640092766,0.2596363899124416,0.8882001038188827,-5.7979417306856065e-05,0.000629704666430319,18.881,1.5810000000000002
hap1-tkov3,IFIT1B,0,3,-0.05814821088010329,-0.3914449719457735,-0.6272793158428758,1.0,0.049208817670943726,-0.3177851862588781,0.7431648959195756,-24.312,0.07741666666666666
hap1-tkov3,IFNA2,0,2,-0.2355276401823854,-1.6179571780242141,-0.9379910131903174,1.0,-0.14333244603082287,-0.825192056819829,0.9710935658414056,-37.208,-0.41658333333333336
hap1-tkov3,IFNB1,0,1,-0.2580208391388553,-1.3504415519868673,-0.954892013335266,1.0,-0.17478274394334864,-0.8798086679228874,0.9893760250157161,-37.493,-0.43208333333333326
hap1-tkov3,IFNK,0,3,-0.06895109879453276,-0.5421672554798552,-0.6521814755761705,1.0,0.03625759637280359,-0.3516741556747355,0.7722372339097404,-27.765,-0.04375000000000001
hap1-tkov3,IFNL1,0,4,-0.11340736100693348,-0.7281287960441601,-0.7499347731555298,1.0,-0.011064732471226676,-0.4795187708363531,0.8495388023230181,-28.55,-0.08608333333333332
hap1-tkov3,IFNW1,0,1,-0.2202340797379533,-1.4063264964140807,-0.923670097115524,1.0,-0.1344481947291248,-0.8085809537614147,0.976397017254048,-35.948,-0.37625
hap1-tkov3,IGBP1,1,3,0.6936947426144684,2.9890261410052377,-0.011595883461371213,0.1682037023198228,0.9843772604762648,-2.8989708653428032e-05,0.0002993925180513014,16.919,1.5245000000000002
hap1-tkov3,IL12B,0,2,-0.1586071616262247,-0.6683200189162154,-0.8385853022177127,1.0,-0.05849222031999271,-0.61835048557762,0.9128383826720202,-28.924,-0.11999999999999994
hap1-tkov3,IL13,0,4,-0.1389951995042485,-0.7472948936207687,-0.8033917959124511,1.0,-0.03961311615780793,-0.5670097115523989,0.8921470973042666,-28.687,-0.09091666666666667
hap1-tkov3,IL17A,0,4,-0.18405174307177188,-1.236239512635424,-0.878156254529642,1.0,-0.0894696332985267,-0.709928975213799,0.9455668418806388,-34.652,-0.3005833333333333
hap1-tkov3,IL17F,0,2,0.061947946670134486,0.42781719329004103,-0.3758805624003479,1.0,0.1803025623677064,-0.07780837802580085,0.3512987161808867,-16.553,0.3229166666666666
hap1-tkov3,IL1F10,0,4,-0.21906068027958853,-1.4431796691779901,-0.9221626322655457,1.0,-0.12911690826019157,-0.8015944339759385,0.9677996111632153,-37.806,-0.41141666666666665
hap1-tkov3,IL21,0,0,-0.3292932585959541,-1.845624291988459,-0.98672271343673,1.0,-0.25862625561183983,-0.9652703290331932,1.0,-45.796,-0.6973333333333334
hap1-tkov3,IL22,0,3,-0.16024720975605455,-0.9218502195275747,-0.8416002319176692,1.0,-0.05893522664417304,-0.6275982026380635,0.911498114271799,-31.267,-0.16666666666666669
hap1-tkov3,IL25,0,2,-0.25532053601657967,-1.3390042778551683,-0.9530656616901,1.0,-0.17553476492902384,-0.8783012030729092,0.981664237534733,-38.146,-0.4501666666666667
hap1-tkov3,IL26,0,0,-0.3052459235391517,-1.8522420904406838,-0.9802000289897087,1.0,-0.22890474403247282,-0.9438469343383099,1.0,-43.685,-0.6226666666666667
hap1-tkov3,IL3,0,3,0.01451093398669226,0.1181403345822362,-0.46879257863458473,1.0,0.12834802640339005,-0.1505725467459052,0.527937530743368,-22.168,0.15266666666666664
hap1-tkov3,IL31,0,1,-0.25685813993044326,-1.746975013625852,-0.9539933323670097,1.0,-0.17424637818682198,-0.8791419046238585,0.9893760250157161,-38.956,-0.4849166666666667
hap1-tkov3,IL36A,0,4,-0.08943983615417965,-0.5843024954927842,-0.6973474416582114,1.0,0.008187027982126612,-0.42374257138715754,0.8207711750763242,-32.635,-0.22966666666666666
hap1-tkov3,IL36B,0,2,-0.12747168689417318,-1.066459299667609,-0.7799101319031744,1.0,-0.027892398959562265,-0.5302507609798521,0.8780584459186855,-28.924,-0.12
hap1-tkov3,IL36RN,0,1,-0.243606170077512,-1.689537707098529,-0.944397738802725,1.0,-0.16124715540640602,-0.858588201188578,0.9850742955063163,-38.522,-0.46925
hap1-tkov3,IL9,0,2,-0.08714789239067836,-0.6391842814839065,-0.692042324974634,1.0,0.016810697064028886,-0.3948108421510364,0.8007983806593729,-25.668,-0.003416666666666651
hap1-tkov3,ILF3,1,2,0.7997305352168932,1.8995767440729183,-0.006116828525873315,0.1039378734834848,1.2630358436455835,-2.8989708653428032e-05,0.0003095885480778163,25.372,1.8239166666666664
hap1-tkov3,IMP3,1,2,1.795727309384444,4.590466104321885,-5.7979417306856065e-05,0.004651027954843473,2.39158346515345,-2.8989708653428032e-05,0.0003095885480778163,71.111,3.4614999999999996
hap1-tkov3,IMP4,1,2,1.2747454988996147,3.0860248613780543,-0.0004348456298014205,0.0173606078175581,1.6899457087953442,-2.8989708653428032e-05,0.0003095885480778163,55.328,2.896416666666667
hap1-tkov3,INS,0,3,-0.0028515453323714793,-0.01981241523433027,-0.5040150746484998,1.0,0.11093830299155959,-0.1822293085954486,0.5880091459954542,-21.147,0.18850000000000006
hap1-tkov3,INSL5,0,3,-0.154241602188586,-1.5390613628951766,-0.8309030294245543,1.0,-0.05456888798181981,-0.6147847514132483,0.9064962026529823,-33.14,-0.23241666666666666
hap1-tkov3,INSL6,0,1,-0.13991113408165845,-0.836965158286179,-0.8048992607624293,1.0,-0.04573788413034981,-0.575619655022467,0.9046641193742341,-29.261,-0.13475000000000004
hap1-tkov3,INSM2,0,0,-0.10409797783474492,-0.9394002569683073,-0.7298159153500507,1.0,-0.011870579055279627,-0.4772575735613857,0.8715863374855167,-28.249,-0.07683333333333335
hap1-tkov3,INSRR,0,3,-0.12187048333042642,-0.717301299832071,-0.7675895057254675,1.0,-0.018102076766749454,-0.5050587041600232,0.8546731433095273,-31.229,-0.16533333333333333
hap1-tkov3,INTS1,1,4,0.7965320374098949,3.2838036539734503,-0.006232787360487027,0.10569998388035375,1.0911558767171763,-2.8989708653428032e-05,0.000424075916154091,25.406,1.8103333333333331
hap1-tkov3,INTS3,1,2,0.9466815580785417,3.4973830051834853,-0.002580084070155095,0.05668625472352219,1.3133688040493288,-2.8989708653428032e-05,0.0003095885480778163,32.475,2.07825
hap1-tkov3,INTS8,1,3,1.0059083291154671,3.139996220134123,-0.0018843310624728222,0.04532644049437763,1.4573760466836976,-2.8989708653428032e-05,0.0002993925180513014,43.057,2.4418333333333333
hap1-tkov3,INTS9,1,0,1.1109120605351146,2.5403762434219943,-0.0011595883461371214,0.03533466467460589,2.5505375909621355,-2.8989708653428032e-05,0.00035086702115485845,57.107,2.9414999999999996
hap1-tkov3,IPO13,1,3,1.61628056252415,4.899172967965774,-5.7979417306856065e-05,0.004651027954843473,2.011764468408951,-2.8989708653428032e-05,0.0002993925180513014,56.477,2.9128333333333334
hap1-tkov3,IQCF1,0,1,-0.2935162045534164,-1.3891837711961992,-0.9757066241484273,1.0,-0.21350436282197993,-0.9283664299173793,0.998475446993098,-41.032,-0.5599166666666666
hap1-tkov3,IRGC,0,2,-0.16581927617302686,-0.6962771831119684,-0.8507899695608059,1.0,-0.07801324167913834,-0.6711987244528193,0.9284356713563974,-35.744,-0.36416666666666675
hap1-tkov3,ISCU,1,3,0.23753249920868533,0.9227906430758932,-0.1552109001304537,1.0,0.44563969379463886,-0.0023191766922742428,0.019626516394334576,8.993,1.2463333333333335
hap1-tkov3,ISG20L2,1,1,1.8062861751336368,3.860260108237929,-5.7979417306856065e-05,0.004651027954843473,2.510849379845761,-2.8989708653428032e-05,0.00034529385714480196,86.224,4.036583333333334
hap1-tkov3,ISX,0,1,-0.13332838067525055,-1.08051529287658,-0.7918828815770401,1.0,-0.04029167565049164,-0.5596463255544282,0.8987375409032945,-29.651,-0.14883333333333335
hap1-tkov3,ITIH6,0,4,-0.3356934875543851,-2.4089055435666684,-0.9882591679953616,1.0,-0.25400250819017967,-0.9592114799246267,1.0,-47.572,-0.7546666666666667
hap1-tkov3,IZUMO2,0,0,0.03372045177899547,0.28318550805879944,-0.42974344107841717,1.0,0.1467459536415984,-0.11645165966082041,0.47025094220795355,-17.305,0.31016666666666665
hap1-tkov3,KANSL3,1,2,1.0557622340493427,2.524613630410494,-0.001594433975938542,0.0428777768578219,1.68831177053477,-2.8989708653428032e-05,0.0003095885480778163,44.593,2.512083333333334
hap1-tkov3,KARS,1,4,1.4966741163122588,4.517243459657903,-0.00011595883461371213,0.006410070578790683,2.0028012628606033,-2.8989708653428032e-05,0.000424075916154091,50.931,2.7075
hap1-tkov3,KAT8,1,0,1.3283909700104086,3.5742728448338448,-0.0003478765038411364,0.01625969122424954,1.7716046872693367,-2.8989708653428032e-05,0.00035086702115485845,38.132,2.2705
hap1-tkov3,KCNA10,0,2,-0.12860246462665254,-0.6991555566313636,-0.7821133497608349,1.0,-0.030928229086247205,-0.5389476735758806,0.8800369399332578,-29.638,-0.1455833333333333
hap1-tkov3,KCNB2,0,4,-0.36985844234762105,-1.8735625824788735,-0.9941150891433541,1.0,-0.3027775190937296,-0.9792433686041455,1.0,-49.442,-0.8204166666666667
hap1-tkov3,KCNG4,0,4,-0.04868585974677495,-0.6546508267155514,-0.6059139005652994,1.0,0.05666406736064979,-0.2895781997390926,0.718217177914775,-25.159,0.033083333333333326
hap1-tkov3,KCNK10,0,4,-0.10877042938286982,-1.2169463247708658,-0.7405710972604725,1.0,-0.00887736908386109,-0.47308305551529206,0.8464712221703367,-29.323,-0.11324999999999999
hap1-tkov3,KCNK16,0,1,0.11102726190135057,0.7953723670567588,-0.2974054210755182,1.0,0.22057830806511552,-0.04916654587621394,0.26766900780525943,-13.594,0.4311666666666667
hap1-tkov3,KCNK18,0,0,-0.26610334057502866,-0.7610164517281405,-0.9605739962313379,1.0,-0.204034031420007,-0.9183939701406001,0.9978920684820092,-32.293,-0.21983333333333333
hap1-tkov3,KCNV1,0,3,-0.12079232398517735,-1.2101905369452333,-0.7653862878678069,1.0,-0.015368802738885632,-0.4967096680678359,0.8509736411210853,-30.243,-0.13075000000000003
hap1-tkov3,KHDC3L,0,1,-0.2354784436981556,-1.169083481803396,-0.937962023481664,1.0,-0.15161062082093765,-0.842064067256124,0.9832665809550137,-35.484,-0.35950000000000004
hap1-tkov3,KIF11,1,1,1.4122806414528284,5.064912271287058,-0.00014494854326714017,0.007787936217222326,1.8084736827587853,-2.8989708653428032e-05,0.00034529385714480196,45.037,2.5489166666666665
hap1-tkov3,KIF23,1,3,1.0192384844869231,3.6418593795613696,-0.00176837222785911,0.04498394662815055,1.4123550880215923,-2.8989708653428032e-05,0.0002993925180513014,42.048,2.406416666666667
hap1-tkov3,KIR3DL3,0,2,-0.07214110680190373,-0.5392350218817251,-0.6593999130308741,1.0,0.03130615755613279,-0.35361646615451514,0.7741588209909777,-25.088,0.017333333333333305
hap1-tkov3,KLK12,0,1,-0.1698633692608453,-1.0616244165149935,-0.8569067980866792,1.0,-0.08173285777600225,-0.6805334106392231,0.9442740807790199,-32.713,-0.25941666666666663
hap1-tkov3,KLK9,0,2,-0.08764098756898331,-0.4532093827850005,-0.6932019133207711,1.0,0.014936568401040844,-0.399797072039426,0.8037417066632452,-24.522,0.03758333333333333
hap1-tkov3,KPNB1,1,0,0.786224449932658,2.8975005068477393,-0.006580663864328163,0.10935690609203359,1.0763156731464525,-2.8989708653428032e-05,0.00035086702115485845,27.876,1.9078333333333337
hap1-tkov3,KRI1,1,3,0.14920877044911157,0.5023006207418804,-0.24557182200318886,1.0,0.30358107682605434,-0.016872010436295114,0.11235195521034047,-4.289,0.7801666666666667
hap1-tkov3,KRR1,1,0,1.011620741315026,3.0358106200746264,-0.001855341353819394,0.04532644049437763,1.4193826543408679,-2.8989708653428032e-05,0.00035086702115485845,34.666,2.1479166666666663
hap1-tkov3,KRT2,0,1,-0.25421075113071895,-1.5296685605932743,-0.9522249601391506,1.0,-0.16987960483667508,-0.8727351790114509,0.9881892711152851,-38.232,-0.45875000000000005
hap1-tkov3,KRT25,0,2,-0.09827676765199338,-0.80341260688319,-0.7167415567473547,1.0,0.0006288603192488627,-0.44223800550804465,0.8305868322985132,-27.125,-0.05558333333333333
hap1-tkov3,KRT26,0,2,-0.050412974207677534,-0.353791796895397,-0.6098565009421655,1.0,0.05347149491066773,-0.29662269894187565,0.7271676626145074,-23.408,0.07750000000000004
hap1-tkov3,KRT28,0,3,-0.08602383947725509,-0.8401674363519473,-0.689607189447746,1.0,0.01972180017967329,-0.3951587186548775,0.7956225099977436,-27.37,-0.029916666666666647
hap1-tkov3,KRT33A,0,1,-0.07194728518431491,-0.5360621472814353,-0.6590810262356863,1.0,0.024741490217533472,-0.36808233077257574,0.799485824103638,-25.762,-0.008333333333333373
hap1-tkov3,KRT35,0,0,-0.07566779069154259,-0.7435223070536918,-0.6676909697057545,1.0,0.0201177340505317,-0.3814175967531526,0.8131252159808529,-26.373,-0.010499999999999982
hap1-tkov3,KRT36,0,3,-0.04743025192168999,-0.591378447053667,-0.6027540223220756,1.0,0.06037568559261541,-0.2896361791563995,0.7186212841506857,-24.856,0.058333333333333334
hap1-tkov3,KRT37,0,4,-0.24307943955606415,-1.286700158276102,-0.943788954921003,1.0,-0.15124785801996232,-0.8457457602551094,0.9789327637490786,-37.384,-0.3965833333333333
hap1-tkov3,KRT38,0,1,-0.20318641261931736,-1.2527359278560273,-0.9039860849398463,1.0,-0.11573256744411109,-0.766951732135092,0.9677091611774038,-34.379,-0.31958333333333333
hap1-tkov3,KRT40,0,2,-0.1819752467950622,-1.9124750108362687,-0.8755761704594869,1.0,-0.08360869396780572,-0.6858675170314539,0.9332195348389671,-33.349,-0.27841666666666665
hap1-tkov3,KRT71,0,1,-0.16839688182802218,-1.258480881981473,-0.8544716625597912,1.0,-0.0748494255712634,-0.6607044499202783,0.9362301202645927,-31.483,-0.21500000000000002
hap1-tkov3,KRT73,0,3,-0.0774351137574528,-0.6971804201933123,-0.6714596318307001,1.0,0.02929683630760995,-0.36956080591390056,0.7821306818000238,-26.148,0.01299999999999999
hap1-tkov3,KRT74,0,3,-0.056927553229391324,-0.29337654978205174,-0.6243223655602261,1.0,0.05342262962315029,-0.30676909697057547,0.7333858183884544,-24.507,0.07058333333333344
hap1-tkov3,KRT75,0,4,-0.03477578442086912,-0.2340003818134655,-0.5745470358022902,1.0,0.07270938265004721,-0.25148572256848817,0.6804225577398066,-22.238,0.13574999999999995
hap1-tkov3,KRT76,0,3,-0.29095660703050336,-1.6079824462800751,-0.9747209740542108,1.0,-0.20452440094111807,-0.9232062617770691,0.9962176001807753,-42.058,-0.5454166666666667
hap1-tkov3,KRT77,0,1,-0.2991928087198758,-2.2026423664652106,-0.9781417596753152,1.0,-0.21929531316713027,-0.933555587766343,1.0,-43.113,-0.6350833333333333
hap1-tkov3,KRT78,0,3,-0.15228145308091692,-0.8405288863049436,-0.8277431511813307,1.0,-0.04927940515751033,-0.5990433396144369,0.9002091555572183,-30.467,-0.1385833333333333
hap1-tkov3,KRT82,0,1,-0.09343451857619797,-0.7343141829522282,-0.7061603130888534,1.0,0.001836418898551125,-0.4353384548485288,0.841411699765145,-25.93,-0.014416666666666668
hap1-tkov3,KRT85,0,3,-0.14621904013966,-1.577972312267208,-0.8174518046093637,1.0,-0.0431805741653209,-0.5808957819973909,0.8918997197639991,-31.86,-0.1875
hap1-tkov3,KRT86,0,4,-0.03431560525347627,-0.215389146836364,-0.5735613857080736,1.0,0.0685897111042141,-0.260617480794318,0.6897145452293391,-21.055,0.17733333333333334
hap1-tkov3,KRT9,0,1,-0.022232834703324572,-0.1634801414332017,-0.5469488331642267,1.0,0.08549078271333302,-0.22043774460066676,0.6566303594348358,-21.678,0.13916666666666663
hap1-tkov3,KRTAP11-1,0,4,-0.1292007730202926,-1.24735162291081,-0.7836208146108131,1.0,-0.030091234876808714,-0.537556167560516,0.8775863574765458,-30.579,-0.15741666666666668
hap1-tkov3,KRTAP13-1,0,3,-0.04967392941963292,-0.3428130380421135,-0.6079721698796927,1.0,0.06029180532841824,-0.2899840556602406,0.7188953583401135,-23.666,0.10008333333333333
hap1-tkov3,KRTAP13-2,0,0,-0.2633083889644679,-1.5755565063419863,-0.9587766342948253,1.0,-0.179342117080853,-0.8882736628496883,0.9934553796809809,-39.148,-0.46225
hap1-tkov3,KRTAP13-3,0,4,-0.03940874607347827,-0.43318267036495123,-0.5850413103348311,1.0,0.0676328785302496,-0.262849688360632,0.6931756231125107,-24.18,0.06750000000000003
hap1-tkov3,KRTAP13-4,0,4,0.002481230895398009,0.011208553464870662,-0.49331787215538486,1.0,0.11162548467575933,-0.1742571387157559,0.577696989038632,-23.594,0.08808333333333329
hap1-tkov3,KRTAP15-1,0,3,-0.38916035984144476,-1.1281481920102634,-0.9958254819539064,1.0,-0.39074814414467574,-0.9960573996231338,1.0,-43.87,-0.609
hap1-tkov3,KRTAP17-1,0,0,-0.23019742367475168,-1.5304087088726535,-0.9332367009711552,1.0,-0.14691552146667775,-0.8335121032033628,0.9837199417992024,-37.55,-0.40575000000000006
hap1-tkov3,KRTAP23-1,0,4,-0.033819994993731624,-0.29078232756153083,-0.5724597767792434,1.0,0.07440414547340073,-0.24719524568778084,0.6751189869164143,-23.22,0.10125
hap1-tkov3,KRTAP26-1,0,3,-0.1270696253535091,-0.6775473645449813,-0.7788085229743441,1.0,-0.019966767534999128,-0.5107696767647485,0.8583985774789792,-32.411,-0.2068333333333332
hap1-tkov3,LALBA,0,0,-0.29957860581120743,-1.744453454706604,-0.9781997390926221,1.0,-0.22572953972960977,-0.9408030149297,1.0,-44.022,-0.6345833333333334
hap1-tkov3,LARS,1,4,0.8606030862678946,2.9165576905129824,-0.004290476880707349,0.07982508604267491,1.149470385648553,-2.8989708653428032e-05,0.000424075916154091,37.03,2.218916666666667
hap1-tkov3,LAS1L,1,3,0.7871499253767842,2.672620911388309,-0.006551674155674736,0.10935690609203359,1.3267696345250062,-2.8989708653428032e-05,0.0002993925180513014,34.865,2.154333333333333
hap1-tkov3,LBX1,0,4,-0.0646230118125987,-0.35068470852375166,-0.6418611392955501,1.0,0.042915279579516664,-0.32477170604435424,0.7508159227519265,-26.726,-0.021999999999999964
hap1-tkov3,LCN9,0,0,-0.31668477194034605,-1.521870804289514,-0.9835048557761994,1.0,-0.2437119482383505,-0.955703725177562,1.0,-42.365,-0.576
hap1-tkov3,LCT,0,2,-0.10099139233253696,-0.6106281105364931,-0.7232352514857225,1.0,0.0007364414059342414,-0.4420350775474706,0.8305868322985132,-26.496,-0.03308333333333331
hap1-tkov3,LGALS14,0,1,-0.11228584205844053,-0.6543315409818515,-0.7478765038411364,1.0,-0.019312314358488937,-0.4961878533120742,0.8713727630662198,-26.65,-0.04041666666666666
hap1-tkov3,LHX3,0,1,-0.2317885402102404,-1.5780700552577092,-0.9348601246557472,1.0,-0.14739776309982605,-0.8340339179591245,0.98148082580793,-37.117,-0.4185
hap1-tkov3,LHX5,0,1,-0.04244810628857575,-0.24603667405562044,-0.5917089433251196,1.0,0.053804443019425795,-0.292651108856356,0.7401925862719555,-22.732,0.10108333333333334
hap1-tkov3,LIM2,0,3,-0.051527338088059836,-0.38830357862743337,-0.612059718799826,1.0,0.057142742842496465,-0.2979272358312799,0.7259608697911959,-23.861,0.09324999999999997
hap1-tkov3,LIN28A,0,0,0.038633861160757205,0.2962429065865676,-0.4204667343093202,1.0,0.1566846742735253,-0.1045368894042615,0.4407107630298944,-17.472,0.30425
hap1-tkov3,LIPM,0,1,-0.07891667753369917,-0.7356282247394038,-0.6743586026960429,1.0,0.016857299354963586,-0.391332077112625,0.8163349180305217,-25.736,-0.007416666666666655
hap1-tkov3,LONP1,1,3,1.4230393974437796,4.035219618682891,-0.00011595883461371213,0.006410070578790683,1.8719728927985377,-2.8989708653428032e-05,0.0002993925180513014,52.45,2.7715
hap1-tkov3,LOR,0,0,-0.22545519131796735,-0.9503559478773266,-0.9286273372952601,1.0,-0.1458938864384419,-0.8317727206841571,0.9836257915980091,-35.293,-0.3259166666666667
hap1-tkov3,LRIT1,0,2,-0.043620968117887335,-0.3026835113799052,-0.5941150891433541,1.0,0.06147733061766215,-0.2769096970575446,0.7084178431205342,-23.545,0.07258333333333336
hap1-tkov3,LRIT2,0,3,-0.07176547371770699,-0.9034370227051916,-0.6587041600231918,1.0,0.033833234110603315,-0.35767502536599505,0.7735400746484997,-26.739,-0.00775
hap1-tkov3,LRR1,1,4,1.9901236022879776,4.85185750712897,-2.8989708653428032e-05,0.004651027954843473,2.5347381232051993,-2.8989708653428032e-05,0.000424075916154091,76.309,3.5995000000000004
hap1-tkov3,LRRC10,0,4,-0.11028076004828295,-0.7570578309690492,-0.7437309755036962,1.0,-0.011861007283803076,-0.48183794752862735,0.8508507301142865,-29.493,-0.11925000000000001
hap1-tkov3,LSG1,1,0,1.064028218903889,2.953825116855695,-0.0015654442672851138,0.0428777768578219,1.6417947421659547,-2.8989708653428032e-05,0.00035086702115485845,41.278,2.38175
hap1-tkov3,LSM11,1,3,0.881636030004028,4.1819819991570375,-0.003913610668212784,0.07483153347523935,1.19890968962845,-2.8989708653428032e-05,0.0002993925180513014,24.61,1.7944166666666668
hap1-tkov3,LSM2,1,1,1.9423978412007483,5.346234722934726,-5.7979417306856065e-05,0.004651027954843473,2.472080768504673,-2.8989708653428032e-05,0.00034529385714480196,70.718,3.4764999999999997
hap1-tkov3,LSM7,1,0,1.5716252353654823,4.353879008331444,-5.7979417306856065e-05,0.004651027954843473,2.1964406702233243,-2.8989708653428032e-05,0.00035086702115485845,55.976,2.9015
hap1-tkov3,LUC7L3,1,2,0.987302289044211,3.232310287224712,-0.0019423104797796783,0.04614191300931145,1.3482407188054728,-2.8989708653428032e-05,0.0003095885480778163,38.283,2.2861666666666665
hap1-tkov3,LUZP4,0,2,-0.21112627160540232,-1.5781914700554658,-0.9136396579214379,1.0,-0.12566802784041162,-0.7895926945934193,0.9639877353480707,-37.622,-0.43141666666666667
hap1-tkov3,LYZL6,0,0,-0.21473685865918804,-1.453130785000933,-0.9174952891723438,1.0,-0.12896417852686637,-0.7988114219452095,0.9793887162928281,-35.814,-0.3443333333333334
hap1-tkov3,MAD2L1,1,4,0.3132316001950668,1.2449491232284864,-0.10462385853022177,0.9437487908319743,0.5038966598889563,-0.0009856500942165532,0.008994448240715816,-2.69,0.8228333333333333
hap1-tkov3,MAGEA10,0,2,-0.13738775841629167,-0.8850196011060195,-0.8001449485432671,1.0,-0.03943570299636422,-0.5634149876793738,0.890954024233485,-29.38,-0.1363333333333333
hap1-tkov3,MAGEA11,0,3,-0.18583968839603954,-1.097511155351051,-0.8811711842295985,1.0,-0.08947923118557288,-0.7118422959849253,0.9393377260024489,-34.456,-0.27858333333333335
hap1-tkov3,MAGEB1,0,3,0.13755193088126952,0.8137024318001767,-0.2591390056529932,1.0,0.3002897901073946,-0.01753877373532396,0.11571967506240716,-13.345,0.46233333333333326
hap1-tkov3,MAGEB10,0,1,-0.3155851028752343,-1.6385184199225982,-0.9831859689810117,1.0,-0.24127704962717603,-0.9505145673285983,1.0,-42.647,-0.61825
hap1-tkov3,MAGEB18,0,3,-0.43785152736974675,-1.9408983966854207,-0.9982896071894477,1.0,-0.4399179065214253,-0.9983185968981012,1.0,-55.303,-1.0102499999999999
hap1-tkov3,MAGEB3,0,1,-0.4171672543791131,-1.465276988760255,-0.9976808233077258,1.0,-0.375951166646904,-0.9946658936077692,1.0,-47.042,-0.777
hap1-tkov3,MAGEB4,0,4,-0.08426624900021137,-0.8350475620366514,-0.6859834758660676,1.0,0.018895181754048238,-0.3915929844905059,0.7998346996101083,-27.409,-0.046000000000000006
hap1-tkov3,MAGEC3,0,1,-0.25397849723854166,-1.642366189193157,-0.95205102188723,1.0,-0.17168507404535296,-0.8754602116248732,0.9887088957176094,-38.984,-0.48591666666666666
hap1-tkov3,MAGOH,1,0,0.6581106570519824,2.1326579043237968,-0.014407885200753732,0.19911281735368558,1.0271643522673586,-2.8989708653428032e-05,0.00035086702115485845,-2.286,0.84125
hap1-tkov3,MAK16,1,2,0.9041640117235399,3.0661960756788322,-0.003420785621104508,0.06884281167700053,1.300947664013345,-2.8989708653428032e-05,0.0003095885480778163,30.767,2.017083333333334
hap1-tkov3,MARS,1,3,1.0452632414073137,3.5310311801427994,-0.0016234236845919698,0.0428777768578219,1.4718405166459736,-2.8989708653428032e-05,0.0002993925180513014,41.537,2.3884999999999996
hap1-tkov3,MARS2,1,0,2.396110271614184,6.376346632392334,-2.8989708653428032e-05,0.004651027954843473,2.722362113086886,-2.8989708653428032e-05,0.00035086702115485845,84.515,3.9106666666666663
hap1-tkov3,MAS1,0,0,-0.13349170365903343,-0.9601604244285181,-0.7922307580808813,1.0,-0.04179699410286617,-0.5670966806783592,0.9083387210742303,-30.709,-0.16383333333333336
hap1-tkov3,MAS1L,0,3,-0.15964403824452678,-1.0413434199157006,-0.8407595303667198,1.0,-0.05816143671476996,-0.6252500362371358,0.9106728053105073,-31.485,-0.17433333333333334
hap1-tkov3,MASTL,1,2,1.0105028232185718,2.952769217209283,-0.001855341353819394,0.04532644049437763,1.420645841685569,-2.8989708653428032e-05,0.0003095885480778163,49.583,2.69075
hap1-tkov3,MBD3L1,0,1,-0.06276240734153571,-0.3610873357967377,-0.6375706624148427,1.0,0.03553870395480717,-0.3381939411508914,0.7776071061231068,-23.09,0.08816666666666668
hap1-tkov3,MBL2,0,2,-0.18212748503532888,-1.0849090942148538,-0.8757790984200609,1.0,-0.08852809227180043,-0.6995506595158719,0.9373029505487732,-32.643,-0.25316666666666665
hap1-tkov3,MC2R,0,0,-0.22590852447777685,-1.3535405753311884,-0.9289462240904479,1.0,-0.13938610827861878,-0.8192781562545296,0.9814311686311987,-36.247,-0.3596666666666667
hap1-tkov3,MC3R,0,3,-0.06232554768196685,-0.3778435131980398,-0.6364110740687056,1.0,0.05075997517283408,-0.31317582258298304,0.7386631201413721,-25.832,0.024083333333333456
hap1-tkov3,MC5R,0,0,-0.39841283187199134,-1.8177630737459034,-0.9964922452529352,1.0,-0.35574930542699545,-0.9927235831279896,1.0,-51.607,-0.9028333333333332
hap1-tkov3,MCM3,1,2,0.2479655632389436,1.5265959537455238,-0.14732569937672127,1.0,0.3953720916091487,-0.0033338164951442237,0.026805749693124676,-5.539,0.7172499999999999
hap1-tkov3,MCM3AP,1,2,1.1865502509448818,4.27831188594912,-0.0007537324249891289,0.02652984313017858,1.5693631670019692,-2.8989708653428032e-05,0.0003095885480778163,39.921,2.3448333333333333
hap1-tkov3,MCM4,1,3,1.2562695214053081,4.1258872889875375,-0.0004348456298014205,0.0173606078175581,1.668428301997706,-2.8989708653428032e-05,0.0002993925180513014,42.971,2.4388333333333336
hap1-tkov3,MCM5,1,2,0.9022530304606402,3.026796689800138,-0.003478765038411364,0.0694424312702324,1.2888289282219318,-2.8989708653428032e-05,0.0003095885480778163,34.708,2.158166666666667
hap1-tkov3,MCM7,1,4,0.5024233958324607,2.1041789144489718,-0.03548340339179591,0.40717382454976986,0.7988782812100406,-5.7979417306856065e-05,0.000629704666430319,13.634,1.3965833333333333
hap1-tkov3,MDN1,1,3,0.5987006018533013,2.0683780504857383,-0.020118857805479055,0.2591274616526793,0.9276945429476349,-2.8989708653428032e-05,0.0002993925180513014,19.985,1.6320833333333333
hap1-tkov3,MED11,1,0,1.3812392701770075,4.83297118849263,-0.00020292796057399623,0.010115313687918246,1.7352240110430113,-2.8989708653428032e-05,0.00035086702115485845,45.732,2.53925
hap1-tkov3,MED12,1,1,0.8891946792998212,3.3107887199142723,-0.003797651833599072,0.07367615430155591,1.1931019151910909,-2.8989708653428032e-05,0.00034529385714480196,28.527,1.9525833333333333
hap1-tkov3,MED18,1,0,1.082996057124706,3.1798456369689756,-0.0014204957240179735,0.041037336268237835,1.5073058430682917,-2.8989708653428032e-05,0.00035086702115485845,43.458,2.458833333333333
hap1-tkov3,MED27,1,2,0.4316612498577684,1.5708687020176855,-0.053601971300188435,0.5675096372095456,0.647914037977876,-8.69691259602841e-05,0.0008807730566277275,-6.742,0.6741666666666666
hap1-tkov3,MED30,1,0,0.19919292372331523,0.5440583520250298,-0.19040440643571532,1.0,0.4977268377656589,-0.0007537324249891289,0.006936831981743599,28.352,1.9246666666666665
hap1-tkov3,MEP1A,0,2,-0.09476998294947185,-0.5954588547457269,-0.7090013045368894,1.0,0.006128748781321394,-0.42571387157559065,0.820183997214501,-26.885,-0.04699999999999993
hap1-tkov3,MEP1B,0,4,-0.2864283843443142,-2.145190732468922,-0.9721408899840557,1.0,-0.20361607959904388,-0.9181040730540658,0.9925234855557934,-43.927,-0.6265833333333333
hap1-tkov3,MEPCE,1,1,0.7828490684510447,2.6092645622727537,-0.00663864328163502,0.10935690609203359,1.1497789971343852,-2.8989708653428032e-05,0.00034529385714480196,33.977,2.1494166666666663
hap1-tkov3,MEPE,0,4,0.07140910104245708,0.42653128987150674,-0.3591245107986665,1.0,0.18860133697196874,-0.07351790114509349,0.3414929278344809,-14.17,0.41933333333333334
hap1-tkov3,METTL16,1,3,0.7283538598805573,2.577473020402096,-0.009653572981591535,0.1473132315073004,1.0473757065579041,-2.8989708653428032e-05,0.0002993925180513014,29.85,1.9783333333333335
hap1-tkov3,MFRP,0,0,-0.06157840513887686,-0.37697570881090836,-0.6348456298014205,1.0,0.03482265699514197,-0.34039715900855194,0.7835792551004191,-25.386,0.02441666666666667
hap1-tkov3,MMD2,0,2,-0.11600829134832814,-0.7779939457949844,-0.755906653138136,1.0,-0.017965927675495024,-0.49839107116973475,0.8604424943727478,-27.104,-0.05483333333333333
hap1-tkov3,MMP21,0,0,-0.08927875431057913,-1.058080558672325,-0.697057544571677,1.0,0.005534559200621666,-0.4242643861429193,0.8408742665831911,-27.94,-0.06591666666666668
hap1-tkov3,MMP26,0,0,-0.09546249371919957,-0.822289234653924,-0.7105667488041745,1.0,-0.0017017525130015054,-0.4463545441368314,0.8536567778584976,-27.667,-0.05625
hap1-tkov3,MMP27,0,3,-0.0464444227019455,-0.34989738863262726,-0.6005508044644151,1.0,0.06393333952468257,-0.2813741121901725,0.7111149155236705,-23.175,0.11733333333333332
hap1-tkov3,MMS22L,1,3,0.6174219145287992,1.6457038166695908,-0.018205537034352806,0.24023787087336101,0.9710074868232849,-2.8989708653428032e-05,0.0002993925180513014,32.175,2.0599166666666666
hap1-tkov3,MOGAT3,0,1,-0.1711578575522473,-0.9312424469304492,-0.8592549644876069,1.0,-0.07915335533020691,-0.6734889114364401,0.9413587198565233,-30.738,-0.18808333333333332
hap1-tkov3,MORC1,0,0,0.0027516938864372204,0.026303553186915185,-0.4927960573996231,1.0,0.10236135017362752,-0.18596898101174084,0.6126851987601708,-20.818,0.18591666666666667
hap1-tkov3,MPHOSPH10,1,2,1.2452318634687112,3.9531252672467776,-0.0004638353384548485,0.01839027145363396,1.6014910767160786,-2.8989708653428032e-05,0.0003095885480778163,52.979,2.812333333333333
hap1-tkov3,MRGPRD,0,4,-0.09614575918838543,-0.7512440461502716,-0.7122481519060734,1.0,0.004374138669378855,-0.43470068125815337,0.8275336740613246,-28.078,-0.06949999999999996
hap1-tkov3,MRGPRX2,0,1,-0.011073083549907109,-0.10263000148228484,-0.5227424264386142,1.0,0.0892017590422581,-0.21310334831134947,0.6478226289579093,-21.048,0.16191666666666665
hap1-tkov3,MRGPRX4,0,3,-0.058046467444934954,-0.5146519152303743,-0.6269024496303812,1.0,0.048949381738094586,-0.31856790839252064,0.7442889076193178,-25.604,0.03208333333333334
hap1-tkov3,MRPL18,1,1,0.7235077532183806,2.32472395231959,-0.009798521524858675,0.14798169942139894,1.0713564030359184,-2.8989708653428032e-05,0.00034529385714480196,21.35,1.6933333333333331
hap1-tkov3,MRPL28,1,0,1.3361170118721868,3.6202965659118203,-0.0003478765038411364,0.01625969122424954,1.676069841158486,-2.8989708653428032e-05,0.00035086702115485845,57.353,2.9501666666666666
hap1-tkov3,MRPL4,1,3,1.4342326828493897,5.251869515832956,-0.00011595883461371213,0.006410070578790683,1.8330784202262982,-2.8989708653428032e-05,0.0002993925180513014,52.808,2.7840833333333332
hap1-tkov3,MRPL43,1,2,0.39137254749101047,1.3063844799454634,-0.0676329902884476,0.6777839532276908,0.6992806504382707,-2.8989708653428032e-05,0.0003095885480778163,13.999,1.41675
hap1-tkov3,MRPL45,1,0,1.7127072146074396,4.316124409935178,-5.7979417306856065e-05,0.004651027954843473,2.371911320289366,-2.8989708653428032e-05,0.00035086702115485845,68.245,3.3353333333333333
hap1-tkov3,MRPL46,1,1,0.4279541485378314,1.1714947485443863,-0.05496448760689955,0.5773279645287434,0.6403080074514772,-0.00011595883461371213,0.0011869092110283045,14.936,1.461666666666667
hap1-tkov3,MRPL53,1,1,2.38539652567541,5.475424005067514,-2.8989708653428032e-05,0.004651027954843473,2.7496895599729365,-2.8989708653428032e-05,0.00034529385714480196,96.308,4.400833333333333
hap1-tkov3,MRPS14,1,4,1.626346457496767,3.916217015830167,-5.7979417306856065e-05,0.004651027954843473,2.2857320557656995,-2.8989708653428032e-05,0.000424075916154091,81.224,3.77225
hap1-tkov3,MRPS24,1,3,1.5309267492635217,3.956806068184442,-8.69691259602841e-05,0.005952208394591349,2.082985748502138,-2.8989708653428032e-05,0.0002993925180513014,75.538,3.581833333333334
hap1-tkov3,MRPS34,1,0,1.361926923948122,3.2962985168703316,-0.00023191766922742426,0.011493919658521225,1.779239904374396,-2.8989708653428032e-05,0.00035086702115485845,60.708,3.0688333333333335
hap1-tkov3,MS4A10,0,3,0.02812632965633895,0.22715716105303885,-0.44133932453978836,1.0,0.13715739134525085,-0.13648354834033918,0.4979758320765454,-19.623,0.24199999999999997
hap1-tkov3,MS4A5,0,4,-0.17367543474305908,-1.2399086395992924,-0.86325554428178,1.0,-0.07615259296188921,-0.6731700246412523,0.9337834486482891,-33.23,-0.2505833333333334
hap1-tkov3,MSGN1,0,4,-0.45242869175909384,-1.74244101607789,-0.99898536019713,1.0,-0.4470606529654839,-0.9979997101029134,1.0,-54.632,-1.0028333333333332
hap1-tkov3,MSTO1,1,1,1.3241929628613902,4.587387923269888,-0.00037686621249456443,0.016970787380923637,1.6726733612440094,-2.8989708653428032e-05,0.00034529385714480196,41.242,2.4118333333333335
hap1-tkov3,MTG2,1,4,1.7831112582726185,6.015889281419685,-5.7979417306856065e-05,0.004651027954843473,2.176133649877311,-2.8989708653428032e-05,0.000424075916154091,65.216,3.2095833333333337
hap1-tkov3,MTNR1B,0,3,0.027995724209808975,0.22451535968244166,-0.44171619075228297,1.0,0.14547841956874094,-0.12453978837512683,0.47103897590039745,-18.35,0.28666666666666674
hap1-tkov3,MUC17,0,1,0.04053686171240504,0.3091440967707988,-0.41710392810552255,1.0,0.15080931537300002,-0.11372662704739818,0.4658227944737981,-17.329,0.29624999999999996
hap1-tkov3,MUC7,0,3,-0.4887785192066266,-1.6358054882130129,-0.9994202058269315,1.0,-0.5600991428769647,-0.9998260617480794,1.0,-59.812,-1.1685
hap1-tkov3,MVK,1,0,0.27235858379612965,0.6884502960196002,-0.1291491520510219,1.0,0.46345502738380373,-0.0011305986374836932,0.01010333404180376,19.381,1.6074166666666667
hap1-tkov3,MYBBP1A,1,2,0.8344712319099107,2.8652026529064427,-0.004957240179736194,0.08896724389168588,1.3250537731858405,-2.8989708653428032e-05,0.0003095885480778163,24.471,1.7916666666666665
hap1-tkov3,MYBPC3,0,4,0.08513889017795373,0.4097382635640928,-0.3363096100884186,1.0,0.21204316783001956,-0.055167415567473545,0.2816570250422039,-8.262,0.627
hap1-tkov3,MYC,1,2,1.250776472982716,2.4793904707662806,-0.0004348456298014205,0.0173606078175581,1.8074060843163244,-2.8989708653428032e-05,0.0003095885480778163,59.264,3.037333333333333
hap1-tkov3,MYF5,0,0,-0.07331672729487947,-0.5900412942828429,-0.6618640382664154,1.0,0.023319913676450005,-0.37202493114944196,0.8071850531556706,-24.808,0.044833333333333336
hap1-tkov3,NAA10,1,1,1.390330115818314,3.9118746316774735,-0.0001739382519205682,0.009146076313640365,1.7627204751323977,-2.8989708653428032e-05,0.00034529385714480196,56.284,2.9551666666666665
hap1-tkov3,NAA50,1,1,1.8005495344184514,4.992975282545695,-5.7979417306856065e-05,0.004651027954843473,2.2123943947433338,-2.8989708653428032e-05,0.00034529385714480196,63.732,3.2241666666666666
hap1-tkov3,NAMPT,1,0,1.4589069367592598,4.813444489156167,-0.00011595883461371213,0.006410070578790683,1.866963235046013,-2.8989708653428032e-05,0.00035086702115485845,53.019,2.7969166666666667
hap1-tkov3,NANOGNB,0,3,-0.23035495509736312,-1.1435580738813904,-0.9334106392230758,1.0,-0.13591259166980768,-0.8192201768372228,0.9715389114977364,-35.985,-0.33225000000000005
hap1-tkov3,NANOS2,0,0,0.090671202541126,0.6568446985514367,-0.3276996666183505,1.0,0.20175590173375965,-0.06021162487317003,0.30633330212022525,-15.224,0.38375000000000004
hap1-tkov3,NAPA,1,2,0.5656367687209337,1.6089338994387528,-0.023829540513117843,0.29440407251414286,0.9437318977937496,-2.8989708653428032e-05,0.0003095885480778163,32.906,2.0936666666666666
hap1-tkov3,NARS,1,3,0.7543951682295222,2.206906410432201,-0.008233077257573562,0.130032860312611,1.2009946526056459,-2.8989708653428032e-05,0.0002993925180513014,42.017,2.405333333333333
hap1-tkov3,NAT10,1,0,0.6693569977689873,2.607292741948581,-0.013364255689230324,0.18678550881049868,1.0070970762715765,-2.8989708653428032e-05,0.00035086702115485845,16.039,1.4892499999999997
hap1-tkov3,NCBP1,1,3,1.0375241647696554,4.015399434737794,-0.0016234236845919698,0.0428777768578219,1.4584323163121866,-2.8989708653428032e-05,0.0002993925180513014,31.092,2.021916666666667
hap1-tkov3,NCBP2,1,2,0.1865086416999345,0.5286872250497056,-0.20379765183359907,1.0,0.4212261316986113,-0.0022032178576605306,0.01831272211617888,44.868,2.521916666666667
hap1-tkov3,NCR2,0,1,0.16438676911924938,1.1130809648068003,-0.22681548050442094,1.0,0.29262573358879895,-0.01698796927090883,0.11458408526216839,-8.85,0.6025
hap1-tkov3,NDC80,1,1,1.1112437940626634,3.911173038354452,-0.0011595883461371214,0.03533466467460589,1.4881323258717944,-2.8989708653428032e-05,0.00034529385714480196,39.724,2.357
hap1-tkov3,NDST4,0,1,-0.08788963779793875,-0.3703926746282852,-0.6938106972024931,1.0,0.02915597895394697,-0.3553848383823743,0.7919021069225852,-17.749,0.28108333333333335
hap1-tkov3,NDUFA13,1,1,0.5606191218232743,2.434167525262346,-0.024699231772720685,0.3036262654198957,0.8029464192630412,-2.8989708653428032e-05,0.00034529385714480196,12.518,1.3743333333333332
hap1-tkov3,NELFB,1,0,0.9765886970062859,2.3882860387182223,-0.0020582693143933904,0.04816685327726296,1.4486018874154434,-2.8989708653428032e-05,0.00035086702115485845,47.474,2.600833333333333
hap1-tkov3,NEUROD2,0,2,0.07661659095290976,0.4383833491079119,-0.3491810407305407,1.0,0.18953172940748636,-0.06914045513842586,0.3232489644273328,-14.695,0.3894166666666667
hap1-tkov3,NEUROD4,0,0,-0.1406939314272794,-1.1158445640423766,-0.8064647050297145,1.0,-0.05037159447659368,-0.5937672126395129,0.9206545967930442,-31.322,-0.18550000000000003
hap1-tkov3,NEUROD6,0,1,0.0075762137498876425,0.07124493640053112,-0.482968546166111,1.0,0.11209059602825475,-0.16906798086679228,0.579820136410731,-19.525,0.21691666666666667
hap1-tkov3,NEUROG1,0,4,-0.10877563675173524,-0.604527286872762,-0.7405710972604725,1.0,-0.0054423708595841705,-0.462443832439484,0.8420308749878916,-25.05,0.03691666666666667
hap1-tkov3,NHP2,1,4,1.1187856700556449,3.458880595555199,-0.0011595883461371214,0.03533466467460589,1.5146996403252486,-2.8989708653428032e-05,0.000424075916154091,49.7,2.66425
hap1-tkov3,NIP7,1,3,1.2104663001542535,4.07962432867115,-0.0006377735903754167,0.02391235024609742,1.6534499837599717,-2.8989708653428032e-05,0.0002993925180513014,43.351,2.452166666666667
hap1-tkov3,NKAP,1,3,0.04971906764954302,0.20075481461575898,-0.399188288157704,1.0,0.1766524721200322,-0.08728801275547181,0.37806538322290867,-15.225,0.3963333333333333
hap1-tkov3,NKX2-1,0,1,0.028060709437136455,0.1860671018552642,-0.44151326279170894,1.0,0.13424049527891016,-0.1352659805768952,0.5126169491464976,-16.623,0.32175
hap1-tkov3,NKX2-2,0,1,0.16665270970978363,1.0719313559660004,-0.22368459196985072,1.0,0.2892690450565162,-0.017915639947818526,0.12004313993008008,-10.078,0.5581666666666667
hap1-tkov3,NLE1,1,4,1.7169565915321054,4.392164431052997,-5.7979417306856065e-05,0.004651027954843473,2.0676780022762196,-2.8989708653428032e-05,0.000424075916154091,72.917,3.4802500000000003
hap1-tkov3,NLRP4,0,3,-0.24075879416701984,-1.3557563457420205,-0.9420785621104508,1.0,-0.14858712509738833,-0.8445281924916654,0.9778955582088228,-38.677,-0.42674999999999996
hap1-tkov3,NLRP5,0,1,-0.15975218698592403,-1.182788335839708,-0.8408754892013335,1.0,-0.06709036520283684,-0.6379185389186839,0.9291896754838761,-31.029,-0.19858333333333333
hap1-tkov3,NLRP8,0,0,-0.010596707482326264,-0.04415296600131805,-0.5218147557617046,1.0,0.09079557458416987,-0.20762429337585156,0.6410231203433789,-21.014,0.179
hap1-tkov3,NLRP9,0,1,-0.16461831146898012,-0.9345753840145642,-0.8487317002464125,1.0,-0.07336888963343363,-0.6565589215828381,0.9354048484336869,-30.701,-0.18674999999999994
hap1-tkov3,NMD3,1,0,0.3087759617546693,1.325799087171423,-0.10679808667922887,0.9558622734596057,0.4767945934572902,-0.0009566603855631251,0.00866116623086993,5.964,1.133
hap1-tkov3,NMS,0,1,-0.31661300282916577,-1.5490094340438094,-0.9835048557761994,1.0,-0.2441019006097198,-0.9526018263516451,1.0,-42.262,-0.6043333333333333
hap1-tkov3,NMT1,1,3,0.92613217635961,3.2567780236036614,-0.0029859399913030873,0.06342180668719748,1.3140882659330435,-2.8989708653428032e-05,0.0002993925180513014,27.048,1.8800000000000003
hap1-tkov3,NOBOX,0,0,-0.13992223623508093,-1.2779889788772147,-0.8048992607624293,1.0,-0.04995227448269167,-0.5922597477895347,0.9196636238521748,-31.303,-0.18483333333333335
hap1-tkov3,NOC4L,1,0,1.4990937819248482,4.553776130098839,-0.00011595883461371213,0.006410070578790683,1.8923452168179484,-2.8989708653428032e-05,0.00035086702115485845,57.52,2.956083333333333
hap1-tkov3,NOL10,1,3,0.8485965458989001,2.7882274276291987,-0.004464415132627917,0.08122127404265156,1.2451326789287802,-2.8989708653428032e-05,0.0002993925180513014,40.896,2.3659999999999997
hap1-tkov3,NOL11,1,1,1.3445051490245388,4.753954251726091,-0.0003188867951877084,0.015235015392250433,1.7108811245005007,-2.8989708653428032e-05,0.00034529385714480196,44.05,2.5132499999999998
hap1-tkov3,NOL6,1,1,1.6935849402665433,5.09890192851423,-5.7979417306856065e-05,0.004651027954843473,2.0885432926150953,-2.8989708653428032e-05,0.00034529385714480196,60.654,3.1129999999999995
hap1-tkov3,NOL9,1,1,1.282688934959738,3.692216342888032,-0.0004348456298014205,0.0173606078175581,1.7408635655529343,-2.8989708653428032e-05,0.00034529385714480196,44.543,2.5310833333333336
hap1-tkov3,NOP16,1,0,2.2835216589794296,6.001075775862517,-2.8989708653428032e-05,0.004651027954843473,2.6953992445093444,-2.8989708653428032e-05,0.00035086702115485845,84.927,3.92525
hap1-tkov3,NOP2,1,2,1.1817853227956818,4.617334164030292,-0.0007827221336425569,0.02732714299379186,1.571392532159247,-2.8989708653428032e-05,0.0003095885480778163,35.031,2.16975
hap1-tkov3,NOP56,1,2,0.9451443451326021,3.5673709840748087,-0.002609073778808523,0.057177503765070636,1.2603072683490122,-2.8989708653428032e-05,0.0003095885480778163,33.055,2.0989999999999998
hap1-tkov3,NOP9,1,2,2.0357442552826694,6.181284013039736,-2.8989708653428032e-05,0.004651027954843473,2.4891605974178717,-2.8989708653428032e-05,0.0003095885480778163,73.716,3.5547500000000003
hap1-tkov3,NOTO,0,3,-0.11172401138000695,-0.5640178464016676,-0.7465139875344253,1.0,-0.004984839716556699,-0.46531381359617335,0.834538449114433,-27.983,-0.05141666666666669
hap1-tkov3,NOX3,0,1,0.007256617943676738,0.05027457177133709,-0.4835483403391796,1.0,0.11254724185777457,-0.16837222785911002,0.5785845415194403,-18.586,0.2508333333333333
hap1-tkov3,NPFFR1,0,4,0.021976797789411095,0.18783299728537556,-0.45365995071749526,1.0,0.1319133904126121,-0.1401072619220177,0.5094668990485621,-19.649,0.22675000000000006
hap1-tkov3,NPHS2,0,3,-0.3541455468103592,-1.8050224701360007,-0.9916799536164661,1.0,-0.2756877215574385,-0.9729526018263517,1.0,-46.563,-0.7035000000000001
hap1-tkov3,NPLOC4,1,3,0.9880409745390241,3.7205872840910206,-0.0019423104797796783,0.04614191300931145,1.3929269005561145,-2.8989708653428032e-05,0.0002993925180513014,30.135,1.9883333333333333
hap1-tkov3,NPSR1,0,0,0.11740008702566834,0.6416047079662431,-0.2872590230468184,1.0,0.23340275619893516,-0.04081750978402667,0.23326030193674882,-13.058,0.4603333333333333
hap1-tkov3,NPVF,0,4,0.14394273922124937,0.6266962485843875,-0.25183359907232933,1.0,0.256142238093784,-0.0313378750543557,0.18676030789995604,-22.181,0.1377500000000001
hap1-tkov3,NR2E1,0,4,0.05817830203790938,0.38796329972917026,-0.3824032468473692,1.0,0.19105730726758782,-0.07169154949992752,0.33654440779130373,-18.841,0.25516666666666665
hap1-tkov3,NSF,1,2,0.7891921254192124,2.513246269151819,-0.006464705029714452,0.10877733429022943,1.1252780759950674,-2.8989708653428032e-05,0.0003095885480778163,38.024,2.2769166666666667
hap1-tkov3,NUDC,1,4,1.9485206937446717,4.458156935137778,-5.7979417306856065e-05,0.004651027954843473,2.548715276819143,-2.8989708653428032e-05,0.000424075916154091,77.884,3.6548333333333334
hap1-tkov3,NUDCD3,1,2,1.2761889294129467,3.107035333385907,-0.0004348456298014205,0.0173606078175581,2.010586542541706,-2.8989708653428032e-05,0.0003095885480778163,45.163,2.5325
hap1-tkov3,NUDT21,1,2,1.5107090127473883,3.7676128049926145,-8.69691259602841e-05,0.005952208394591349,2.180798526625489,-2.8989708653428032e-05,0.0003095885480778163,74.416,3.5798333333333336
hap1-tkov3,NUDT4,1,1,0.20239131745469569,1.3075812731443197,-0.1866647340194231,1.0,0.32995028489367983,-0.009566603855631252,0.07033044190028653,-7.392,0.6551666666666667
hap1-tkov3,NUF2,1,1,0.875432531538723,2.364844440673082,-0.004000579794173068,0.07582197770340979,1.3070749248169091,-2.8989708653428032e-05,0.00034529385714480196,44.426,2.5268333333333333
hap1-tkov3,NUP133,1,1,1.2122747475523676,3.726774898451441,-0.0006087838817219887,0.022875153830194204,1.59748048838052,-2.8989708653428032e-05,0.00034529385714480196,52.434,2.8160833333333333
hap1-tkov3,NUP155,1,3,0.827706947945131,3.403105890678243,-0.005073199014349905,0.08992545056576857,1.16954366031354,-2.8989708653428032e-05,0.0002993925180513014,29.157,1.954
hap1-tkov3,NUP160,1,4,0.27840837636200444,0.9442415846261807,-0.12494564429627482,1.0,0.48635876456831006,-0.0011305986374836932,0.010161247889880801,11.628,1.326083333333333
hap1-tkov3,NUP214,1,3,0.7996411126203519,2.6908288792816664,-0.006116828525873315,0.1039378734834848,1.191945541322169,-2.8989708653428032e-05,0.0002993925180513014,35.072,2.161583333333333
hap1-tkov3,NUP85,1,1,1.5440952674443034,4.233520340622096,-8.69691259602841e-05,0.005952208394591349,1.8967543336678676,-2.8989708653428032e-05,0.00034529385714480196,61.182,3.132083333333333
hap1-tkov3,NUP88,1,1,0.9466144303799099,3.0741207301906868,-0.002580084070155095,0.05668625472352219,1.309465342286214,-2.8989708653428032e-05,0.00034529385714480196,39.622,2.353333333333333
hap1-tkov3,NUP93,1,1,1.4485733172624398,4.323462443019904,-0.00011595883461371213,0.006410070578790683,1.878536495305962,-2.8989708653428032e-05,0.00034529385714480196,49.347,2.7045833333333333
hap1-tkov3,NUS1,1,4,0.5499926792031083,2.427295058391153,-0.026438614291926368,0.3199907232932309,0.7943879563075859,-5.7979417306856065e-05,0.000629704666430319,13.015,1.3748333333333334
hap1-tkov3,NUTF2,1,1,0.9774822824875384,2.5162387133480033,-0.0020582693143933904,0.04816685327726296,1.4046980296982088,-2.8989708653428032e-05,0.00034529385714480196,51.294,2.7749166666666665
hap1-tkov3,NUTM1,0,4,-0.18155615747538908,-1.2053652278189926,-0.8750253659950717,1.0,-0.0849467557759998,-0.6978402667053196,0.9428934338717633,-33.566,-0.2624166666666667
hap1-tkov3,NVL,1,3,1.8224762446392178,4.691005384207961,-5.7979417306856065e-05,0.004651027954843473,2.254465259529956,-2.8989708653428032e-05,0.0002993925180513014,79.917,3.7354999999999996
hap1-tkov3,NXF1,1,4,1.3213124176504005,3.7929062629601638,-0.00037686621249456443,0.016970787380923637,1.7353773859054753,-2.8989708653428032e-05,0.000424075916154091,46.964,2.5680833333333335
hap1-tkov3,NYX,0,4,-0.21011541346616894,-1.5148031501086667,-0.9126540078272214,1.0,-0.11834247850213214,-0.7790984200608784,0.9651041670353534,-36.978,-0.38233333333333336
hap1-tkov3,OC90,0,2,-0.34307363407569363,-1.7188040272909977,-0.9897376431366864,1.0,-0.2698410139900028,-0.9661110305841426,1.0,-44.563,-0.6799166666666667
hap1-tkov3,OGDH,1,0,1.2587635001340605,3.7812182550076003,-0.0004348456298014205,0.0173606078175581,1.6699557544486474,-2.8989708653428032e-05,0.00035086702115485845,45.989,2.5483333333333333
hap1-tkov3,OGT,1,0,0.9528272224664781,3.686610997503787,-0.002522104652848239,0.056272624770599716,1.2707930909947558,-2.8989708653428032e-05,0.00035086702115485845,29.974,1.9819999999999998
hap1-tkov3,OLIG2,0,0,-0.31644592234953256,-1.6437747079231864,-0.9834178866502392,1.0,-0.25603151642883704,-0.9636758950572547,1.0,-47.931,-0.7728333333333333
hap1-tkov3,OLIG3,0,4,0.05952624025878667,0.37682530345444654,-0.38040295695028264,1.0,0.1783660716002957,-0.0822148137411219,0.367251720433341,-13.985,0.42583333333333334
hap1-tkov3,OPALIN,0,2,-0.12394931636958936,-1.0425534604721156,-0.7716480649369474,1.0,-0.02756142794147458,-0.5291491520510219,0.8775442040842072,-30.304,-0.16941666666666666
hap1-tkov3,OPN5,0,3,-0.12368229355987746,-0.994135089798954,-0.7712422090157994,1.0,-0.019300766188660876,-0.5087983765763154,0.8570901051193337,-29.598,-0.10808333333333332
hap1-tkov3,OR10A2,0,3,-0.27564297109955427,-1.6331582051177458,-0.9669807218437455,1.0,-0.18213024264542113,-0.8968546166111031,0.990589277790054,-40.591,-0.49391666666666667
hap1-tkov3,OR10A4,0,3,-0.2019633329139161,-1.49414444562017,-0.9023916509639078,1.0,-0.10277467919765156,-0.7446586461806058,0.9508324760087998,-35.574,-0.3178333333333333
hap1-tkov3,OR10A5,0,1,-0.1300827310398389,-1.6693860059918837,-0.7854761559646326,1.0,-0.033687936454653386,-0.5401942310479779,0.8922398556935758,-29.548,-0.14508333333333334
hap1-tkov3,OR10H2,0,0,-0.0059447479133364275,-0.061096410088066926,-0.511001594433976,1.0,0.0956360596350298,-0.19843455573271487,0.6299283605231241,-21.014,0.17900000000000002
hap1-tkov3,OR10H3,0,2,-0.23777418795615757,-1.4868115730453766,-0.9397014060008697,1.0,-0.1429464055572828,-0.8244383243948399,0.9710935658414056,-36.454,-0.3895833333333333
hap1-tkov3,OR10J1,0,0,-0.26203997408338303,-1.750321734917748,-0.957675025365995,1.0,-0.17841916720105194,-0.8867372082910566,0.9930236108951273,-40.044,-0.49391666666666667
hap1-tkov3,OR10R2,0,2,-0.029390268621409067,-0.2970999946367666,-0.5622264096245833,1.0,0.07760691622849954,-0.23870126105232642,0.6661084175263295,-23.023,0.09125
hap1-tkov3,OR10S1,0,2,-0.38178073384207395,-1.785370154660325,-0.9951297289462241,1.0,-0.3285766409044315,-0.986113929555008,1.0,-47.845,-0.7974166666666667
hap1-tkov3,OR10X1,0,0,-0.3019886971912499,-1.4614136868567826,-0.9790404406435715,1.0,-0.22445268603993346,-0.9398753442527903,1.0,-42.735,-0.5890833333333334
hap1-tkov3,OR10Z1,0,3,-0.12095325066853226,-0.9631610371668738,-0.7657341643716481,1.0,-0.018784309655941602,-0.5071169734744165,0.8559165068038989,-29.662,-0.11033333333333332
hap1-tkov3,OR11A1,0,0,-0.1411719730755258,-1.0210602237800306,-0.8075083345412378,1.0,-0.04962710158252051,-0.5910711697347442,0.9187278717028777,-30.44,-0.15433333333333332
hap1-tkov3,OR12D2,0,0,-0.2069899441583704,-1.0496925328818105,-0.9088273662849689,1.0,-0.12663228757006892,-0.7935932743875924,0.9793887162928281,-35.953,-0.34924999999999995
hap1-tkov3,OR12D3,0,1,-0.08630275195711865,-0.7365634626083968,-0.6901869836208147,1.0,0.009810819911624214,-0.4111030584142629,0.8267600802787771,-26.301,-0.027833333333333363
hap1-tkov3,OR13C3,0,4,-0.16992829919962102,-0.983848848379981,-0.8570807363385998,1.0,-0.07238048295546047,-0.6636034207856211,0.9302622739548194,-31.921,-0.20458333333333334
hap1-tkov3,OR13D1,0,1,-0.23530491004744913,-1.4325583797212587,-0.9379040440643571,1.0,-0.1523306749117963,-0.8433396144368749,0.9832665809550137,-37.796,-0.44300000000000006
hap1-tkov3,OR14A16,0,2,-0.13205947387131853,-1.4782499988963735,-0.7897376431366865,1.0,-0.035893680789191314,-0.5533555587766343,0.88560917278444,-30.819,-0.18783333333333332
hap1-tkov3,OR1A1,0,2,-0.32727575606399356,-1.7591111836337971,-0.9861429192636614,1.0,-0.24782580004095556,-0.9537614146977823,1.0,-43.986,-0.6592500000000001
hap1-tkov3,OR1A2,0,1,-0.17266947292844914,-0.9765070783694334,-0.8616901000144949,1.0,-0.08453131034194863,-0.6885345702275693,0.9478842053156256,-31.603,-0.21933333333333338
hap1-tkov3,OR1B1,0,3,-0.10186611507249409,-0.925772221126896,-0.7251775619655022,1.0,0.0029128145004603144,-0.4427018408464995,0.8245090848272026,-28.755,-0.07849999999999999
hap1-tkov3,OR1D2,0,4,-0.23663269555609895,-1.1634003993173538,-0.9389476735758806,1.0,-0.1575597416621099,-0.8565299318741847,0.9810165737332414,-38.927,-0.45083333333333336
hap1-tkov3,OR1E1,0,1,-0.24936581904965052,-1.1992315708532542,-0.9488041745180461,1.0,-0.16285189512099493,-0.8611682852587331,0.9853757988361553,-35.994,-0.3779166666666667
hap1-tkov3,OR1G1,0,0,-0.12521816185023932,-0.6804629114582069,-0.7743151181330628,1.0,-0.03230564435872928,-0.5388896941585737,0.8981104893048282,-32.272,-0.2190833333333333
hap1-tkov3,OR1N2,0,2,-0.16369127271256617,-0.8532383507324994,-0.8473981736483548,1.0,-0.06441301403795943,-0.6346137121321931,0.9173734551289862,-29.42,-0.13774999999999998
hap1-tkov3,OR2AK2,0,3,-0.20135242075606288,-1.3193994658508745,-0.9018698362081461,1.0,-0.10637259535308274,-0.7525728366429917,0.9517946552454116,-36.474,-0.34941666666666676
hap1-tkov3,OR2AT4,0,4,-0.17426608204247854,-1.3242578905132294,-0.8641252355413828,1.0,-0.07728677598504816,-0.6766487896796637,0.9353339485136779,-33.261,-0.25166666666666665
hap1-tkov3,OR2C1,0,0,0.19062757674800254,1.2353986909796082,-0.19997101029134656,1.0,0.33355223098191206,-0.009624583272938107,0.07142650073509618,-8.213,0.6316666666666666
hap1-tkov3,OR2C3,0,4,-0.08752810498370527,-0.4048550348828384,-0.6928250471082765,1.0,0.02636234482417384,-0.370604435425424,0.7866848858808969,-22.2,0.13708333333333333
hap1-tkov3,OR2D2,0,3,-0.362346045636843,-2.450897580859742,-0.9929265110885636,1.0,-0.2853218649799547,-0.9764313668647631,1.0,-50.321,-0.8354166666666668
hap1-tkov3,OR2D3,0,0,-0.27105557980645417,-1.8983329330014622,-0.964110740687056,1.0,-0.1870417618649704,-0.8976373387447456,0.9942882684539206,-40.791,-0.5203333333333333
hap1-tkov3,OR2F1,0,1,-0.12464653979675147,-0.9320387271130411,-0.7734164371648065,1.0,-0.028761816471935542,-0.524887664878968,0.8840564019694884,-29.072,-0.12791666666666665
hap1-tkov3,OR2G2,0,0,-0.09347221393892312,-0.873391167239143,-0.7062472822148137,1.0,0.0022464230669370895,-0.4344107841716191,0.8456781677379333,-27.987,-0.06758333333333337
hap1-tkov3,OR2G3,0,0,-0.4459532063794917,-1.8380435403977666,-0.9987244528192492,1.0,-0.3958829713863947,-0.9964922452529352,1.0,-52.861,-0.9471666666666665
hap1-tkov3,OR2H1,0,1,-0.2830978678552838,-1.3593406309097409,-0.9706914045513843,1.0,-0.2030574319555722,-0.9171184229598492,0.9963324708561585,-38.665,-0.47441666666666665
hap1-tkov3,OR2T1,0,1,-0.1670668883705202,-1.0802261897106868,-0.8525873314973185,1.0,-0.0770433839808713,-0.6665893607769242,0.9371622405207046,-30.81,-0.19066666666666668
hap1-tkov3,OR2T10,0,1,-0.20587289255069646,-1.7546727296876963,-0.9073778808522974,1.0,-0.11556075862460741,-0.7665458762139441,0.9675167736968194,-35.214,-0.34975
hap1-tkov3,OR2T4,0,2,-0.2647589950212704,-2.233539011269609,-0.9597332946803885,1.0,-0.17989890916146606,-0.8849398463545441,0.9841107350797623,-40.774,-0.54425
hap1-tkov3,OR2W1,0,2,-0.35117723775918774,-1.5140155039521066,-0.9912161182780113,1.0,-0.3083875763358032,-0.9809537614146978,1.0,-44.656,-0.6832499999999999
hap1-tkov3,OR3A1,0,0,-0.07195456432242738,-0.5295080776387244,-0.6590810262356863,1.0,0.022792928015527982,-0.37376431366864765,0.8081991820454504,-25.395,0.02408333333333333
hap1-tkov3,OR3A2,0,2,-0.171248401718546,-1.1317138510851898,-0.8593419336135671,1.0,-0.07675458888613879,-0.6680388462095956,0.9273833834377496,-32.003,-0.23025
hap1-tkov3,OR3A3,0,1,-0.05559524588131311,-0.49655912243292705,-0.621133497608349,1.0,0.04220068756612007,-0.3215828380924772,0.763562951248056,-24.682,0.03066666666666669
hap1-tkov3,OR4C11,0,1,-0.16034451546835088,-0.9090733146375617,-0.8416292216263227,1.0,-0.06853593998483347,-0.6418031598782432,0.9301568053268086,-28.595,-0.11066666666666665
hap1-tkov3,OR4C3,0,4,0.12805502443991604,1.0916658313725436,-0.2725322510508769,1.0,0.24767533411503662,-0.03565734164371648,0.20630062775215635,-13.233,0.45225
hap1-tkov3,OR4D1,0,0,0.04633172175790093,0.33231937669134576,-0.40545006522684446,1.0,0.15903973540027472,-0.10160892883026526,0.4329172913872492,-19.638,0.2276666666666668
hap1-tkov3,OR4D10,0,0,-0.22626912347304612,-0.9929892658671913,-0.9293810697202494,1.0,-0.14010802122429566,-0.8208436005218147,0.9818129866194124,-30.773,-0.1660833333333333
hap1-tkov3,OR4D11,0,1,0.10292958449729878,0.95168928639154,-0.3096100884186114,1.0,0.22169071192329237,-0.04844180315987824,0.2645585114307853,-14.247,0.40758333333333335
hap1-tkov3,OR4D9,0,4,-0.13646746234661689,-1.0490535614243481,-0.7984635454413683,1.0,-0.03623219804409869,-0.5566893752717785,0.8864575436536205,-30.453,-0.153
hap1-tkov3,OR4K17,0,4,-0.04993552879893344,-0.23561523193359463,-0.6088128714306421,1.0,0.05874028125164058,-0.284389041890129,0.7142650073509618,-23.601,0.08783333333333326
hap1-tkov3,OR51B6,0,0,-0.25291509312976124,-1.4773604297251075,-0.9514132482968546,1.0,-0.17122294720243017,-0.876735758805624,0.9916640820923016,-38.95,-0.45524999999999993
hap1-tkov3,OR51D1,0,3,-0.1961723291321522,-0.8460995584227432,-0.8945934193361357,1.0,-0.09563693853539648,-0.727119872445282,0.9432774329495355,-32.091,-0.19558333333333336
hap1-tkov3,OR51F2,0,4,-0.1622159281942351,-1.2654701479592259,-0.845107986664734,1.0,-0.0659317563886623,-0.6446441513262792,0.9233599931836506,-32.538,-0.22625
hap1-tkov3,OR51T1,0,0,-0.0029327891647615103,-0.02314595084748411,-0.5042180026090738,1.0,0.09934121020466932,-0.19199884041165385,0.6224443610112395,-20.816,0.18600000000000005
hap1-tkov3,OR51V1,0,1,-0.23298880426787516,-1.955273073817528,-0.9358457747499638,1.0,-0.14846665188424868,-0.8358892593129439,0.9819222214528227,-38.338,-0.46258333333333335
hap1-tkov3,OR52A1,0,4,-0.2613583576423424,-1.9062722673384525,-0.9573561385708074,1.0,-0.1723138781697019,-0.8784461516161762,0.9842500342314163,-40.324,-0.4999166666666666
hap1-tkov3,OR52A5,0,1,-0.2526592396491876,-1.709077597445616,-0.9510943615016669,1.0,-0.16735953501643552,-0.8684157124220901,0.9875776719081457,-38.266,-0.4600000000000001
hap1-tkov3,OR52B2,0,1,-0.24262619327388243,-1.5349842135477378,-0.9434700681258154,1.0,-0.15959952236432473,-0.8558921582838093,0.9850742955063163,-37.699,-0.4395
hap1-tkov3,OR52B6,0,1,-0.18858017256559034,-1.3170091236210517,-0.8850847948978112,1.0,-0.10157298273610857,-0.7340774025221046,0.9591164582237827,-35.438,-0.35783333333333334
hap1-tkov3,OR52E8,0,4,-0.23969620199220024,-2.013484041901438,-0.9414697782287288,1.0,-0.14633627734679747,-0.8364980431946659,0.9773783450293613,-38.797,-0.44625
hap1-tkov3,OR52K2,0,1,-0.2776975510827063,-1.2870144388943217,-0.9684302072764168,1.0,-0.21078532042673198,-0.9255834178866502,0.9982202950854342,-39.934,-0.5202499999999999
hap1-tkov3,OR52L1,0,3,-0.2612471987321886,-1.1231266279229237,-0.957327148862154,1.0,-0.16990126242593462,-0.8798086679228874,0.9860013048194401,-37.272,-0.3774166666666667
hap1-tkov3,OR52M1,0,2,-0.03872560926712475,-0.25750384381560276,-0.5834468763588926,1.0,0.06502867054532202,-0.2677489491230613,0.69975244106524,-19.534,0.21616666666666665
hap1-tkov3,OR52R1,0,2,-0.0898299296270563,-0.5264402511204832,-0.698072184374547,1.0,0.013661978264414593,-0.40344977532975795,0.8070245530774184,-25.43,0.005083333333333349
hap1-tkov3,OR52W1,0,1,-0.1196160341718285,-0.8396499432456077,-0.763357008262067,1.0,-0.025675941356643504,-0.515205102188723,0.8795336596893889,-28.883,-0.12108333333333335
hap1-tkov3,OR56A1,0,3,-0.22910626315859509,-1.6803183482268305,-0.9320191332077112,1.0,-0.1334242904396852,-0.8134222351065372,0.968728389138489,-38.276,-0.4126666666666666
hap1-tkov3,OR56A4,0,0,-0.13141372717955468,-0.8043804241140886,-0.7884620959559356,1.0,-0.039973548965216245,-0.561327728656327,0.9064431534164235,-28.755,-0.09475
hap1-tkov3,OR56B1,0,1,-0.19412245239092352,-1.600637605111399,-0.8919843455573272,1.0,-0.10545122405478201,-0.7429482533700537,0.9607579310094709,-34.997,-0.3419166666666667
hap1-tkov3,OR5AU1,0,2,-0.13415021156777676,-1.091959352956082,-0.7939991303087404,1.0,-0.037013097455658686,-0.5562545296419771,0.8864595409035697,-29.995,-0.15833333333333333
hap1-tkov3,OR5C1,0,3,-0.2663014717064147,-1.7602809335054315,-0.9606899550659516,1.0,-0.17064685197882018,-0.8808812871430642,0.9860816225972888,-40.584,-0.4936666666666667
hap1-tkov3,OR5I1,0,0,-0.24127915411400258,-1.0569045770153274,-0.9424264386142919,1.0,-0.16030489034190895,-0.8590520365270329,0.9888483808309326,-35.623,-0.33758333333333335
hap1-tkov3,OR5P2,0,0,-0.34386890339882475,-1.987740041057878,-0.989911581388607,1.0,-0.26929974818499786,-0.9705464560081171,1.0,-46.682,-0.7286666666666667
hap1-tkov3,OR5P3,0,1,-0.06023539659878372,-0.5787475498580258,-0.6315987824322365,1.0,0.03712204803651009,-0.3341353819394115,0.7745743188587407,-24.273,0.045416666666666675
hap1-tkov3,OR5R1,0,0,-0.11052908347052057,-0.7487722592287097,-0.7444267285113785,1.0,-0.0167621633524818,-0.492448180895782,0.8781657559628347,-28.166,-0.07391666666666666
hap1-tkov3,OR5T1,0,4,-0.28213185107878286,-1.6758364136368304,-0.9703145383388897,1.0,-0.1938328835304382,-0.907348891143644,0.9909183479419124,-42.389,-0.5725
hap1-tkov3,OR5T2,0,1,-0.1740258293853833,-1.4959446207756775,-0.8636614002029279,1.0,-0.08261022249286169,-0.682765618205537,0.9447200057932923,-32.891,-0.2658333333333333
hap1-tkov3,OR5V1,0,3,-0.020275262849241207,-0.15960385985031586,-0.543238150456588,1.0,0.08805571671976307,-0.22675750108711407,0.6490705870607987,-22.954,0.1250833333333333
hap1-tkov3,OR5W2,0,1,-0.1094240793097994,-1.9937944258810212,-0.7418176547325699,1.0,-0.014141958160092706,-0.48160602985939993,0.8653254710891833,-28.553,-0.10916666666666666
hap1-tkov3,OR6A2,0,3,-0.2982999413639385,-1.4152882760511614,-0.9779388317147413,1.0,-0.2180905973799772,-0.9364255689230323,1.0,-42.711,-0.5683333333333334
hap1-tkov3,OR6K6,0,4,-0.1538196528913818,-0.7242216163980064,-0.8303522249601392,1.0,-0.059158491252292354,-0.6256848818669373,0.9185760420891789,-29.567,-0.12183333333333338
hap1-tkov3,OR6S1,0,3,0.0931575118929194,0.81867322038408,-0.3239020147847514,1.0,0.21685166933493,-0.053775909552109,0.27375239434628806,-15.287,0.3941666666666667
hap1-tkov3,OR6V1,0,3,-0.0065847519938504765,-0.04664166069849723,-0.5125090592839542,1.0,0.1056899115736501,-0.19144803594723872,0.6009834870768284,-21.375,0.18050000000000005
hap1-tkov3,OR7A17,0,1,-0.22854348343039452,-1.2559936873705178,-0.9312364110740687,1.0,-0.14899707807213022,-0.8369618785331208,0.9825201622753084,-36.94,-0.4120833333333333
hap1-tkov3,OR7D4,0,4,-0.21187206581173107,-1.4541477084955277,-0.9144223800550805,1.0,-0.11769224393128294,-0.7779388317147413,0.9651041670353534,-35.736,-0.33866666666666667
hap1-tkov3,OR8A1,0,3,-0.025928960223020173,-0.293916995655665,-0.5543122191621974,1.0,0.08620409038492673,-0.23026525583417887,0.6520086795882586,-23.106,0.11975000000000002
hap1-tkov3,OR8B8,0,4,-0.3045582922150923,-1.3328006736059363,-0.9799681113204812,1.0,-0.22710975887090018,-0.9397014060008697,0.9978198741290727,-40.542,-0.5075833333333333
hap1-tkov3,OR8G5,0,0,-0.0013857775216683029,-0.01133983195411637,-0.5008841861139296,1.0,0.10377328868634263,-0.1834468763588926,0.6084230459655771,-20.696,0.19025
hap1-tkov3,OR8U1,0,4,0.03905655705160016,0.4160249762908976,-0.4197419915929845,1.0,0.15131359916964543,-0.11305986374836934,0.44815984143142407,-20.287,0.20433333333333334
hap1-tkov3,OR9Q2,0,0,-0.23830752993361848,-1.3742651481334973,-0.940194231047978,1.0,-0.15340304250778075,-0.8460646470502972,0.9861200604866353,-38.373,-0.43483333333333324
hap1-tkov3,ORC6,1,2,1.3274845704492857,3.6836711184314828,-0.00037686621249456443,0.016970787380923637,1.806644097238869,-2.8989708653428032e-05,0.0003095885480778163,59.34,3.040083333333334
hap1-tkov3,OSGEP,1,3,0.3122750574829354,1.0969423326675904,-0.10511668357733005,0.9472034700408628,0.5166086927085611,-0.0007537324249891289,0.006889042466236091,-2.755,0.8340000000000001
hap1-tkov3,OTOP1,0,2,0.20636271598557698,1.0583700405263303,-0.18269314393390346,1.0,0.3583438637896071,-0.006174807943180171,0.04677071260255969,-7.226,0.6568333333333334
hap1-tkov3,OTOP3,0,4,-0.2505821184020363,-1.810021946048577,-0.9496158863603421,1.0,-0.16111670690820015,-0.8623278736048703,0.9823512478847083,-42.773,-0.586
hap1-tkov3,OTOR,0,1,-0.15834648311795563,-0.9411688157801075,-0.8381794462965647,1.0,-0.06543752030388135,-0.6333381649514422,0.9276476636999007,-30.733,-0.18791666666666665
hap1-tkov3,OTP,0,1,-0.04752148414471028,-0.23388233678080386,-0.6030439194086099,1.0,0.05304155664503241,-0.29424554283229454,0.7411790385904169,-20.739,0.1730833333333333
hap1-tkov3,OTUD6A,0,4,-0.23207956577614802,-1.4801594276297623,-0.9351210320336281,1.0,-0.13979359325842827,-0.8234236845919698,0.9740133237543961,-37.924,-0.4155833333333333
hap1-tkov3,OTX2,0,3,-0.12706709190146395,-0.6427377998678333,-0.7788085229743441,1.0,-0.009443217943905841,-0.4783301927815625,0.8404542498411027,-24.367,0.07550000000000001
hap1-tkov3,PABPC1,1,3,0.28545492654740245,1.4693403704798964,-0.12039426003768662,1.0,0.4718140139894238,-0.0013045368894042614,0.011351840429644449,-0.851,0.9008333333333334
hap1-tkov3,PAFAH1B1,1,0,0.6004252724315082,1.802717288487668,-0.019973909262211913,0.25803290841474535,0.8874180573649662,-2.8989708653428032e-05,0.00035086702115485845,42.508,2.42525
hap1-tkov3,PAGE3,0,3,-0.30926646782239803,-1.917380539674545,-0.9815335555877663,1.0,-0.22332837830750846,-0.9401072619220177,1.0,-44.283,-0.6235
hap1-tkov3,PAICS,1,0,1.192386899977782,3.651834453086889,-0.0006957530076822728,0.024792669676644955,1.5448509653288727,-2.8989708653428032e-05,0.00035086702115485845,49.611,2.6764166666666664
hap1-tkov3,PAK1IP1,1,3,0.8540611943703326,2.7211769358523963,-0.004406435715321061,0.0810211053114524,1.3865731870286082,-2.8989708653428032e-05,0.0002993925180513014,30.028,1.9845833333333334
hap1-tkov3,PANX3,0,1,-0.1940062670967834,-1.2416515509653736,-0.8917814175967531,1.0,-0.1028918924484979,-0.7370633425134078,0.9592705681900882,-33.193,-0.27675000000000005
hap1-tkov3,PASD1,0,2,-0.2548654403133854,-1.8072423354489464,-0.9527177851862588,1.0,-0.1674627509823935,-0.8658066386432817,0.9786713262996906,-39.168,-0.48675
hap1-tkov3,PAX1,0,4,-0.12922214823183417,-0.9422013915347337,-0.7836498043194666,1.0,-0.029639579934847553,-0.5359037541672707,0.876834240853878,-29.709,-0.12683333333333333
hap1-tkov3,PAX4,0,3,-0.18769185484644216,-1.0288775906188532,-0.8841571242209015,1.0,-0.08814992449955313,-0.7083925206551674,0.9383557818086374,-33.428,-0.2425
hap1-tkov3,PCID2,1,2,0.42868684331491297,1.3241904405181117,-0.0547035802290187,0.5762958691788957,0.6846485229052607,-2.8989708653428032e-05,0.0003095885480778163,8.711,1.2274166666666666
hap1-tkov3,PCNA,1,1,2.4493087852665614,5.655557145059905,-2.8989708653428032e-05,0.004651027954843473,2.8886827560402764,-2.8989708653428032e-05,0.00034529385714480196,93.722,4.307416666666667
hap1-tkov3,PDCL2,0,3,-0.2951693662958014,-1.4091726473101784,-0.9764893462820698,1.0,-0.20794595258925894,-0.9272358312798956,0.9975103290736472,-40.812,-0.5016666666666667
hap1-tkov3,PDE6H,0,1,-0.07224601609055568,-0.6960221069667603,-0.6595448615741412,1.0,0.027446257351493298,-0.36005218147557616,0.7958246794706219,-25.284,0.008916666666666656
hap1-tkov3,PDILT,0,0,-0.019859861863694806,-0.16926887611248018,-0.5422525003623714,1.0,0.07875919638715535,-0.23365705174662996,0.6763818683239555,-22.595,0.12308333333333336
hap1-tkov3,PDX1,0,2,-0.15034281948777523,-0.8485124183132192,-0.8247282214813741,1.0,-0.05621660289560848,-0.6115668937527178,0.9110549492190593,-30.63,-0.18108333333333332
hap1-tkov3,PDYN,0,0,-0.2247759234678546,-1.1978277512713098,-0.9279315842875779,1.0,-0.1525539284475523,-0.8445571822003188,0.9860731310396982,-41.542,-0.5469166666666666
hap1-tkov3,PFDN2,1,0,0.4034760405225602,2.1851355730759705,-0.06357443107696768,0.643089860870652,0.5724664691697702,-0.00020292796057399623,0.0020160705852648115,2.653,1.0159166666666668
hap1-tkov3,PFN1,1,2,0.9269770497722508,3.1475247116939795,-0.0029859399913030873,0.06342180668719748,1.300512747226134,-2.8989708653428032e-05,0.0003095885480778163,32.764,2.0885833333333332
hap1-tkov3,PGGT1B,1,2,0.6337658942121809,2.1259159312650637,-0.01664009276706769,0.2240372208849465,0.999689559285204,-2.8989708653428032e-05,0.0003095885480778163,20.172,1.63775
hap1-tkov3,PGK1,1,1,0.8151714113177612,3.4021596433530727,-0.0054790549354978985,0.09564500047827151,1.1057010941207344,-2.8989708653428032e-05,0.00034529385714480196,19.144,1.6136666666666666
hap1-tkov3,PGK2,0,3,-0.2385266834132063,-1.7195228186347522,-0.9403391795912451,1.0,-0.14251424313050035,-0.8331642266995216,0.975333158072806,-38.416,-0.41758333333333336
hap1-tkov3,PGLYRP2,0,0,0.11003462105734144,0.8960524824571883,-0.2989708653428033,1.0,0.22393888484331656,-0.04609363675895057,0.2547186649092023,-12.738,0.4716666666666667
hap1-tkov3,PGLYRP3,0,0,-0.16813891176509524,-1.289209273842173,-0.8541237860559502,1.0,-0.07905075980757816,-0.6743586026960429,0.9452230432422458,-33.016,-0.24541666666666667
hap1-tkov3,PHB,1,4,0.5133562865061067,1.986361218279264,-0.03333816495144224,0.3872700648873957,0.7837598334829466,-5.7979417306856065e-05,0.000629704666430319,17.416,1.5295
hap1-tkov3,PHB2,1,4,1.3177850393121657,2.9462866118144375,-0.00037686621249456443,0.016970787380923637,1.862500744744131,-2.8989708653428032e-05,0.000424075916154091,60.536,3.0450833333333334
hap1-tkov3,PIWIL1,0,0,-0.04894649671237326,-0.4765690407569845,-0.6065516741556747,1.0,0.049950924874651616,-0.30076822727931585,0.7497978096511122,-24.858,0.043083333333333335
hap1-tkov3,PIWIL3,0,0,-0.0007840481192203007,-0.0038826062056913713,-0.4997825771850993,1.0,0.09713933449297373,-0.19599942020582692,0.6255133875616141,-17.354,0.3084166666666667
hap1-tkov3,PKMYT1,1,4,1.3664882075643512,5.305061160071397,-0.00020292796057399623,0.010115313687918246,1.7566354812517457,-2.8989708653428032e-05,0.000424075916154091,42.329,2.4051666666666667
hap1-tkov3,PLA2G2E,0,2,-0.25398916621685164,-1.4811471612522897,-0.95205102188723,1.0,-0.16604776003090135,-0.8634294825337006,0.9781668348403596,-37.571,-0.4295833333333333
hap1-tkov3,PLA2G2F,0,2,-0.19423148834012202,-1.5154869832352238,-0.8922162632265546,1.0,-0.10126826489862999,-0.7306856066096535,0.9446875729106429,-34.587,-0.32275
hap1-tkov3,PLA2G4E,0,4,0.3145562491136727,2.3455397226848245,-0.10381214668792578,0.9384222445976675,0.4780084644978275,-0.0012755471807508335,0.011264394381162123,-1.552,0.8628333333333333
hap1-tkov3,PLK1,1,0,1.773641324302426,5.247013251021326,-5.7979417306856065e-05,0.004651027954843473,2.1757680132514854,-2.8989708653428032e-05,0.00035086702115485845,63.671,3.173583333333333
hap1-tkov3,PLRG1,1,0,0.519808146408364,1.9558607318456662,-0.032004638353384546,0.3752440500889349,0.8340266839338781,-2.8989708653428032e-05,0.00035086702115485845,8.986,1.2398333333333333
hap1-tkov3,PMPCA,1,4,1.6599332795740036,3.968401950465035,-5.7979417306856065e-05,0.004651027954843473,2.187145157256142,-2.8989708653428032e-05,0.000424075916154091,65.263,3.2112500000000006
hap1-tkov3,PMPCB,1,2,1.4909058318415145,5.559021764741157,-0.00011595883461371213,0.006410070578790683,1.8649484913741392,-2.8989708653428032e-05,0.0003095885480778163,47.346,2.610666666666667
hap1-tkov3,PNKP,1,3,1.313696410282097,3.66594466678269,-0.00040585592114799246,0.0173606078175581,2.541564032737699,-2.8989708653428032e-05,0.0002993925180513014,55.942,2.8940833333333336
hap1-tkov3,PNLIP,0,0,-0.1874539923363221,-1.7915465642164936,-0.8837222785911002,1.0,-0.09957411960058726,-0.7283954196260327,0.9593388421890846,-35.099,-0.31908333333333333
hap1-tkov3,PNLIPRP1,0,1,-0.1849481427531169,-1.26801185261117,-0.8795477605450065,1.0,-0.09528924670468344,-0.7175822582983041,0.9544687876949357,-32.898,-0.26608333333333334
hap1-tkov3,PNPLA5,0,3,-0.17326388635601128,-1.2823064970858238,-0.8627337295260182,1.0,-0.07108859981553078,-0.6631685751558197,0.9241813522715273,-33.456,-0.24350000000000002
hap1-tkov3,POLA2,1,2,1.001843633853757,3.0468911011997686,-0.0018843310624728222,0.04532644049437763,1.4061658745894439,-2.8989708653428032e-05,0.0003095885480778163,37.464,2.2568333333333337
hap1-tkov3,POLR1A,1,2,1.5587649819462823,4.8682874033121015,-5.7979417306856065e-05,0.004651027954843473,2.039660533754023,-2.8989708653428032e-05,0.0003095885480778163,53.761,2.8403333333333336
hap1-tkov3,POLR1B,1,1,2.492420096964674,6.3696939642707315,-2.8989708653428032e-05,0.004651027954843473,2.826596518427125,-2.8989708653428032e-05,0.00034529385714480196,86.907,4.061249999999999
hap1-tkov3,POLR1C,1,4,0.7055887991293572,2.9683947707163445,-0.010871140745035512,0.16011491411582193,0.9799779616252431,-5.7979417306856065e-05,0.000629704666430319,28.666,1.9249166666666668
hap1-tkov3,POLR2A,1,3,0.06057382820952294,0.3037107516616332,-0.37834468763588924,1.0,0.17660783930700868,-0.08731700246412523,0.37809599334641425,-15.233,0.3960833333333333
hap1-tkov3,POLR2B,1,1,1.0722006180053418,4.521378490666048,-0.0014494854326714017,0.04132111612774159,1.3708628882437095,-2.8989708653428032e-05,0.00034529385714480196,31.264,2.0514166666666664
hap1-tkov3,POLR2C,1,3,1.9861917907253301,4.24575467091402,-2.8989708653428032e-05,0.004651027954843473,2.5875091681267484,-2.8989708653428032e-05,0.0002993925180513014,94.752,4.256166666666667
hap1-tkov3,POLR2E,1,2,0.9877319438608773,2.8387447778576704,-0.0019423104797796783,0.04614191300931145,1.4876539335328667,-2.8989708653428032e-05,0.0003095885480778163,47.74,2.6247499999999997
hap1-tkov3,POLR2G,1,0,2.17513735118287,1.4871243600297108,-2.8989708653428032e-05,0.004651027954843473,2.559544064085557,-2.8989708653428032e-05,0.00035086702115485845,49.689,2.6791666666666667
hap1-tkov3,POLR2H,1,0,1.776552389872119,5.090075535567755,-5.7979417306856065e-05,0.004651027954843473,2.253120152382072,-2.8989708653428032e-05,0.00035086702115485845,57.784,2.965416666666666
hap1-tkov3,POLR2I,1,2,1.1885595250882313,4.06843343887435,-0.0006957530076822728,0.024792669676644955,1.5623426271487835,-2.8989708653428032e-05,0.0003095885480778163,46.811,2.5915
hap1-tkov3,POLR2L,1,2,2.8864323374799645,6.040154696183261,-2.8989708653428032e-05,0.004651027954843473,3.3045112808273256,-2.8989708653428032e-05,0.0003095885480778163,109.565,4.83825
hap1-tkov3,POLR3A,1,3,1.001972709738323,3.3510325746479293,-0.0018843310624728222,0.04532644049437763,1.3592760020192782,-2.8989708653428032e-05,0.0002993925180513014,36.009,2.1945000000000006
hap1-tkov3,POLR3C,1,4,1.7193403174821777,5.211947213415404,-5.7979417306856065e-05,0.004651027954843473,2.158059925152843,-2.8989708653428032e-05,0.000424075916154091,59.962,3.024916666666667
hap1-tkov3,POLR3H,1,3,2.6798623576071257,5.6976559270558695,-2.8989708653428032e-05,0.004651027954843473,3.0965699369257234,-2.8989708653428032e-05,0.0002993925180513014,108.486,4.738166666666667
hap1-tkov3,POLR3K,1,3,1.4895087361386825,4.757926171439782,-0.00011595883461371213,0.006410070578790683,1.9567139789528165,-2.8989708653428032e-05,0.0002993925180513014,56.064,2.8983333333333334
hap1-tkov3,POLRMT,1,0,1.7079856913756661,5.054533479227339,-5.7979417306856065e-05,0.004651027954843473,2.0964725580261705,-2.8989708653428032e-05,0.00035086702115485845,61.762,3.1060833333333338
hap1-tkov3,POM121L12,0,4,-0.10410075156570402,-0.5340096026285877,-0.7298159153500507,1.0,-0.0022151277220253097,-0.45380489926076245,0.839091719962633,-27.198,-0.03858333333333336
hap1-tkov3,POP1,1,1,0.7051746993804117,1.9897444388428671,-0.010871140745035512,0.16011491411582193,0.9665399041329854,-2.8989708653428032e-05,0.00034529385714480196,28.087,1.9366666666666668
hap1-tkov3,POP5,1,4,1.1026520861844227,2.603729233330054,-0.0011885780547905493,0.035651140366908876,1.6000037846340098,-2.8989708653428032e-05,0.000424075916154091,82.732,3.8252500000000005
hap1-tkov3,POU3F4,0,4,-0.11012596593725907,-1.24448507210902,-0.7434120887085085,1.0,-0.009432086848807107,-0.4746195100739238,0.8464712221703367,-29.171,-0.10791666666666666
hap1-tkov3,POU4F2,0,2,-0.3988712748447471,-1.6413841063345709,-0.9965792143788955,1.0,-0.33864129410102306,-0.9882591679953616,1.0,-47.705,-0.7924166666666665
hap1-tkov3,POU4F3,0,0,-0.07422421601010493,-0.6079646549249805,-0.6640672561240759,1.0,0.021717624759209273,-0.37709813016379184,0.8104287289710173,-26.385,-0.010916666666666713
hap1-tkov3,POU5F2,0,0,-0.32899441803631535,-1.1140719779462127,-0.9866647340194231,1.0,-0.2558381339950975,-0.9636179156399478,1.0,-39.499,-0.4746666666666667
hap1-tkov3,PPA1,1,3,0.9419185679152802,2.7852792515754308,-0.002754022322075663,0.05997300882429162,1.8692775190312287,-2.8989708653428032e-05,0.0002993925180513014,34.891,2.15525
hap1-tkov3,PPAN,1,2,0.04192303155043122,0.3285078615148906,-0.41446586461806056,1.0,0.15664517094591104,-0.10250760979852153,0.4181524943697022,-16.713,0.3171666666666666
hap1-tkov3,PPAT,1,0,0.8051231596954779,2.6144287223602114,-0.005826931439339034,0.09979849705489606,1.1825329904955673,-2.8989708653428032e-05,0.00035086702115485845,35.735,2.18575
hap1-tkov3,PPIL2,1,3,0.8901705377006968,2.743296797258399,-0.00368169299898536,0.0722390889118322,1.3118264618311943,-2.8989708653428032e-05,0.0002993925180513014,38.07,2.2668333333333335
hap1-tkov3,PPP2CA,1,0,0.5145893430897412,2.0934895006892855,-0.0329902884476011,0.38392949045598934,0.7350796074429842,-5.7979417306856065e-05,0.0006361138742311365,21.617,1.6864999999999999
hap1-tkov3,PPP3R2,0,3,-0.11056631632269277,-0.5824359642038789,-0.7444847079286853,1.0,-0.02411952186926176,-0.5233802000289897,0.8647129332215714,-37.875,-0.39858333333333335
hap1-tkov3,PPP4C,1,1,1.6592041821308283,4.959134923515154,-5.7979417306856065e-05,0.004651027954843473,2.122574044739303,-2.8989708653428032e-05,0.00034529385714480196,65.767,3.297666666666667
hap1-tkov3,PPWD1,1,3,0.5590088651085008,2.4399859714133356,-0.025018118567908393,0.3062366862602669,0.8898955855373227,-2.8989708653428032e-05,0.0002993925180513014,13.776,1.4141666666666666
hap1-tkov3,PRB4,0,0,-0.26746625721927547,-1.1250191928126543,-0.9616756051601681,1.0,-0.18701464080511532,-0.8976373387447456,0.9942882684539206,-36.803,-0.3793333333333333
hap1-tkov3,PRDM13,0,1,-0.25110202145979166,-1.3106034823593298,-0.9501377011161037,1.0,-0.16529388903795605,-0.8651398753442527,0.9871474793555639,-36.187,-0.38491666666666663
hap1-tkov3,PRDM14,0,4,0.18569345538950902,1.2301170995226058,-0.20460936367589505,1.0,0.32285692787850695,-0.012146687925786347,0.08631805795469186,-7.906,0.6395
hap1-tkov3,PREB,1,2,1.5169079566334829,4.428149493725924,-8.69691259602841e-05,0.005952208394591349,1.9150050890545778,-2.8989708653428032e-05,0.0003095885480778163,53.196,2.8200833333333333
hap1-tkov3,PRELID1,1,4,1.0234971275777398,3.262536249144986,-0.001652413393245398,0.04298517917541988,2.0424361692511863,-2.8989708653428032e-05,0.000424075916154091,23.547,1.745
hap1-tkov3,PRG3,0,4,-0.1428390766179595,-1.0245277218333313,-0.8110160892883026,1.0,-0.042793394982144975,-0.5771271198724452,0.8970751816306507,-31.196,-0.17908333333333332
hap1-tkov3,PRIM1,1,2,1.4250422004380192,4.682861836938283,-0.00011595883461371213,0.006410070578790683,1.7993695606682354,-2.8989708653428032e-05,0.0003095885480778163,46.362,2.5754166666666665
hap1-tkov3,PRLH,0,3,0.28039922054439925,1.1205857762260945,-0.12343817944629656,1.0,0.44720176051279975,-0.0023191766922742428,0.019626516394334576,-16.142,0.36416666666666664
hap1-tkov3,PRLHR,0,4,-0.26942567074203194,-1.4105210937517971,-0.9630961008841861,1.0,-0.1803897348105221,-0.889868096825627,0.9875573996277954,-39.454,-0.4693333333333334
hap1-tkov3,PRMT1,1,1,1.365218956005158,4.4504687642175185,-0.00020292796057399623,0.010115313687918246,1.810619538190088,-2.8989708653428032e-05,0.00034529385714480196,49.393,2.7062500000000003
hap1-tkov3,PRMT5,1,0,1.836541318858856,4.68289805572264,-5.7979417306856065e-05,0.004651027954843473,3.056398015441378,-2.8989708653428032e-05,0.00035086702115485845,63.437,3.165333333333333
hap1-tkov3,PROP1,0,2,-0.25322958022629627,-1.494089418275924,-0.9515871865487752,1.0,-0.16418624313005442,-0.8608783881721989,0.9781668348403596,-38.071,-0.4475
hap1-tkov3,PRPF19,1,4,1.2331845379906878,3.470538259202686,-0.0005508044644151327,0.021444073584125943,1.7263216971686055,-2.8989708653428032e-05,0.000424075916154091,44.755,2.490416666666667
hap1-tkov3,PRPF31,1,3,0.8612935865483698,3.338057238492927,-0.004261487172053921,0.07945715595287997,1.2339289484339835,-2.8989708653428032e-05,0.0002993925180513014,25.671,1.8316666666666668
hap1-tkov3,PRPF38A,1,3,2.2484368165611595,6.397653727113534,-2.8989708653428032e-05,0.004651027954843473,2.66398093696225,-2.8989708653428032e-05,0.0002993925180513014,73.717,3.5179166666666664
hap1-tkov3,PRPF38B,1,2,1.682014904379621,3.8588247333649783,-5.7979417306856065e-05,0.004651027954843473,2.310833176154229,-2.8989708653428032e-05,0.0003095885480778163,87.209,4.037833333333333
hap1-tkov3,PRPF4,1,4,1.198210935864168,3.78503712366167,-0.0006957530076822728,0.024792669676644955,1.5912774600025503,-2.8989708653428032e-05,0.000424075916154091,42.564,2.4134166666666665
hap1-tkov3,PRPF8,1,4,1.379662488814014,3.554646549064583,-0.00020292796057399623,0.010115313687918246,2.0088140083616577,-2.8989708653428032e-05,0.000424075916154091,59.315,3.0021666666666667
hap1-tkov3,PRSS33,0,3,-0.04024088588314344,-0.4831850160144002,-0.5870705899405712,1.0,0.06963950804461645,-0.2675170314538339,0.6988588672348186,-24.6,0.0673333333333333
hap1-tkov3,PRSS37,0,4,-0.17866119357136692,-1.0369864984076755,-0.8705319611537904,1.0,-0.07886147061674907,-0.6805913900565299,0.9367296867213288,-31.71,-0.19716666666666666
hap1-tkov3,PRSS38,0,4,-0.3011661409263303,-1.7083777279844337,-0.9787795332656907,1.0,-0.22186332554362193,-0.9356718364980432,0.9976851504506954,-42.934,-0.5916666666666666
hap1-tkov3,PRSS55,0,0,-0.25965156555232943,-1.6149769392625215,-0.956312509059284,1.0,-0.1788821681391245,-0.8876648789679664,0.9934174399818648,-40.515,-0.5105833333333334
hap1-tkov3,PRSS58,0,0,-0.2842043532675402,-2.0657795752095285,-0.9711262501811857,1.0,-0.20257637844849463,-0.9169444847079287,0.9976383120137613,-42.304,-0.5738333333333333
hap1-tkov3,PSKH2,0,3,0.12263048349618459,0.7648449016287071,-0.27992462675750107,1.0,0.2658683845900382,-0.027888099724597767,0.16770782982919724,-15.693,0.3799166666666667
hap1-tkov3,PSMA1,1,0,1.4902719972137777,4.5716399080880405,-0.00011595883461371213,0.006410070578790683,1.9648361942548809,-2.8989708653428032e-05,0.00035086702115485845,59.283,3.018416666666667
hap1-tkov3,PSMA2,1,0,0.7009899936238904,2.3257507601146594,-0.01104507899695608,0.16184747447791123,1.0062444854696722,-2.8989708653428032e-05,0.00035086702115485845,6.971,1.1685833333333333
hap1-tkov3,PSMA3,1,4,0.8609286443629386,2.9252805262239803,-0.004290476880707349,0.07982508604267491,1.1790390567959517,-2.8989708653428032e-05,0.000424075916154091,32.867,2.072583333333333
hap1-tkov3,PSMA4,1,1,1.351182125304522,3.256087288599434,-0.00028989708653428034,0.01408409873649784,1.7286768506445833,-2.8989708653428032e-05,0.00034529385714480196,62.945,3.19575
hap1-tkov3,PSMA5,1,3,1.3564761734579687,4.970162151755224,-0.0002609073778808523,0.012747505796915184,1.748028610260876,-2.8989708653428032e-05,0.0002993925180513014,45.419,2.52475
hap1-tkov3,PSMA6,1,1,1.3864690079097988,3.7964027533100353,-0.0001739382519205682,0.009146076313640365,1.7627650815959641,-2.8989708653428032e-05,0.00034529385714480196,48.687,2.68075
hap1-tkov3,PSMA7,1,4,1.9472067308676348,3.921953778789748,-5.7979417306856065e-05,0.004651027954843473,2.328806394201483,-2.8989708653428032e-05,0.000424075916154091,38.337,2.2648333333333337
hap1-tkov3,PSMB1,1,0,1.1264891648430635,3.1676259857936437,-0.0010726192201768372,0.0333925337371659,1.541259974155477,-2.8989708653428032e-05,0.00035086702115485845,57.619,2.9595833333333332
hap1-tkov3,PSMB2,1,1,1.192892146183731,3.686120788938406,-0.0006957530076822728,0.024792669676644955,1.564012623690741,-2.8989708653428032e-05,0.00034529385714480196,45.178,2.5540000000000003
hap1-tkov3,PSMB3,1,4,0.5852473679018123,1.788484940944368,-0.02165531236411074,0.2730184008361242,0.9781736926540031,-5.7979417306856065e-05,0.000629704666430319,38.808,2.281416666666667
hap1-tkov3,PSMB4,1,3,1.5165994957416284,4.225352754768472,-8.69691259602841e-05,0.005952208394591349,2.167922898188395,-2.8989708653428032e-05,0.0002993925180513014,60.209,3.0438333333333336
hap1-tkov3,PSMB7,1,2,1.565965151409745,3.9881365005546314,-5.7979417306856065e-05,0.004651027954843473,2.0417280509729343,-2.8989708653428032e-05,0.0003095885480778163,68.595,3.3714166666666667
hap1-tkov3,PSMC2,1,1,0.6037729549514663,2.4377172062372043,-0.019626032758370777,0.2545038999876848,0.8708922584659898,-2.8989708653428032e-05,0.00034529385714480196,15.206,1.4714166666666668
hap1-tkov3,PSMC3,1,2,1.368073173939684,3.635457548231828,-0.00020292796057399623,0.010115313687918246,1.7672556256731364,-2.8989708653428032e-05,0.0003095885480778163,59.115,3.032
hap1-tkov3,PSMC5,1,4,2.481866162924778,1.1095823329824492,-2.8989708653428032e-05,0.004651027954843473,2.874628327981861,-2.8989708653428032e-05,0.000424075916154091,61.567,3.0813333333333337
hap1-tkov3,PSMC6,1,0,2.230951350806008,6.494694760894109,-2.8989708653428032e-05,0.004651027954843473,2.655940651160447,-2.8989708653428032e-05,0.00035086702115485845,69.765,3.3890833333333337
hap1-tkov3,PSMD1,1,0,0.7660088766698843,3.1082217346506567,-0.007595303667198144,0.12185693241689899,1.0361093777188726,-2.8989708653428032e-05,0.00035086702115485845,22.597,1.7211666666666665
hap1-tkov3,PSMD11,1,0,0.9521392627676855,3.405753205417087,-0.002522104652848239,0.056272624770599716,1.2577381709753273,-2.8989708653428032e-05,0.00035086702115485845,37.449,2.2463333333333333
hap1-tkov3,PSMD12,1,2,0.5436517011464669,1.964483095757111,-0.02756921292941006,0.33181173439883827,0.7848335603277754,-2.8989708653428032e-05,0.0003095885480778163,26.566,1.8666666666666667
hap1-tkov3,PSMD13,1,3,1.0444803970709535,3.8651434689977218,-0.0016234236845919698,0.0428777768578219,1.3988868131193766,-2.8989708653428032e-05,0.0002993925180513014,36.366,2.207
hap1-tkov3,PSMD14,1,3,1.2241699648401678,3.079334137044197,-0.0005797941730685607,0.021977384841568057,1.7935482285109523,-2.8989708653428032e-05,0.0002993925180513014,59.943,3.0344999999999995
hap1-tkov3,PSMD3,1,4,1.0151713338870973,3.1176360984076372,-0.001797361936512538,0.04532644049437763,1.4041353331262305,-2.8989708653428032e-05,0.000424075916154091,33.498,2.09475
hap1-tkov3,PSMD4,1,3,0.9652126272088156,3.311516166040587,-0.0022901869836208146,0.052525073013973654,1.351020790716992,-2.8989708653428032e-05,0.0002993925180513014,36.404,2.2083333333333335
hap1-tkov3,PSMG3,1,1,1.382961807744349,3.535499720229278,-0.0001739382519205682,0.009146076313640365,1.8661696057196455,-2.8989708653428032e-05,0.00034529385714480196,62.458,3.178166666666667
hap1-tkov3,PTF1A,0,2,-0.30331926496721995,-1.351398101727865,-0.979475286273373,1.0,-0.22839301225342692,-0.9405710972604725,0.999293940174813,-41.435,-0.5679166666666667
hap1-tkov3,PTPN23,1,2,0.3966590473097184,1.4871500175714125,-0.0660675460211625,0.6644122252052417,0.6236115156412999,-8.69691259602841e-05,0.0008807730566277275,2.24,0.99575
hap1-tkov3,PUF60,1,4,1.0602199823482363,3.4675393383916817,-0.0015654442672851138,0.0428777768578219,1.5041551768061938,-2.8989708653428032e-05,0.000424075916154091,47.882,2.6003333333333334
hap1-tkov3,PWP2,1,0,0.6228463487640031,1.9092298382555974,-0.01782867082185824,0.23744485379504945,0.9579998787019348,-2.8989708653428032e-05,0.00035086702115485845,28.411,1.9267499999999997
hap1-tkov3,QARS,1,2,0.8572051154316502,2.9973647554865632,-0.004377446006667633,0.08100623527574749,1.1773388944921457,-2.8989708653428032e-05,0.0003095885480778163,24.906,1.80725
hap1-tkov3,RABGGTB,1,1,1.7016304580955834,3.786505974174409,-5.7979417306856065e-05,0.004651027954843473,2.2053722103687075,-2.8989708653428032e-05,0.00034529385714480196,78.02,3.74025
hap1-tkov3,RACGAP1,1,2,0.16579986924548598,0.42007871839787553,-0.2250181185679084,1.0,0.4096990591207807,-0.002667053196115379,0.021831355706408137,22.295,1.71375
hap1-tkov3,RAD21,1,4,0.4135431995772003,1.1596325378458714,-0.060037686621249454,0.6167182734703331,0.7012563141965841,-5.7979417306856065e-05,0.000629704666430319,35.05,2.1493333333333333
hap1-tkov3,RAD51C,1,3,0.8846501577257597,2.7136219695170705,-0.0038846209595593565,0.07469125717895231,1.3681188952671857,-2.8989708653428032e-05,0.0002993925180513014,38.522,2.2826666666666666
hap1-tkov3,RAD51D,1,4,1.7660646770186958,4.1482289882379435,-5.7979417306856065e-05,0.004651027954843473,2.4816677937752925,-2.8989708653428032e-05,0.000424075916154091,83.524,3.853083333333333
hap1-tkov3,RAE1,1,4,1.4561185714236051,4.848806721599032,-0.00011595883461371213,0.006410070578790683,1.9043653437403667,-2.8989708653428032e-05,0.000424075916154091,50.888,2.7060000000000004
hap1-tkov3,RAN,1,1,2.046348672119732,4.33464193406794,-2.8989708653428032e-05,0.004651027954843473,2.5009928660769507,-2.8989708653428032e-05,0.00034529385714480196,70.6,3.47225
hap1-tkov3,RANGAP1,1,1,2.061331335061467,4.709132414484219,-2.8989708653428032e-05,0.004651027954843473,2.5188143229812154,-2.8989708653428032e-05,0.00034529385714480196,70.208,3.458083333333333
hap1-tkov3,RARS2,1,2,1.1957865597557022,3.438001428853516,-0.0006957530076822728,0.024792669676644955,2.178261757083694,-2.8989708653428032e-05,0.0003095885480778163,47.724,2.6241666666666665
hap1-tkov3,RAX,0,2,-0.1540541559891811,-1.0023165330576458,-0.8306421220466734,1.0,-0.053989508601160835,-0.6051891578489637,0.9082576927794184,-31.172,-0.20049999999999998
hap1-tkov3,RAX2,0,3,-0.06610748081938794,-0.42440701404734926,-0.6454848528772286,1.0,0.04195881975096632,-0.33729526018263517,0.7615304820486856,-25.257,0.04425
hap1-tkov3,RBBP6,1,2,0.9399428424609186,2.987623921819149,-0.0028120017393825194,0.06100452075362304,1.4432160660511475,-2.8989708653428032e-05,0.0003095885480778163,38.395,2.290166666666667
hap1-tkov3,RBM14,1,2,0.39009888711545576,2.0899835719841513,-0.06818379475286274,0.6813243963514621,0.6130572805364277,-8.69691259602841e-05,0.0008807730566277275,1.649,0.9745833333333332
hap1-tkov3,RBM17,1,0,1.3944671212732889,4.009778844402492,-0.00014494854326714017,0.007787936217222326,1.7636796533766406,-2.8989708653428032e-05,0.00035086702115485845,55.658,2.89025
hap1-tkov3,RBM46,0,2,-0.1092655391139227,-1.04743907195689,-0.7414987679373822,1.0,-0.008568683174658663,-0.4697202493114944,0.8454034967101849,-29.117,-0.12691666666666665
hap1-tkov3,RBMXL2,0,0,0.09857463891380734,0.7103860031064385,-0.31532106102333674,1.0,0.21022276014990582,-0.05429772430787071,0.2855100155908067,-14.074,0.4244166666666666
hap1-tkov3,RBP3,0,2,-0.19471364575607208,-1.3379319597762092,-0.8928250471082766,1.0,-0.09896679580834698,-0.7259312943904914,0.9432305329457181,-33.784,-0.294
hap1-tkov3,RBPJL,0,2,-0.04593405801143599,-0.3132959514253186,-0.5994202058269315,1.0,0.061613527909424086,-0.2768517176402377,0.7084178431205342,-23.447,0.07608333333333331
hap1-tkov3,RBX1,1,0,0.7193418519024054,2.122978860920941,-0.009914480359472387,0.14908024652120339,1.0419718567192786,-2.8989708653428032e-05,0.00035086702115485845,48.075,2.6220833333333333
hap1-tkov3,RCC1,1,3,0.9480034768820725,3.034883590891261,-0.002580084070155095,0.05668625472352219,1.3965308426350684,-2.8989708653428032e-05,0.0002993925180513014,33.595,2.10975
hap1-tkov3,RCL1,1,2,1.789515104680119,5.729108826947414,-5.7979417306856065e-05,0.004651027954843473,2.20054695792738,-2.8989708653428032e-05,0.0003095885480778163,61.179,3.105916666666667
hap1-tkov3,RD3,0,1,-0.17810223320739077,-0.9318111243742726,-0.8698072184374547,1.0,-0.09192988722123026,-0.7088563559936223,0.9534580106314287,-33.239,-0.27841666666666665
hap1-tkov3,RDH8,0,0,-0.22731854588551104,-1.4407361149276035,-0.9301927815625453,1.0,-0.14070989507176315,-0.8219741991592985,0.9818129866194124,-36.834,-0.3804166666666667
hap1-tkov3,REG3A,0,0,-0.1203958387729448,-0.9972161239375769,-0.7647775039860849,1.0,-0.027410270799404626,-0.5241049427453254,0.8919153541684258,-28.968,-0.10225
hap1-tkov3,RETNLB,0,2,-0.02445857640706933,-0.1902805979060375,-0.5515871865487751,1.0,0.08259083036362667,-0.22696042904768807,0.6474340919261456,-21.862,0.13283333333333333
hap1-tkov3,RFC2,1,0,1.2369102627837303,3.983724125160567,-0.0005218147557617046,0.02045395248323209,1.666949487620009,-2.8989708653428032e-05,0.00035086702115485845,50.153,2.6955833333333334
hap1-tkov3,RFC4,1,4,0.5334313620982836,2.206348117057522,-0.029076677779388316,0.34585204252490365,0.7746012183564175,-5.7979417306856065e-05,0.000629704666430319,15.286,1.454666666666667
hap1-tkov3,RFC5,1,0,1.7366284058463577,5.175861266752719,-5.7979417306856065e-05,0.004651027954843473,2.068416578779163,-2.8989708653428032e-05,0.00035086702115485845,68.53,3.345416666666667
hap1-tkov3,RFK,1,0,0.789099601846936,2.817233781715033,-0.006464705029714452,0.10877733429022943,1.1327625667580115,-2.8989708653428032e-05,0.00035086702115485845,26.519,1.8598333333333334
hap1-tkov3,RFPL4B,0,4,-0.10954636092178494,-0.9587817185719374,-0.7420495724017974,1.0,-0.006029117849745734,-0.4641252355413828,0.8420836161170351,-28.604,-0.08800000000000002
hap1-tkov3,RFX6,0,3,-0.30213194389792414,-1.6910982776077148,-0.9790694303522249,1.0,-0.22076981710460317,-0.9385997970720394,1.0,-43.531,-0.5970833333333334
hap1-tkov3,RHEB,1,4,0.47720438287882294,2.2699429535271545,-0.04122336570517466,0.4589925037554211,0.7291752622992952,-5.7979417306856065e-05,0.000629704666430319,6.981,1.16275
hap1-tkov3,RHO,0,2,-0.09677943406381125,-0.7499987149041402,-0.7139005652993188,1.0,0.008926782112947233,-0.41759675315263084,0.814985987405757,-27.569,-0.07150000000000004
hap1-tkov3,RIOK2,1,0,0.7191318583063475,2.3676269396880643,-0.009914480359472387,0.14908024652120339,0.975810474652494,-2.8989708653428032e-05,0.00035086702115485845,42.515,2.4255
hap1-tkov3,RNASE10,0,4,-0.13090905562812724,-1.0649460054353415,-0.7875054355703726,1.0,-0.03088478841165189,-0.5399623133787506,0.8790212368427047,-29.856,-0.13199999999999998
hap1-tkov3,RNASE11,0,4,-0.17911028372132567,-1.1710688394684834,-0.8711987244528192,1.0,-0.08178358711418998,-0.6889694158573706,0.940171686039693,-33.035,-0.24375000000000002
hap1-tkov3,RNASE12,0,2,-0.2331740063641897,-2.17773765401745,-0.9361066821278446,1.0,-0.14271567431609922,-0.8240614581823452,0.9710935658414056,-38.269,-0.45458333333333334
hap1-tkov3,RNASE13,0,1,-0.051462557770946334,-0.6055376581308247,-0.6119727496738657,1.0,0.04578027187582755,-0.3129149152051022,0.7580832859071872,-24.382,0.0415
hap1-tkov3,RNASE8,0,2,0.04719582183124785,0.3792412551152048,-0.4038266415422525,1.0,0.16164890651760755,-0.0958689665168865,0.39842218446186545,-17.279,0.29691666666666666
hap1-tkov3,RNASE9,0,2,-0.2957619672175433,-2.113086524170289,-0.9768082330772576,1.0,-0.20865566281274095,-0.9212639512972894,0.9934436212866964,-42.473,-0.6050833333333333
hap1-tkov3,RND2,0,3,0.054744922903437736,0.4737055471602579,-0.38950572546745904,1.0,0.1721129985489378,-0.0917234381794463,0.3898212936475498,-18.414,0.28441666666666665
hap1-tkov3,RNF113B,0,4,-0.13811824042135676,-1.5014913231476028,-0.8015074648499783,1.0,-0.03878989089734229,-0.5651253804899261,0.8921470973042666,-31.146,-0.17733333333333332
hap1-tkov3,RNF17,0,2,-0.0068749929031652985,-0.05839784957267032,-0.5131468328743296,1.0,0.10142898203434543,-0.18701261052326423,0.5887765065157664,-20.524,0.18075000000000002
hap1-tkov3,RNF20,1,4,0.9526506788332441,3.2247398487242687,-0.002522104652848239,0.056272624770599716,1.4410627902370334,-2.8989708653428032e-05,0.000424075916154091,29.268,1.9460833333333336
hap1-tkov3,RNGTT,1,0,2.137265010904319,4.85823974120197,-2.8989708653428032e-05,0.004651027954843473,2.774774068111195,-2.8989708653428032e-05,0.00035086702115485845,73.583,3.5240833333333335
hap1-tkov3,ROMO1,1,3,1.6924914333943752,4.158977763414585,-5.7979417306856065e-05,0.004651027954843473,2.1452531854455086,-2.8989708653428032e-05,0.0002993925180513014,56.341,2.908083333333333
hap1-tkov3,RP1,0,4,-0.017649629889264273,-0.15999156279847043,-0.5372082910566749,1.0,0.08773775687947206,-0.21866937237280765,0.637051079142394,-22.369,0.13116666666666665
hap1-tkov3,RP1L1,0,4,-0.29862415203049786,-1.394484260066083,-0.9780258008407016,1.0,-0.21814779327062542,-0.9324829685461661,0.9969954595819062,-41.305,-0.5344166666666667
hap1-tkov3,RPA1,1,3,0.9976474388951938,3.339041336463508,-0.0018843310624728222,0.04532644049437763,1.4003476511108566,-2.8989708653428032e-05,0.0002993925180513014,45.809,2.5384166666666665
hap1-tkov3,RPA2,1,0,1.6031730572085319,5.234926233184011,-5.7979417306856065e-05,0.004651027954843473,1.9389057890192383,-2.8989708653428032e-05,0.00035086702115485845,61.599,3.1003333333333334
hap1-tkov3,RPE65,0,1,0.06683818615688047,0.4786916487388803,-0.36735758805624,1.0,0.18517563904304887,-0.07682272793158429,0.3631026551482692,-16.72,0.31825
hap1-tkov3,RPF2,1,3,1.6200752701966519,4.389677233408255,-5.7979417306856065e-05,0.004651027954843473,2.1626741031957946,-2.8989708653428032e-05,0.0002993925180513014,68.938,3.350166666666667
hap1-tkov3,RPL11,1,1,2.2752737673654835,4.7822699187656825,-2.8989708653428032e-05,0.004651027954843473,2.7773656259690163,-2.8989708653428032e-05,0.00034529385714480196,89.191,4.14375
hap1-tkov3,RPL12,1,3,1.4905174769806633,3.519220003164013,-0.00011595883461371213,0.006410070578790683,2.302822674237863,-2.8989708653428032e-05,0.0002993925180513014,63.785,3.1693333333333333
hap1-tkov3,RPL14,1,2,2.3471948254632826,6.702622959604925,-2.8989708653428032e-05,0.004651027954843473,2.69285615450329,-2.8989708653428032e-05,0.0003095885480778163,83.589,3.90825
hap1-tkov3,RPL18,1,3,1.2638339977856103,4.253868848935989,-0.0004348456298014205,0.0173606078175581,1.726423845456327,-2.8989708653428032e-05,0.0002993925180513014,48.287,2.6254166666666667
hap1-tkov3,RPL19,1,0,0.7070907038682085,2.831635163636962,-0.010784171619075229,0.1596520239606785,0.9667855614812241,-2.8989708653428032e-05,0.00035086702115485845,22.925,1.73275
hap1-tkov3,RPL23,1,1,1.1931668715102193,3.26848376290443,-0.0006957530076822728,0.024792669676644955,1.700595324230853,-2.8989708653428032e-05,0.00034529385714480196,46.371,2.5970833333333334
hap1-tkov3,RPL27A,1,3,0.9503231623148145,2.295373813500273,-0.002580084070155095,0.05668625472352219,2.4871507738226333,-2.8989708653428032e-05,0.0002993925180513014,49.399,2.664416666666667
hap1-tkov3,RPL3,1,4,0.9690148927508898,3.681497318801971,-0.0022032178576605306,0.050800666298223496,1.2950541441493169,-2.8989708653428032e-05,0.000424075916154091,33.934,2.1100833333333338
hap1-tkov3,RPL35,1,2,0.6313735287861394,2.570849125146728,-0.016843020727641687,0.2257121821986295,0.8958987280272193,-2.8989708653428032e-05,0.0003095885480778163,15.959,1.4869166666666667
hap1-tkov3,RPL36,1,0,1.7731576489468293,5.054308084903262,-5.7979417306856065e-05,0.004651027954843473,2.254913470181673,-2.8989708653428032e-05,0.00035086702115485845,67.413,3.3059166666666666
hap1-tkov3,RPL4,1,4,0.5205912977707485,1.7456793927532146,-0.03180171039281055,0.3733724296424803,0.8915708125218426,-5.7979417306856065e-05,0.000629704666430319,18.302,1.5606666666666666
hap1-tkov3,RPL8,1,1,1.5541971629365643,4.334084164769956,-5.7979417306856065e-05,0.004651027954843473,2.053379812080728,-2.8989708653428032e-05,0.00034529385714480196,62.421,3.176833333333333
hap1-tkov3,RPLP0,1,4,1.7489932190104003,4.390173519796957,-5.7979417306856065e-05,0.004651027954843473,2.228338535633145,-2.8989708653428032e-05,0.000424075916154091,66.216,3.2447500000000002
hap1-tkov3,RPLP2,1,3,1.1026339942429881,3.6191354971814125,-0.0011885780547905493,0.035651140366908876,1.46250983340743,-2.8989708653428032e-05,0.0002993925180513014,12.13,1.3564166666666666
hap1-tkov3,RPP21,1,4,2.355111238237075,5.586625785757219,-2.8989708653428032e-05,0.004651027954843473,2.7917386659818657,-2.8989708653428032e-05,0.000424075916154091,86.817,3.9688333333333334
hap1-tkov3,RPP38,1,4,0.6380375893317781,1.9080703750147892,-0.016147267719959415,0.218253860788511,0.98910492529927,-5.7979417306856065e-05,0.000629704666430319,25.723,1.8215
hap1-tkov3,RPS11,1,2,1.9299124032177117,4.532436403442752,-5.7979417306856065e-05,0.004651027954843473,2.2916702061821153,-2.8989708653428032e-05,0.0003095885480778163,82.847,3.881666666666667
hap1-tkov3,RPS13,1,3,0.962127786847912,2.539628048242051,-0.002348166400927671,0.053640829028873564,1.5033290072964636,-2.8989708653428032e-05,0.0002993925180513014,60.922,3.068833333333333
hap1-tkov3,RPS16,1,3,0.9003682218273705,3.6668339956724374,-0.003507754747064792,0.06977883059126468,1.3204244933147207,-2.8989708653428032e-05,0.0002993925180513014,26.528,1.86175
hap1-tkov3,RPS2,1,2,1.646818917414623,4.603244184633611,-5.7979417306856065e-05,0.004651027954843473,2.084697658996792,-2.8989708653428032e-05,0.0003095885480778163,69.94,3.419583333333333
hap1-tkov3,RPS21,1,3,0.5493676410925035,2.046862563186629,-0.02655457312654008,0.3209437440178253,0.874592298896345,-2.8989708653428032e-05,0.0002993925180513014,25.223,1.8159166666666666
hap1-tkov3,RPS23,1,4,1.306274911930504,4.583433818061923,-0.0004348456298014205,0.0173606078175581,1.7785621553871562,-2.8989708653428032e-05,0.000424075916154091,40.757,2.3499166666666667
hap1-tkov3,RPS3,1,0,2.13221295262455,5.5735918933525985,-2.8989708653428032e-05,0.004651027954843473,2.5261347463504134,-2.8989708653428032e-05,0.00035086702115485845,72.27,3.477666666666667
hap1-tkov3,RPS5,1,1,1.4940647785146504,3.5294991426730498,-0.00011595883461371213,0.006410070578790683,2.1170687029122446,-2.8989708653428032e-05,0.00034529385714480196,69.243,3.4232500000000003
hap1-tkov3,RPTN,0,0,-0.2043405424221343,-1.278103413385319,-0.905725467459052,1.0,-0.1129501062408594,-0.7620234816640092,0.9702208994290829,-34.506,-0.2980833333333333
hap1-tkov3,RRM1,1,2,2.6222512066528236,6.6307857336616625,-2.8989708653428032e-05,0.004651027954843473,3.0949254489466145,-2.8989708653428032e-05,0.0003095885480778163,91.806,4.202416666666666
hap1-tkov3,RRP1,1,4,1.043839164174724,3.378674435227681,-0.0016234236845919698,0.0428777768578219,1.398252113033287,-2.8989708653428032e-05,0.000424075916154091,40.2,2.3303333333333334
hap1-tkov3,RRP12,1,1,1.002492989685697,3.1606124302968723,-0.0018843310624728222,0.04532644049437763,1.3088348002748427,-2.8989708653428032e-05,0.00034529385714480196,31.753,2.0690833333333334
hap1-tkov3,RRS1,1,3,0.2266815906490651,0.829903518262588,-0.16364690534860124,1.0,0.4792034212001154,-0.0012175677634439774,0.0107030536269716,16.228,1.50025
hap1-tkov3,RS1,0,4,-0.1518949487115109,-1.2147275814804195,-0.8271053775909553,1.0,-0.05451481644752795,-0.6119147702565589,0.9134891356884045,-32.407,-0.22166666666666668
hap1-tkov3,RTCB,1,4,1.6211925976822392,4.161248398484239,-5.7979417306856065e-05,0.004651027954843473,2.276723619829452,-2.8989708653428032e-05,0.000424075916154091,67.722,3.297666666666667
hap1-tkov3,RTP1,0,0,-0.2346308037632147,-1.2184736493182335,-0.9374981881432092,1.0,-0.1480514590889704,-0.8353964342658357,0.9838589628803573,-36.019,-0.35158333333333336
hap1-tkov3,RTP2,0,3,0.0004886379547876877,0.0032595383358463687,-0.4975213799101319,1.0,0.12640095281624175,-0.1537614146977823,0.5347697356911981,-21.157,0.18816666666666665
hap1-tkov3,RUVBL2,1,4,1.4949559795571186,4.1312460359089105,-0.00011595883461371213,0.006410070578790683,1.8504882077211668,-2.8989708653428032e-05,0.000424075916154091,56.152,2.891
hap1-tkov3,RXFP2,0,4,0.017917765369387884,0.1757571974806617,-0.461632120597188,1.0,0.12583097133567278,-0.14970285548630236,0.5281032994023318,-20.147,0.20925
hap1-tkov3,RXFP3,0,2,-0.09323869295820227,-0.48349352419475244,-0.7057834468763589,1.0,0.008090003474013336,-0.42000289897086535,0.8168459628496295,-24.846,0.025999999999999968
hap1-tkov3,SACM1L,1,0,0.7811850631327796,2.457353564142053,-0.006725612407595304,0.11015824994662507,1.1400999689636755,-2.8989708653428032e-05,0.00035086702115485845,38.933,2.2988333333333335
hap1-tkov3,SAE1,1,1,1.2007584554549984,3.9193657878603374,-0.0006957530076822728,0.024792669676644955,1.6210794282262202,-2.8989708653428032e-05,0.00034529385714480196,47.416,2.6348333333333334
hap1-tkov3,SAGE1,0,1,-0.04418615094350188,-0.29514626661493576,-0.5955645745760255,1.0,0.0565331704918348,-0.28580953761414696,0.7340814736010711,-23.664,0.06741666666666664
hap1-tkov3,SAMD7,0,1,-0.315860112541205,-2.0807487556358515,-0.983272938106972,1.0,-0.235624636756838,-0.9471227714161473,1.0,-43.718,-0.6569166666666666
hap1-tkov3,SAMM50,1,4,2.2086369967253066,5.5014407026363195,-2.8989708653428032e-05,0.004651027954843473,2.647129013233989,-2.8989708653428032e-05,0.000424075916154091,84.98,3.90425
hap1-tkov3,SAP18,1,4,1.0105415655713823,2.658670727625123,-0.001855341353819394,0.04532644049437763,1.426594258516997,-2.8989708653428032e-05,0.000424075916154091,46.457,2.5502499999999997
hap1-tkov3,SARS,1,3,0.774556235676769,2.2362947639534108,-0.007102478620089868,0.11512824131643791,1.2130745781279966,-2.8989708653428032e-05,0.0002993925180513014,36.969,2.2281666666666666
hap1-tkov3,SARS2,1,4,0.887620334221597,3.474062687760084,-0.003797651833599072,0.07367615430155591,1.2163182022063712,-2.8989708653428032e-05,0.000424075916154091,30.852,2.00175
hap1-tkov3,SART3,1,1,1.0817376107024732,3.7810118196863645,-0.0014204957240179735,0.041037336268237835,1.4427858075648858,-2.8989708653428032e-05,0.00034529385714480196,43.3,2.4861666666666666
hap1-tkov3,SBNO1,1,3,0.21893129548013696,0.9945413516930594,-0.17069140455138426,1.0,0.3917759542833304,-0.004928250471082766,0.03895395777945209,-11.471,0.5280833333333335
hap1-tkov3,SCGB1D1,0,1,-0.16138517549703793,-0.8862044398370991,-0.8436005218147558,1.0,-0.07331935294505162,-0.6563270039136107,0.9354048484336869,-31.414,-0.2125
hap1-tkov3,SCN10A,0,3,-0.16419173373639012,-1.1107005343904803,-0.848151906073344,1.0,-0.06386883421392055,-0.6421510363820844,0.9171292614437294,-32.713,-0.21741666666666667
hap1-tkov3,SCP2D1,0,1,-0.39003942319588664,-1.7347471878412033,-0.9958544716625598,1.0,-0.34765920356122243,-0.991129149152051,1.0,-49.626,-0.8703333333333334
hap1-tkov3,SCRT2,0,0,-0.07932278713780189,-0.6919656468750495,-0.6754022322075663,1.0,0.01653189202258703,-0.39199884041165384,0.8214350495904743,-26.144,-0.002416666666666678
hap1-tkov3,SDAD1,1,3,1.1918199057133392,3.2388962940170374,-0.0006957530076822728,0.024792669676644955,1.5987241935091367,-2.8989708653428032e-05,0.0002993925180513014,65.575,3.2321666666666666
hap1-tkov3,SDHC,1,1,0.9699324717784917,3.641460624042542,-0.0021742281490071025,0.050401764631620286,1.3217278954913818,-2.8989708653428032e-05,0.00034529385714480196,36.367,2.23575
hap1-tkov3,SDR9C7,0,2,-0.11731617805283728,-0.6353983443623048,-0.7588056240034787,1.0,-0.013903927321849365,-0.48589650674010726,0.853995419519681,-29.718,-0.14841666666666664
hap1-tkov3,SEC13,1,2,0.7883582025411463,2.450542816856382,-0.006493694738367879,0.10905233997335037,1.262259197223816,-2.8989708653428032e-05,0.0003095885480778163,34.179,2.13925
hap1-tkov3,SEC14L3,0,0,-0.3966025956876244,-1.8101402626880478,-0.9963762864183215,1.0,-0.3449421080245169,-0.9912161182780113,1.0,-49.263,-0.8199166666666666
hap1-tkov3,SEH1L,1,0,0.3838358302605924,1.2719729679267484,-0.07027105377590956,0.6969320669770628,0.6326952487223219,-0.00014494854326714017,0.001492494045210965,20.846,1.6592500000000001
hap1-tkov3,SEMG2,0,2,-0.38699499796646714,-1.831865499583993,-0.9956515437019858,1.0,-0.3290263213209611,-0.9861719089723149,1.0,-49.127,-0.8433333333333334
hap1-tkov3,SEPT14,0,4,-0.016708004030903823,-0.09095850543988256,-0.5349470937817075,1.0,0.09772031048787497,-0.19991303087403972,0.6127221089178586,-21.776,0.15199999999999997
hap1-tkov3,SERPINA12,0,1,-0.06005518280133654,-0.6607220047589156,-0.6311639368024351,1.0,0.039680382666087914,-0.3271778518625888,0.767478090201181,-24.783,0.027000000000000024
hap1-tkov3,SERPINA7,0,0,-0.2869455230159693,-1.292088437344857,-0.9724307870705899,1.0,-0.20680219630705923,-0.9213219307145963,0.9979303812674567,-38.149,-0.4269166666666666
hap1-tkov3,SERPINA9,0,2,-0.2525851453768375,-1.945223256061491,-0.9510653717930134,1.0,-0.1603682151145659,-0.8548485287722858,0.9767520742789506,-38.565,-0.46516666666666673
hap1-tkov3,SERPINB12,0,0,-0.159874229194954,-0.9688070939843495,-0.8410494274532541,1.0,-0.06853817480562535,-0.6447601101608929,0.9379029758687806,-31.056,-0.17608333333333334
hap1-tkov3,SF1,1,0,0.9709690368219337,3.273259414014271,-0.0021162487317002462,0.04918994861945303,1.2809079567243122,-2.8989708653428032e-05,0.00035086702115485845,39.673,2.3249999999999997
hap1-tkov3,SF3A2,1,2,1.1814419698741743,3.2935205935542453,-0.0007827221336425569,0.02732714299379186,1.5080005089699426,-2.8989708653428032e-05,0.0003095885480778163,37.161,2.246
hap1-tkov3,SF3A3,1,1,1.1934534502167418,3.26390631415956,-0.0006957530076822728,0.024792669676644955,1.6843404407177676,-2.8989708653428032e-05,0.00034529385714480196,46.338,2.595916666666666
hap1-tkov3,SF3B1,1,0,1.1072465373048848,2.9524026027916137,-0.0011885780547905493,0.035651140366908876,1.4678379344628396,-2.8989708653428032e-05,0.00035086702115485845,53.271,2.8058333333333336
hap1-tkov3,SF3B2,1,3,0.9228162417228147,3.1705590704449693,-0.0031308885345702276,0.06577154026276823,1.3425110808905227,-2.8989708653428032e-05,0.0002993925180513014,33.941,2.121916666666667
hap1-tkov3,SF3B3,1,3,1.6970609750598544,4.955682011799843,-5.7979417306856065e-05,0.004651027954843473,2.124047882714564,-2.8989708653428032e-05,0.0002993925180513014,66.095,3.2504166666666667
hap1-tkov3,SF3B5,1,4,1.0208023461342024,3.262973611356424,-0.001681403101898826,0.04321782309753957,1.415002767169102,-2.8989708653428032e-05,0.000424075916154091,39.546,2.3073333333333332
hap1-tkov3,SHCBP1L,0,2,-0.2728058428058576,-2.1263755036523913,-0.9652123496158863,1.0,-0.1908516798811997,-0.900507319901435,0.9887132270054054,-41.851,-0.5828333333333333
hap1-tkov3,SI,0,1,-0.0844320382918889,-0.5467631189193848,-0.6863023626612552,1.0,0.014806153214364725,-0.3967241629221626,0.8185550470054478,-25.432,0.003583333333333348
hap1-tkov3,SIGLECL1,0,2,-0.0954903370765341,-0.7588979098887944,-0.7106537179301348,1.0,0.007392884095761839,-0.4224380344977533,0.8181325810114415,-26.489,-0.03283333333333338
hap1-tkov3,SIX6,0,0,-0.16453990903817528,-1.5656399067374993,-0.8486157414117989,1.0,-0.07387432514206486,-0.660008696912596,0.9415878656031372,-33.212,-0.2523333333333333
hap1-tkov3,SLC10A2,0,3,-0.3120508624381794,-1.5193429681249637,-0.9823742571387157,1.0,-0.24232631009047872,-0.9541382809102769,1.0,-43.604,-0.5996666666666667
hap1-tkov3,SLC13A1,0,2,-0.04418553194294359,-0.22194485739006287,-0.5955645745760255,1.0,0.05978369622736539,-0.2804464415132628,0.7117951386527942,-20.661,0.17583333333333334
hap1-tkov3,SLC17A6,0,2,-0.12135934058255968,-0.5309481488583989,-0.7665458762139441,1.0,-0.021044160890470353,-0.5081895926945934,0.8660163547172738,-27.285,-0.06133333333333335
hap1-tkov3,SLC18A3,0,3,0.10609950475904575,0.9592565643014013,-0.30450789969560804,1.0,0.23396777309465489,-0.04331062472822148,0.2351206624764356,-15.088,0.40116666666666667
hap1-tkov3,SLC22A12,0,1,-0.2334952066307881,-1.5701063804336477,-0.9364835483403392,1.0,-0.14475792719934175,-0.8284389041890129,0.9799565106679952,-36.561,-0.3984166666666667
hap1-tkov3,SLC22A13,0,1,-0.15637679111759512,-0.7825012151061318,-0.8348746195100739,1.0,-0.06413943629058229,-0.6296564719524569,0.9271480553029987,-28.191,-0.09608333333333333
hap1-tkov3,SLC22A24,0,4,0.07398421582487896,0.6702734239816848,-0.3545441368314248,1.0,0.19313810674863285,-0.06914045513842586,0.32679238963344226,-15.804,0.36191666666666666
hap1-tkov3,SLC22A25,0,0,-0.17992751666616827,-1.057645277778417,-0.8723583127989564,1.0,-0.09008288505609979,-0.7030874039715901,0.954288853096562,-32.604,-0.2308333333333333
hap1-tkov3,SLC22A6,0,1,0.03570519196724492,0.20559959338677172,-0.4259457892448181,1.0,0.1425667929832697,-0.12401797361936513,0.489123711642623,-16.397,0.3299166666666666
hap1-tkov3,SLC22A8,0,0,-0.18621816458065157,-0.6312136157124946,-0.881953906363241,1.0,-0.10422811512942834,-0.7401072619220177,0.9626423716893665,-30.12,-0.14300000000000002
hap1-tkov3,SLC22A9,0,4,-0.05050359824586568,-0.3188993286372003,-0.610088418611393,1.0,0.055372817176306,-0.2929410059428903,0.7210437461819651,-22.921,0.11175
hap1-tkov3,SLC25A2,0,3,-0.16378483985120687,-0.9651526341267208,-0.8474851427743151,1.0,-0.06394825629833699,-0.6422669952166981,0.9171292614437294,-33.921,-0.2598333333333333
hap1-tkov3,SLC25A31,0,3,-0.15420067354556227,-1.028753376458416,-0.8307580808812871,1.0,-0.05504629803842744,-0.615915350050732,0.9069147137646183,-31.535,-0.17608333333333331
hap1-tkov3,SLC2A2,0,1,0.09723093002619575,0.9297182923696947,-0.31752427888099727,1.0,0.20936222890789746,-0.0561530656616901,0.29276660322465814,-14.309,0.4053333333333333
hap1-tkov3,SLC2A7,0,2,0.03325101537777566,0.42740716552776853,-0.4307870705899406,1.0,0.14161262801577607,-0.12204667343093202,0.46466644076452196,-19.022,0.2345
hap1-tkov3,SLC32A1,0,3,0.04474679620335092,0.1966424046130303,-0.408464994926801,1.0,0.17253798740592644,-0.0911146542977243,0.3880134426352719,-15.902,0.37258333333333327
hap1-tkov3,SLC34A1,0,2,-0.18544919855032016,-0.7227267065529944,-0.8805044209305697,1.0,-0.08844801619244523,-0.6992607624293375,0.9373029505487732,-29.985,-0.15800000000000006
hap1-tkov3,SLC35B1,1,2,1.562856094237891,4.064015454659596,-5.7979417306856065e-05,0.004651027954843473,2.1321891294052175,-2.8989708653428032e-05,0.0003095885480778163,56.219,2.9283333333333332
hap1-tkov3,SLC36A3,0,0,-0.1943831013278055,-0.8395586531134714,-0.8923902014784751,1.0,-0.1080043171810762,-0.7496738657776489,0.9660534280222192,-31.986,-0.20900000000000007
hap1-tkov3,SLC39A12,0,4,-0.14519225773648956,-1.2255808591514632,-0.81530656616901,1.0,-0.04607256096946888,-0.5861429192636614,0.9011594694723095,-31.298,-0.1826666666666667
hap1-tkov3,SLC6A18,0,0,-0.16477627912742027,-1.2538653587999173,-0.8489926076242934,1.0,-0.07314851104645423,-0.6577764893462821,0.941288239075261,-31.937,-0.20725000000000002
hap1-tkov3,SLC6A5,0,2,-0.2761922238449709,-0.8962770823460271,-0.9673865777648935,1.0,-0.21333892392070875,-0.9263661400202928,0.9947102986508524,-34.899,-0.33391666666666664
hap1-tkov3,SLC6A7,0,2,0.1275589267867186,0.6125825751987597,-0.27317002464125234,1.0,0.28351149088330463,-0.019626032758370777,0.12634945389459531,-6.754,0.6737500000000001
hap1-tkov3,SLC7A13,0,3,-0.0749750562569996,-0.45635108269304747,-0.6659225974778954,1.0,0.03086313704056303,-0.36532830845050007,0.7784553170059024,-25.309,0.04241666666666667
hap1-tkov3,SLCO1B1,0,3,-0.14574726477488223,-1.3065863505093411,-0.8164371648064936,1.0,-0.04541425252890278,-0.5873894767357588,0.894780631095357,-32.342,-0.20441666666666664
hap1-tkov3,SLCO6A1,0,4,-0.06495680189395091,-0.40820689028451324,-0.6427018408464995,1.0,0.03804571825493773,-0.33813596173358457,0.7632287569714872,-24.593,0.053000000000000026
hap1-tkov3,SLITRK1,0,4,-0.2008017696799166,-1.6805114608090672,-0.9012320626177707,1.0,-0.10276116059120867,-0.7426873459921728,0.9543382995326333,-35.281,-0.32266666666666666
hap1-tkov3,SLU7,1,4,1.2031966715708144,2.800045039050097,-0.0006957530076822728,0.024792669676644955,1.9601126882090159,-2.8989708653428032e-05,0.000424075916154091,60.078,3.0290000000000004
hap1-tkov3,SMC1A,1,2,1.0168002108862095,2.7115071508456596,-0.00176837222785911,0.04498394662815055,1.4759521127473922,-2.8989708653428032e-05,0.0003095885480778163,43.587,2.4760833333333334
hap1-tkov3,SMC2,1,2,1.1436327016770886,3.691854500595987,-0.0009856500942165532,0.03113462852555475,1.7237396512575192,-2.8989708653428032e-05,0.0003095885480778163,31.959,2.05975
hap1-tkov3,SMC4,1,1,0.865565132171001,3.4565015333989764,-0.004203507754747065,0.07888781093158065,1.2088583253046723,-2.8989708653428032e-05,0.00034529385714480196,23.32,1.7645000000000002
hap1-tkov3,SMU1,1,4,1.8506910653745607,4.775425096919539,-5.7979417306856065e-05,0.004651027954843473,2.284581180820494,-2.8989708653428032e-05,0.000424075916154091,66.821,3.266
hap1-tkov3,SNAPC1,1,0,0.10168624742382686,0.44223907551281977,-0.31108856355993625,1.0,0.22999086461435916,-0.042556892303232355,0.23986232730517923,-10.685,0.54425
hap1-tkov3,SNAPC2,1,4,1.6650646872742012,5.3783279681620515,-5.7979417306856065e-05,0.004651027954843473,2.1434435885454484,-2.8989708653428032e-05,0.000424075916154091,54.976,2.849666666666667
hap1-tkov3,SNAPC4,1,1,0.9088872630992008,3.0987346387859613,-0.003362806203797652,0.06831368503757138,1.2169312936855863,-2.8989708653428032e-05,0.00034529385714480196,39.971,2.3659166666666667
hap1-tkov3,SNRNP200,1,0,0.8633559882914182,2.4597068569991607,-0.004261487172053921,0.07945715595287997,1.2789670092333039,-2.8989708653428032e-05,0.00035086702115485845,44.193,2.484833333333333
hap1-tkov3,SNRNP27,1,0,1.1778748801718586,3.4492492254440896,-0.000840701550949413,0.029057273846141332,1.568109084060318,-2.8989708653428032e-05,0.00035086702115485845,39.4,2.3153333333333332
hap1-tkov3,SNRNP35,1,4,0.37335868895179974,1.5162201531300694,-0.07473546890853747,0.7279698664084858,0.6191750881917288,-0.00023191766922742426,0.002357032434393274,1.075,0.9551666666666668
hap1-tkov3,SNRNP70,1,2,1.2978511005653075,4.876547077377604,-0.0004348456298014205,0.0173606078175581,1.667929325131391,-2.8989708653428032e-05,0.0003095885480778163,41.516,2.4019166666666667
hap1-tkov3,SNRPA1,1,1,1.5051771905605187,3.6503869756961937,-8.69691259602841e-05,0.005952208394591349,2.0040840823846744,-2.8989708653428032e-05,0.00034529385714480196,61.309,3.1366666666666663
hap1-tkov3,SNRPD1,1,1,0.892514134892058,3.2542777683753665,-0.00368169299898536,0.0722390889118322,1.21484829766238,-2.8989708653428032e-05,0.00034529385714480196,30.262,2.01525
hap1-tkov3,SNRPD2,1,3,0.5024785120478183,1.586433014367354,-0.03548340339179591,0.40717382454976986,0.7553002442209551,-2.8989708653428032e-05,0.0002993925180513014,5.9,1.13775
hap1-tkov3,SNRPD3,1,0,0.3641526773803181,1.4541920265327934,-0.07809827511233512,0.753333865135595,0.6165604483673052,-0.00014494854326714017,0.001492494045210965,6.655,1.1574166666666668
hap1-tkov3,SNW1,1,1,1.2677606630747924,3.4265516716888773,-0.0004348456298014205,0.0173606078175581,1.7075280736541494,-2.8989708653428032e-05,0.00034529385714480196,56.686,2.969666666666667
hap1-tkov3,SOHLH1,0,4,-0.08903970979171522,-0.848898170636395,-0.6965067401072619,1.0,0.013334278663018563,-0.408059139005653,0.8113244055272821,-28.239,-0.07516666666666667
hap1-tkov3,SOX1,0,1,-0.10758211109970041,-1.3831274125151478,-0.7376721263951297,1.0,-0.011239378524808103,-0.4723003333816495,0.861071477331262,-28.288,-0.09958333333333333
hap1-tkov3,SOX14,0,0,-0.011917488275930352,-0.07905396435945597,-0.5243948398318596,1.0,0.09201729160966196,-0.2054790549354979,0.64023414684177,-19.723,0.22466666666666668
hap1-tkov3,SP8,0,2,-0.1854710746390743,-1.32188563464583,-0.88059139005653,1.0,-0.09228597205139229,-0.7092042324974634,0.9387295009887761,-33.754,-0.2929166666666667
hap1-tkov3,SPACA1,0,4,-0.1151118941162508,-0.5798008768955721,-0.7537904044064357,1.0,-0.013737128287164637,-0.4872010436295115,0.8537588955819111,-26.501,-0.014083333333333309
hap1-tkov3,SPACA7,0,0,-0.15831042675208887,-1.0726265090312637,-0.8381214668792578,1.0,-0.066707103961258,-0.639686911146543,0.9361006910360673,-31.89,-0.20558333333333334
hap1-tkov3,SPATA16,0,1,-0.2661163395091925,-1.455631114212207,-0.9605739962313379,1.0,-0.18895494418323824,-0.8997825771850992,0.9926961733307075,-39.175,-0.49283333333333335
hap1-tkov3,SPATA21,0,3,-0.2192448868255572,-0.9186953444240404,-0.9223945499347731,1.0,-0.12771675335270397,-0.8019713001884331,0.9660961803694842,-34.567,-0.2825
hap1-tkov3,SPATA31D1,0,2,-0.1472222927701608,-1.5565364346690393,-0.8196550224670242,1.0,-0.050185086008769066,-0.5948688215683432,0.9048154657014917,-31.454,-0.21058333333333334
hap1-tkov3,SPATA32,0,1,-0.07020443252744447,-0.504195346072911,-0.6550804464415133,1.0,0.027334519031445226,-0.3604870271053776,0.7962755835663995,-26.064,-0.019250000000000017
hap1-tkov3,SPATA5L1,1,0,1.5523556143048973,4.053602326845633,-5.7979417306856065e-05,0.004651027954843473,2.026930294785469,-2.8989708653428032e-05,0.00035086702115485845,66.126,3.2604166666666665
hap1-tkov3,SPC25,1,4,1.1852671787608005,4.143911458522792,-0.0007537324249891289,0.02652984313017858,1.5628347328804342,-2.8989708653428032e-05,0.000424075916154091,38.906,2.2848333333333333
hap1-tkov3,SPEM1,0,4,-0.055145850578015035,-0.5720482880693862,-0.6202638063487462,1.0,0.05177471764025461,-0.3020437744600667,0.730354492447864,-24.483,0.05683333333333333
hap1-tkov3,SPINK14,0,3,-0.28325445146404277,-2.0257669170083896,-0.9707783736773445,1.0,-0.19411507067300826,-0.9121032033628063,0.9940364642362051,-42.944,-0.5765
hap1-tkov3,SPO11,0,3,-0.0055893376149357835,-0.04713897886133792,-0.51018988259168,1.0,0.10992710949732258,-0.1840556602406146,0.5901909911167712,-20.962,0.195
hap1-tkov3,SPPL2C,0,0,-0.13918657051833047,-0.7486312450442351,-0.8037976518335991,1.0,-0.04649426378933887,-0.5817364835483403,0.915257070061485,-28.506,-0.08591666666666666
hap1-tkov3,SPRR4,0,3,-0.12779334472454815,-1.3607282054162937,-0.7804899260762429,1.0,-0.02369644926092178,-0.5223365705174663,0.8640730907405386,-30.687,-0.14633333333333334
hap1-tkov3,SRBD1,1,3,1.4395286321442797,3.901034577224655,-0.00011595883461371213,0.006410070578790683,2.0764858281617062,-2.8989708653428032e-05,0.0002993925180513014,60.133,3.041166666666667
hap1-tkov3,SRP19,1,2,1.1460926860779754,2.6756033654392346,-0.0009856500942165532,0.03113462852555475,1.7251505051601577,-2.8989708653428032e-05,0.0003095885480778163,60.926,3.0968333333333335
hap1-tkov3,SRRM1,1,0,0.4502935645037289,1.7038767680255076,-0.048267864907957675,0.5215878845164006,0.6798581875679548,-5.7979417306856065e-05,0.0006361138742311365,5.128,1.103416666666667
hap1-tkov3,SRRT,1,1,0.8569155186506148,3.1250122782805856,-0.004377446006667633,0.08100623527574749,1.163986066690031,-2.8989708653428032e-05,0.00034529385714480196,30.285,2.0160833333333334
hap1-tkov3,SRSF1,1,1,0.6724087838957993,1.740567699645635,-0.013132338020002899,0.1844409070284935,1.0655012656955478,-2.8989708653428032e-05,0.00034529385714480196,20.15,1.65
hap1-tkov3,SRSF2,1,1,0.14497538692703418,0.6061701181582628,-0.25041310334831135,1.0,0.2811069478966994,-0.020988549065081897,0.13706531833603464,-10.255,0.55175
hap1-tkov3,SRSF3,1,3,0.3532770467711255,0.8810834751693386,-0.08349036092187273,0.7942406259346602,0.5953166593028426,-0.0001739382519205682,0.0017054650545048548,13.329,1.3985
hap1-tkov3,SRSF7,1,0,0.9596864934881796,3.681156769242932,-0.0024061458182345267,0.05438898679828425,1.2785248722904505,-2.8989708653428032e-05,0.00035086702115485845,28.838,1.941833333333333
hap1-tkov3,SS18L2,1,1,1.8690432551663771,4.319143587760592,-5.7979417306856065e-05,0.004651027954843473,2.3452403573039606,-2.8989708653428032e-05,0.00034529385714480196,76.488,3.6849166666666666
hap1-tkov3,SSTR4,0,0,-0.18244407720735295,-0.7935444158324763,-0.8760689955065951,1.0,-0.09690107470594976,-0.7214668792578635,0.9578516237139376,-31.765,-0.2011666666666667
hap1-tkov3,SSU72,1,2,1.4087348623118332,3.8697231351091053,-0.00014494854326714017,0.007787936217222326,1.8891532420340407,-2.8989708653428032e-05,0.0003095885480778163,60.209,3.0711666666666666
hap1-tkov3,SULT6B1,0,2,-0.19648353666577795,-0.757414551624883,-0.8949992752572836,1.0,-0.0766365424436753,-0.6676040005797942,0.9273833834377496,-6.991,0.6652500000000001
hap1-tkov3,SUN5,0,1,-0.27754131639113766,-1.266423101004355,-0.96837222785911,1.0,-0.1957054180610701,-0.9086244383243949,0.995019716010719,-38.038,-0.45175
hap1-tkov3,SUPT5H,1,3,0.7909905484119129,2.9170535982766506,-0.006377735903754168,0.10784001091377268,1.2159683726047728,-2.8989708653428032e-05,0.0002993925180513014,19.08,1.6003333333333332
hap1-tkov3,SUPT6H,1,1,1.4390013234754704,4.364417557561724,-0.00011595883461371213,0.006410070578790683,1.8812203912111993,-2.8989708653428032e-05,0.00034529385714480196,57.452,2.9973333333333336
hap1-tkov3,SUPV3L1,1,2,1.3191633508305503,3.522729889613847,-0.00037686621249456443,0.016970787380923637,1.6911730118716528,-2.8989708653428032e-05,0.0003095885480778163,60.155,3.06925
hap1-tkov3,SYMPK,1,4,1.5744350682040869,4.292182004975201,-5.7979417306856065e-05,0.004651027954843473,2.0256501561541636,-2.8989708653428032e-05,0.000424075916154091,60.559,3.045916666666667
hap1-tkov3,SYS1,1,4,1.4967141716110506,4.49069484178385,-0.00011595883461371213,0.006410070578790683,1.9329179005238337,-2.8989708653428032e-05,0.000424075916154091,58.487,2.9730833333333333
hap1-tkov3,TAAR1,0,3,-0.1511993538282596,-1.6880237420331976,-0.8259457892448181,1.0,-0.048514790978541146,-0.5972169879692709,0.9001748996776335,-32.466,-0.20875000000000002
hap1-tkov3,TAAR2,0,3,-0.05918255557642521,-0.38428248809694654,-0.6293665748659226,1.0,0.048673250008544576,-0.31920568198289606,0.7451733076825946,-24.383,0.07491666666666666
hap1-tkov3,TAAR5,0,3,-0.10660739776295487,-1.393985473550716,-0.7357008262066966,1.0,-0.0013411310824206185,-0.4551094361501667,0.8308746104881893,-29.142,-0.09208333333333332
hap1-tkov3,TAAR6,0,0,-0.17969739693982997,-1.1913188143909765,-0.8720104362951152,1.0,-0.09356661011123833,-0.7128569357877953,0.9566837264430071,-35.766,-0.3426666666666667
hap1-tkov3,TAAR8,0,0,-0.19773617042648442,-1.4327351831717625,-0.8970865342803305,1.0,-0.10991305778369552,-0.7539933323670097,0.96756867584329,-35.882,-0.34675
hap1-tkov3,TAF1B,1,3,0.3601572425866097,1.752985718689505,-0.0800405855921148,0.7677752946091234,0.575380550209666,-0.00028989708653428034,0.0027947764401658652,2.922,1.03325
hap1-tkov3,TAF6,1,2,0.443512136469454,1.6454701015836,-0.050152195970430496,0.537205269796716,0.7287347955503377,-2.8989708653428032e-05,0.0003095885480778163,3.478,1.0400833333333332
hap1-tkov3,TANGO6,1,3,0.6415797417072042,2.7179654214748794,-0.015857370633425134,0.2151786556370443,0.9590105000666695,-2.8989708653428032e-05,0.0002993925180513014,13.904,1.4186666666666665
hap1-tkov3,TARS,1,3,0.7700177291113249,2.5919665175210276,-0.007276416872010436,0.11750595673367414,1.246002349347058,-2.8989708653428032e-05,0.0002993925180513014,32.334,2.0655
hap1-tkov3,TAS1R2,0,1,-0.2967248538056639,-1.651093652771688,-0.9772720684157125,1.0,-0.22049804804415477,-0.9344542687345992,1.0,-42.094,-0.5982500000000001
hap1-tkov3,TAS2R13,0,3,-0.17635369399006537,-0.9353532817511512,-0.8671981446586462,1.0,-0.08589377579624706,-0.7031163936802435,0.9379704884317671,-35.306,-0.3084166666666667
hap1-tkov3,TAS2R16,0,1,-0.2700673990895156,-1.478679397252321,-0.9635019568053341,1.0,-0.1897119897447281,-0.9007392375706624,0.9926961733307075,-38.963,-0.48516666666666663
hap1-tkov3,TAS2R39,0,4,-0.26080242477860016,-1.8606465391466709,-0.9570662414842731,1.0,-0.16990126765005986,-0.8750253659950717,0.984149506652234,-40.151,-0.4938333333333333
hap1-tkov3,TAS2R40,0,4,-0.13710095298719557,-0.984396214099359,-0.7997101029134657,1.0,-0.03755505350354175,-0.5609798521524859,0.8894299972489359,-29.669,-0.1254166666666667
hap1-tkov3,TAS2R41,0,3,-0.2721209159855094,-1.5804118592994705,-0.9647485142774315,1.0,-0.1920059976040257,-0.9094361501666908,0.9936047942433114,-41.484,-0.52525
hap1-tkov3,TAS2R42,0,2,-0.08906267325352711,-0.4039205395038869,-0.6965937092332222,1.0,0.01787119624366825,-0.3916219741991593,0.7991014047696731,-25.477,0.0034166666666667067
hap1-tkov3,TAS2R50,0,1,-0.20923711189935756,-1.622234191737652,-0.9116973474416582,1.0,-0.12139465428444997,-0.7809537614146977,0.9729564799642039,-35.488,-0.3596666666666667
hap1-tkov3,TAS2R60,0,1,-0.07774817684703145,-0.47153453542499474,-0.6718944774605016,1.0,0.020769751112248498,-0.3795042759820264,0.8070666150261416,-23.976,0.056166666666666656
hap1-tkov3,TAS2R7,0,2,-0.1958510780320715,-1.2755778075318998,-0.8941295839976808,1.0,-0.10354046741318612,-0.7366284968836063,0.9472585509805814,-33.889,-0.29775
hap1-tkov3,TAS2R8,0,4,-0.2848264384591094,-1.8676861457124885,-0.9714741266850269,1.0,-0.19777441387958888,-0.9120452239454994,0.9918182206182281,-41.803,-0.5519166666666666
hap1-tkov3,TAS2R9,0,1,-0.0472460333441264,-0.3548592473981997,-0.6022322075663139,1.0,0.0535938260065417,-0.29302797506885053,0.7403828722549758,-24.227,0.047083333333333324
hap1-tkov3,TBC1D21,0,3,0.058662630133914304,0.4656010055641342,-0.3815915350050732,1.0,0.18170230189895464,-0.08291056674880418,0.3676931202665532,-16.992,0.3343333333333333
hap1-tkov3,TBC1D29,0,4,-0.04656026466182446,-0.3341192512344015,-0.6007247427163357,1.0,0.061572720996263944,-0.27751848093926657,0.7072046750531221,-23.198,0.10200000000000004
hap1-tkov3,TBCD,1,4,0.6065024511517418,1.8948786399293396,-0.01948108421510364,0.2531953726133327,0.8671598651615908,-5.7979417306856065e-05,0.000629704666430319,27.134,1.8710833333333332
hap1-tkov3,TBL1Y,0,0,-0.30775878854320254,-1.5527451595011474,-0.9808667922887375,1.0,-0.23461682647361634,-0.9485432671401652,1.0,-43.077,-0.6011666666666666
hap1-tkov3,TBL3,1,1,1.4384490516372097,4.50501592534869,-0.00011595883461371213,0.006410070578790683,1.8564221726276684,-2.8989708653428032e-05,0.00034529385714480196,43.671,2.4995833333333337
hap1-tkov3,TBPL2,0,2,-0.21605583469766038,-1.2917040485057072,-0.9189737643136686,1.0,-0.13048087534620662,-0.7988114219452095,0.9640803555457045,-36.2,-0.3805
hap1-tkov3,TBR1,0,4,-0.22572807968700412,-0.9442393551163664,-0.9288302652558342,1.0,-0.14602775676544344,-0.8358022901869836,0.9770949704368539,-36.108,-0.35175
hap1-tkov3,TBX10,0,1,-0.06482873259082178,-0.5202284831487475,-0.6424409334686186,1.0,0.03163590267882801,-0.3489201333526598,0.7870553936611724,-24.08,0.05241666666666667
hap1-tkov3,TCHHL1,0,4,-0.10451069002977549,-0.7602006954901344,-0.7306566169010001,1.0,-0.006072901981630677,-0.46438614291926367,0.8420836161170351,-27.952,-0.06508333333333333
hap1-tkov3,TCP1,1,0,1.2433026334605124,3.4324467141718977,-0.0004928250471082766,0.0194502370422802,1.5618566837699015,-2.8989708653428032e-05,0.00035086702115485845,45.525,2.531916666666667
hap1-tkov3,TEDDM1,0,3,-0.18999646521968697,-1.1956894456775364,-0.8868531671256704,1.0,-0.08959647133957435,-0.7122191621974199,0.939375957084346,-33.477,-0.24425
hap1-tkov3,TELO2,1,3,0.9785139643839845,3.125518498010041,-0.0020582693143933904,0.04816685327726296,1.4930806165127575,-2.8989708653428032e-05,0.0002993925180513014,34.2,2.131
hap1-tkov3,TEX101,0,2,-0.18480905926858665,-1.1325112717181065,-0.8793448325844325,1.0,-0.0889841688622409,-0.700710247862009,0.9378396635366828,-32.734,-0.2564166666666667
hap1-tkov3,TEX13A,0,1,-0.39357173269310514,-2.2552183172478273,-0.9961153790404407,1.0,-0.33112361451631195,-0.9877953326569068,1.0,-51.634,-0.9428333333333334
hap1-tkov3,TFAM,1,3,1.2386283119775154,4.081375715927744,-0.0005218147557617046,0.02045395248323209,1.6967329285785675,-2.8989708653428032e-05,0.0002993925180513014,48.002,2.615416666666667
hap1-tkov3,TFDP3,0,2,-0.18951170455678465,-1.1656297732834993,-0.8860414552833744,1.0,-0.09204289920381795,-0.7086824177417017,0.9387295009887761,-32.478,-0.24725000000000003
hap1-tkov3,TFRC,1,2,1.113790196890669,3.5239814572618284,-0.0011595883461371214,0.03533466467460589,1.6713354658121717,-2.8989708653428032e-05,0.0003095885480778163,39.056,2.313833333333333
hap1-tkov3,TGM6,0,0,-0.08354408802897367,-0.7099528855746915,-0.6845339904333961,1.0,0.01252843438914882,-0.4033048267864908,0.8265841546023296,-26.774,-0.024666666666666615
hap1-tkov3,THOC2,1,1,1.0689348181390224,3.2054166001742503,-0.0015364545586316856,0.0428777768578219,1.408662716942294,-2.8989708653428032e-05,0.00034529385714480196,42.859,2.4702499999999996
hap1-tkov3,THOC3,1,1,0.877719420374739,1.8070579415540364,-0.003913610668212784,0.07483153347523935,1.8327615428280757,-2.8989708653428032e-05,0.00034529385714480196,58.368,3.030416666666666
hap1-tkov3,THOC5,1,1,1.3018463567501626,3.917159614951105,-0.0004348456298014205,0.0173606078175581,1.6334699344200208,-2.8989708653428032e-05,0.00034529385714480196,51.661,2.7881666666666667
hap1-tkov3,TICRR,1,4,0.5333310860896249,1.8664646122759696,-0.029076677779388316,0.34585204252490365,0.7898224910668715,-5.7979417306856065e-05,0.000629704666430319,13.247,1.383
hap1-tkov3,TIMM10,1,0,1.200995579776075,2.978302385441347,-0.0006957530076822728,0.024792669676644955,1.708518465372352,-2.8989708653428032e-05,0.00035086702115485845,52.95,2.7944999999999998
hap1-tkov3,TIMM13,1,4,1.7441864558280358,4.682049780823505,-5.7979417306856065e-05,0.004651027954843473,2.2600653877968604,-2.8989708653428032e-05,0.000424075916154091,64.208,3.174166666666667
hap1-tkov3,TIMM23,1,1,0.8932767630915175,3.1617595411781894,-0.00368169299898536,0.0722390889118322,1.2128750970939748,-2.8989708653428032e-05,0.00034529385714480196,24.407,1.8037500000000004
hap1-tkov3,TIMM44,1,2,1.5226160689714623,3.9619720443134416,-8.69691259602841e-05,0.005952208394591349,2.1261154211585853,-2.8989708653428032e-05,0.0003095885480778163,64.58,3.227666666666667
hap1-tkov3,TKTL2,0,0,-0.1844377872950298,-1.5400423384162287,-0.8787360487027105,1.0,-0.09909959323837451,-0.727322800405856,0.9591847309342797,-35.865,-0.3461666666666667
hap1-tkov3,TLX1,0,0,-0.04051715045668458,-0.3030060766612415,-0.5876503841136397,1.0,0.06017835091203347,-0.2764168720104363,0.7297354648039177,-23.42,0.09391666666666668
hap1-tkov3,TMEM132D,0,0,-0.03248100677399435,-0.17953027402564528,-0.5692419191187128,1.0,0.06967305869086017,-0.25331207421365415,0.7032957733359454,-22.617,0.12233333333333334
hap1-tkov3,TMEM174,0,4,0.23207821062048814,1.3619922711834531,-0.15973329468038847,1.0,0.3799110634972516,-0.004986229888389621,0.03921454942319006,-5.07,0.7391666666666666
hap1-tkov3,TMEM207,0,2,-0.15343648676287577,-1.2175933249449329,-0.8296564719524568,1.0,-0.05511723287918494,-0.608464994926801,0.9096116624182067,-30.895,-0.19058333333333333
hap1-tkov3,TMEM225,0,0,-0.13930463011112718,-0.9696488922051961,-0.8039426003768663,1.0,-0.045970028819649164,-0.5797941730685606,0.9150160205342311,-30.391,-0.1525833333333333
hap1-tkov3,TMEM258,1,0,1.1302467119164838,3.7291059886266424,-0.0010436295115234093,0.032905810210684165,1.5356961656001564,-2.8989708653428032e-05,0.00035086702115485845,39.15,2.3064999999999998
hap1-tkov3,TMIGD1,0,2,-0.0037814645307178473,-0.0239944220671233,-0.5064212204667343,1.0,0.10467555049113252,-0.18104073054065806,0.5796193576452069,-19.849,0.20491666666666664
hap1-tkov3,TMPRSS11A,0,4,-0.07587825228440045,-0.41512560066795534,-0.6681548050442093,1.0,0.030407992327545992,-0.3591245107986665,0.7785228390636562,-25.418,0.024000000000000035
hap1-tkov3,TMPRSS11B,0,2,-0.06245043194180365,-0.44918394771158293,-0.6369038991158139,1.0,0.041643694958229914,-0.32581533555587766,0.7512482743759655,-24.508,0.038083333333333275
hap1-tkov3,TMPRSS11F,0,1,-0.1322264392743104,-0.8255186287108169,-0.7899405710972605,1.0,-0.03715926084332814,-0.5507174952891724,0.8951125465213947,-29.612,-0.14741666666666667
hap1-tkov3,TMPRSS12,0,4,-0.1278294798964153,-1.2166661437893382,-0.7805768952022032,1.0,-0.02776062318174571,-0.5300478330192782,0.8751421573888082,-30.058,-0.1390833333333333
hap1-tkov3,TMPRSS15,0,2,-0.1206625091087941,-0.9135579910419949,-0.7651253804899261,1.0,-0.02245348534612254,-0.5130018843310624,0.868096461656063,-28.863,-0.11783333333333333
hap1-tkov3,TNPO3,1,0,0.576714231398647,2.5586150280247706,-0.022525003623713583,0.28192216073888837,0.7941388032652195,-2.8989708653428032e-05,0.00035086702115485845,12.325,1.3579166666666669
hap1-tkov3,TNR,0,3,0.023313481407077983,0.2016384181515096,-0.45093491810407305,1.0,0.13550581463600678,-0.13900565299318743,0.5033439300333017,-19.863,0.23358333333333337
hap1-tkov3,TOMM22,1,1,0.8760101045622201,2.3433360744147764,-0.004000579794173068,0.07582197770340979,1.238784520182121,-2.8989708653428032e-05,0.00034529385714480196,50.429,2.743666666666667
hap1-tkov3,TOMM40,1,4,0.8927618679298446,2.75645215765855,-0.00368169299898536,0.0722390889118322,1.4403816646021421,-2.8989708653428032e-05,0.000424075916154091,40.195,2.3301666666666665
hap1-tkov3,TONSL,1,2,1.0844286984308453,2.8015011229859033,-0.0014204957240179735,0.041037336268237835,1.5093027863923267,-2.8989708653428032e-05,0.0003095885480778163,51.485,2.7588333333333335
hap1-tkov3,TOP1,1,0,0.829811487291005,2.554483372054918,-0.00501521959704305,0.08935691362624121,1.16313300633084,-2.8989708653428032e-05,0.00035086702115485845,39.904,2.3331666666666666
hap1-tkov3,TOP2A,1,0,1.5286518795077961,4.846856187203535,-8.69691259602841e-05,0.005952208394591349,1.8685251830603617,-2.8989708653428032e-05,0.00035086702115485845,57.866,2.9683333333333333
hap1-tkov3,TPD52L3,0,0,-0.18998906653789288,-1.6493622017349163,-0.8868241774170169,1.0,-0.10177267984304045,-0.7345992172778664,0.9616419506938415,-34.939,-0.3134166666666667
hap1-tkov3,TPH2,0,1,-0.32149257169891,-1.4048678736481341,-0.98469343383099,1.0,-0.2502008237283744,-0.9562835193506305,1.0,-40.218,-0.5305000000000001
hap1-tkov3,TPRX1,0,3,-0.1793406030491244,-0.9413512729566267,-0.8714016524133933,1.0,-0.08047825962943875,-0.6882156834323815,0.9338097625803071,-33.366,-0.24033333333333326
hap1-tkov3,TPT1,1,2,2.1300455257315343,4.649766553223952,-2.8989708653428032e-05,0.004651027954843473,2.515377431395252,-2.8989708653428032e-05,0.0003095885480778163,80.975,3.814666666666667
hap1-tkov3,TPTE,0,0,0.007570916687340968,0.05331898504834544,-0.48299753587476446,1.0,0.11913171118674272,-0.15674735468908538,0.5570619464913776,-18.054,0.2836666666666666
hap1-tkov3,TPX2,1,3,0.7773268189073621,3.035718723671466,-0.0068995506595158716,0.11236690295058567,1.0807726981022308,-2.8989708653428032e-05,0.0002993925180513014,20.474,1.6492499999999999
hap1-tkov3,TRAPPC1,1,4,1.5476467332940977,3.393522618703111,-8.69691259602841e-05,0.005952208394591349,2.2851575603129604,-2.8989708653428032e-05,0.000424075916154091,77.976,3.658083333333334
hap1-tkov3,TRAPPC3,1,1,1.0171913293822135,3.6925199708444727,-0.00176837222785911,0.04498394662815055,1.3868852683104245,-2.8989708653428032e-05,0.00034529385714480196,34.683,2.1749166666666664
hap1-tkov3,TREML4,0,4,-0.18701642128495632,-1.0252458121424737,-0.8830555152920713,1.0,-0.09364859148653266,-0.7202493114944195,0.9468856590209255,-34.825,-0.3066666666666666
hap1-tkov3,TRHR,0,0,-0.12441476939061237,-1.0854221372074684,-0.7726916944484707,1.0,-0.032193650310761886,-0.538570807363386,0.8979824743422582,-30.615,-0.16049999999999998
hap1-tkov3,TRIAP1,1,3,0.28835430372528115,1.0345294906411726,-0.1185099289752138,1.0,0.6224356674255627,-0.00014494854326714017,0.001443376169589126,17.273,1.5369166666666667
hap1-tkov3,TRIM40,0,2,-0.14755165125907338,-1.1361297424365167,-0.8204377446006668,1.0,-0.05171207039131776,-0.5988404116538629,0.906300507177446,-31.812,-0.2234166666666667
hap1-tkov3,TRIM42,0,3,-0.24574558319610687,-1.0893177301810484,-0.946021162487317,1.0,-0.1602608385937359,-0.8647050297144514,0.9831146184741567,-37.21,-0.37525
hap1-tkov3,TRIM43,0,2,0.3814069634368464,1.8338838111514089,-0.07119872445281925,0.7033014894832609,0.5725913269005857,-0.00020292796057399623,0.0019541588699160876,3.318,1.0343333333333333
hap1-tkov3,TRIM60,0,4,-0.2080521507290842,-1.4592816622521878,-0.91018988259168,1.0,-0.11512984894203433,-0.7710392810552253,0.9620977051338063,-35.999,-0.3479166666666667
hap1-tkov3,TRIM67,0,3,-0.15551668172591032,-1.459731131687708,-0.833454123786056,1.0,-0.053588652927619294,-0.611856790839252,0.9050907575792081,-32.748,-0.21866666666666665
hap1-tkov3,TRIML1,0,1,-0.18382854353779454,-1.379194288607039,-0.8779823162777214,1.0,-0.09349627344857395,-0.7129728946224091,0.954003350670977,-32.648,-0.25708333333333333
hap1-tkov3,TRMT112,1,2,1.3547049382572025,3.453951033630384,-0.0002609073778808523,0.012747505796915184,1.7993908729423553,-2.8989708653428032e-05,0.0003095885480778163,60.367,3.076833333333333
hap1-tkov3,TRMT5,1,2,1.1712157700060846,3.118225050830485,-0.000898680968256269,0.0303021518270105,1.6795526409503219,-2.8989708653428032e-05,0.0003095885480778163,54.29,2.85925
hap1-tkov3,TRNAU1AP,1,0,1.0058367644096502,3.5837003115844492,-0.0018843310624728222,0.04532644049437763,1.368595167073554,-2.8989708653428032e-05,0.00035086702115485845,37.234,2.2387499999999996
hap1-tkov3,TRPC5,0,3,-0.1627263737343863,-1.1128959015168778,-0.8458617190897232,1.0,-0.06097758011281717,-0.6339179591245108,0.9135815047830306,-33.254,-0.23641666666666666
hap1-tkov3,TRPC7,0,2,-0.00877038284815694,-0.06313249886714636,-0.5174083200463835,1.0,0.0972243444948565,-0.19489781127699668,0.5991635416008513,-20.566,0.17925000000000002
hap1-tkov3,TRPM1,0,0,-0.1641813674365914,-1.2881155146614107,-0.848151906073344,1.0,-0.07377973059950554,-0.6597187998260617,0.9415878656031372,-33.179,-0.25116666666666665
hap1-tkov3,TRPV5,0,3,-0.2174575181170072,-1.055947562245146,-0.9206551674155675,1.0,-0.12684736856419626,-0.7999130308740398,0.9651672060644022,-35.413,-0.31216666666666665
hap1-tkov3,TRRAP,1,0,0.7995184207729272,2.3259079729388805,-0.006116828525873315,0.1039378734834848,1.130243834198514,-2.8989708653428032e-05,0.00035086702115485845,29.062,1.9497499999999999
hap1-tkov3,TSGA13,0,4,-0.03238294734097169,-0.2944888916641094,-0.5689520220321785,1.0,0.07460050332994411,-0.24661545151471229,0.6746037576961527,-23.293,0.09866666666666665
hap1-tkov3,TSHB,0,4,-0.10001560977968417,-0.5671722965234549,-0.720829105667488,1.0,0.0051043840361257135,-0.4320626177706914,0.8256824342040016,-26.264,-0.005750000000000005
hap1-tkov3,TSPAN16,0,1,0.11404782115321954,0.7647727492670818,-0.2928830265255834,1.0,0.22544469171132903,-0.04606464705029714,0.2546281680617192,-13.538,0.43316666666666664
hap1-tkov3,TSPO2,0,1,0.04971243665337378,0.41791728267766387,-0.39921727786635747,1.0,0.15819277012872737,-0.10378315697927236,0.43817579153525343,-16.817,0.31475
hap1-tkov3,TSPYL6,0,4,-0.29296138995488163,-1.2736571261324348,-0.9754747064791999,1.0,-0.23349199324098183,-0.9445136976373387,0.9984702881013228,-40.897,-0.5200833333333332
hap1-tkov3,TSR1,1,0,1.1867625464107427,3.1732365903510766,-0.0007537324249891289,0.02652984313017858,1.6962035615159752,-2.8989708653428032e-05,0.00035086702115485845,44.959,2.5119166666666666
hap1-tkov3,TSSK1B,0,4,-0.1764224708744738,-1.3770433082521065,-0.8672851137846065,1.0,-0.08134202764312283,-0.68778083780258,0.940171686039693,-33.951,-0.2759166666666667
hap1-tkov3,TTC1,1,3,0.33119613834758393,1.58073302735826,-0.09444847079286853,0.8748403736652005,0.534540437063963,-0.0005508044644151327,0.0051073788160041905,10.1,1.2851666666666666
hap1-tkov3,TTC27,1,1,1.4707527954200048,3.8152608882292465,-0.00011595883461371213,0.006410070578790683,1.8557492694902018,-2.8989708653428032e-05,0.00034529385714480196,72.549,3.5426666666666664
hap1-tkov3,TTI1,1,2,0.9941737075395018,3.5985115201837474,-0.0018843310624728222,0.04532644049437763,1.3760879488373734,-2.8989708653428032e-05,0.0003095885480778163,34.675,2.157
hap1-tkov3,TTI2,1,4,0.6323539185308977,2.6640029007086468,-0.016756051601681404,0.22489620387097212,0.8996928625648031,-5.7979417306856065e-05,0.000629704666430319,25.455,1.8120833333333333
hap1-tkov3,TUBB,1,0,1.4226869326099105,3.7719480041093476,-0.00011595883461371213,0.006410070578790683,1.7901593707821066,-2.8989708653428032e-05,0.00035086702115485845,57.381,2.9511666666666665
hap1-tkov3,TUBG1,1,3,1.0615708817138518,3.2260747551670645,-0.0015654442672851138,0.0428777768578219,1.5506403583772024,-2.8989708653428032e-05,0.0002993925180513014,44.621,2.4967499999999996
hap1-tkov3,TUBGCP2,1,3,0.44669080974973685,1.8198020180177947,-0.0492245252935208,0.52994718335665,0.7005755469453767,-2.8989708653428032e-05,0.0002993925180513014,19.856,1.6275833333333334
hap1-tkov3,TUBGCP3,1,1,0.7722756703302796,3.238379227112709,-0.007160458037396724,0.11595907959716553,1.0744644474982765,-2.8989708653428032e-05,0.00034529385714480196,24.949,1.8233333333333335
hap1-tkov3,TUBGCP6,1,1,0.3441002228628566,1.7558778709520122,-0.0878967966371938,0.8261340880663114,0.52949828213492,-0.00040585592114799246,0.0038460423472744094,0.069,0.9246666666666666
hap1-tkov3,TUFM,1,0,1.3785287586988004,3.7020419325254355,-0.00020292796057399623,0.010115313687918246,1.9274281965274864,-2.8989708653428032e-05,0.00035086702115485845,57.72,2.9631666666666665
hap1-tkov3,TUT1,1,4,1.1955835697381,3.3427298108658974,-0.0006957530076822728,0.024792669676644955,1.773170805869257,-2.8989708653428032e-05,0.000424075916154091,52.067,2.7474166666666666
hap1-tkov3,TXNL4A,1,1,1.5468271134436213,4.512224128410307,-8.69691259602841e-05,0.005952208394591349,1.901255124315833,-2.8989708653428032e-05,0.00034529385714480196,62.214,3.1693333333333333
hap1-tkov3,TYR,0,2,-0.15731295223797065,-0.7963481510330492,-0.8363241049427453,1.0,-0.06284481172991588,-0.630207276416872,0.9155900560039089,-31.736,-0.22066666666666665
hap1-tkov3,U2AF1,1,1,1.687623433758339,5.371799122187354,-5.7979417306856065e-05,0.004651027954843473,2.1284552603980624,-2.8989708653428032e-05,0.00034529385714480196,54.245,2.8815
hap1-tkov3,U2AF2,1,2,0.5973528025133055,1.7608378289146727,-0.02029279605739962,0.2596363899124416,0.8833287868366206,-2.8989708653428032e-05,0.0003095885480778163,15.314,1.4638333333333335
hap1-tkov3,UBA1,1,4,0.6247871503780652,2.933150086997817,-0.0176837222785911,0.2362441193949347,0.87462199529001,-5.7979417306856065e-05,0.000629704666430319,18.238,1.5584166666666666
hap1-tkov3,UBE2L3,1,1,0.225692522027954,1.4082588906992566,-0.1644296274822438,1.0,0.36574699664705984,-0.005537034352804755,0.04336840666794896,-7.768,0.6415833333333333
hap1-tkov3,UBE2M,1,4,1.1542280830165403,3.4629571762634384,-0.000927670676909697,0.0303021518270105,1.607368602281782,-2.8989708653428032e-05,0.000424075916154091,50.523,2.693166666666667
hap1-tkov3,UBL5,1,3,0.9519110569488884,3.746831696410467,-0.002522104652848239,0.056272624770599716,1.3018429470393216,-2.8989708653428032e-05,0.0002993925180513014,30.923,2.016
hap1-tkov3,UBQLN3,0,4,-0.14694482847241427,-1.1142190923893673,-0.8191332077112625,1.0,-0.04757489283496391,-0.5910711697347442,0.9045942080947926,-31.248,-0.18091666666666664
hap1-tkov3,UBTF,1,3,0.7207500024972473,2.146345575940465,-0.009914480359472387,0.14908024652120339,1.0870485163161567,-2.8989708653428032e-05,0.0002993925180513014,22.456,1.7188333333333332
hap1-tkov3,UMOD,0,4,-0.08082645305266885,-0.800170971358032,-0.67856211045079,1.0,0.020337598761776557,-0.38814320916074796,0.7981890173922703,-26.603,-0.017666666666666653
hap1-tkov3,UPF1,1,0,0.21068280822436883,0.405764465189506,-0.1788954921003044,1.0,0.40089514566719536,-0.003188867951877084,0.026390789619013467,14.434,1.4325
hap1-tkov3,UPF2,1,3,0.6096349637705444,2.0060465390813205,-0.01898825916799536,0.24753628561633864,0.9263533692588543,-2.8989708653428032e-05,0.0002993925180513014,21.492,1.685
hap1-tkov3,UQCRC1,1,0,0.5985153182330668,2.660258587211259,-0.020147847514132483,0.2591274616526793,0.8612015188773754,-2.8989708653428032e-05,0.00035086702115485845,11.719,1.3365
hap1-tkov3,UQCRFS1,1,0,1.9453178103814683,4.909717424791538,-5.7979417306856065e-05,0.004651027954843473,2.313502094068896,-2.8989708653428032e-05,0.00035086702115485845,75.953,3.6079166666666667
hap1-tkov3,UROC1,0,3,0.07590900900138539,0.5040987339252628,-0.3505725467459052,1.0,0.202366024692532,-0.06447311204522395,0.30939559361268154,-15.572,0.38416666666666666
hap1-tkov3,UROD,1,3,1.2945723052690083,4.089119685963391,-0.0004348456298014205,0.0173606078175581,1.852537111199995,-2.8989708653428032e-05,0.0002993925180513014,43.957,2.4734166666666666
hap1-tkov3,USP26,0,0,-0.13720607918952898,-1.329198719326488,-0.7998550514567329,1.0,-0.046335190633325196,-0.5811566893752718,0.9151797481007057,-31.258,-0.18325
hap1-tkov3,USP29,0,0,-0.1762118851959148,-1.0169596625218076,-0.8669952166980722,1.0,-0.08511211037992963,-0.6899840556602406,0.9508353302554583,-31.871,-0.20491666666666666
hap1-tkov3,USP39,1,2,0.597619643438364,2.9752844213978946,-0.020263806348746194,0.2596363899124416,0.8402971406592089,-2.8989708653428032e-05,0.0003095885480778163,12.635,1.3679166666666664
hap1-tkov3,USP5,1,3,0.9714043695966228,3.0272828602228388,-0.0020872590230468185,0.04877907367274862,1.4803604203777048,-2.8989708653428032e-05,0.0002993925180513014,27.046,1.879916666666667
hap1-tkov3,USPL1,1,2,0.34181941158139595,1.4787048529940223,-0.08905638498333092,0.8361216504123616,0.5391689115799,-0.0003188867951877084,0.0029825599547735394,1.097,0.9548333333333334
hap1-tkov3,UTP15,1,1,1.631853108163473,4.576414352580927,-5.7979417306856065e-05,0.004651027954843473,2.0676171528520557,-2.8989708653428032e-05,0.00034529385714480196,62.613,3.18375
hap1-tkov3,UTP20,1,2,1.034367033233919,3.0709602122673134,-0.0016234236845919698,0.0428777768578219,1.4548886500960192,-2.8989708653428032e-05,0.0003095885480778163,42.882,2.4508333333333336
hap1-tkov3,UTP23,1,1,1.991267231219653,6.0213755084309435,-2.8989708653428032e-05,0.004651027954843473,2.3919392146090406,-2.8989708653428032e-05,0.00034529385714480196,64.313,3.2451666666666665
hap1-tkov3,UTS2R,0,1,-0.3459146893958857,-1.7534278222857596,-0.9904333961443688,1.0,-0.2744498660300569,-0.9697057544571677,1.0,-45.213,-0.7109166666666666
hap1-tkov3,UXT,1,4,0.49927456228434125,1.7841377641884677,-0.0360921872735179,0.41257082080232377,0.8158425529136463,-5.7979417306856065e-05,0.000629704666430319,20.204,1.6274999999999995
hap1-tkov3,VARS,1,4,1.017728646809577,3.448256190019676,-0.00176837222785911,0.04498394662815055,1.4157859854746795,-2.8989708653428032e-05,0.000424075916154091,43.14,2.433666666666667
hap1-tkov3,VARS2,1,0,1.5520694061062603,3.9099334463578943,-5.7979417306856065e-05,0.004651027954843473,2.007842232199812,-2.8989708653428032e-05,0.00035086702115485845,81.154,3.791833333333333
hap1-tkov3,VAX1,0,0,-0.07694311113986502,-0.819619784103972,-0.6705609508624438,1.0,0.017528683475796062,-0.3892738077982316,0.8206502838762968,-27.523,-0.051166666666666694
hap1-tkov3,VCP,1,3,0.911180702572418,2.9642480013536456,-0.003304826786490796,0.06745366578296658,1.3154710139556138,-2.8989708653428032e-05,0.0002993925180513014,35.456,2.1750833333333333
hap1-tkov3,VHLL,0,4,-0.04182791852927656,-0.3522711256704906,-0.5904913755616756,1.0,0.06149763219211281,-0.27772140889984054,0.7074082320625534,-23.929,0.07633333333333332
hap1-tkov3,VN1R2,0,2,-0.10732868344659806,-1.1134012960891941,-0.737353239599942,1.0,-0.00981224909608531,-0.4731120452239455,0.8469988841577918,-28.342,-0.0991666666666667
hap1-tkov3,VN1R4,0,1,-0.24170527290430782,-1.230121022520956,-0.9427163357008262,1.0,-0.16392746327853064,-0.8629366574865922,0.9864184838413115,-38.107,-0.45425000000000004
hap1-tkov3,VPREB1,0,1,-0.06274684117300497,-0.4722560113390487,-0.6375416727061893,1.0,0.03243206060772423,-0.346629946369039,0.7845573077463012,-25.72,-0.006833333333333337
hap1-tkov3,VPS25,1,1,0.377109991756298,1.108357448672599,-0.07325699376721263,0.7207435091289882,0.5796067944508625,-0.0001739382519205682,0.0017380724396720971,30.391,2.0199166666666666
hap1-tkov3,VPS28,1,2,0.8297654702615184,2.642585058619335,-0.00501521959704305,0.08935691362624121,1.1572000172433579,-2.8989708653428032e-05,0.0003095885480778163,28.337,1.9300833333333332
hap1-tkov3,VRTN,0,0,-0.27686179861451304,-1.6503816587000555,-0.967763443977388,1.0,-0.2012319513689991,-0.9157269169444847,0.9976383120137613,-42.961,-0.5970833333333333
hap1-tkov3,VSX2,0,1,-0.0871909945813232,-1.315619506154547,-0.6921003043919408,1.0,0.008295109369059441,-0.4156544426728511,0.8307059879546301,-27.104,-0.05683333333333334
hap1-tkov3,WARS,1,4,0.5634941522721213,2.2009026021724294,-0.02414842730830555,0.2972790333949649,0.852289709439395,-5.7979417306856065e-05,0.000629704666430319,11.538,1.3229166666666667
hap1-tkov3,WDR12,1,0,1.0208484900638235,3.0316949686220447,-0.001681403101898826,0.04321782309753957,1.3779680351801518,-2.8989708653428032e-05,0.00035086702115485845,47.217,2.59175
hap1-tkov3,WDR25,1,0,1.1368157861136101,3.042963116091571,-0.0009856500942165532,0.03113462852555475,1.5997309590474766,-2.8989708653428032e-05,0.00035086702115485845,43.14,2.447583333333333
hap1-tkov3,WDR3,1,1,0.5574835918956353,2.2467923692439817,-0.025250036237135818,0.3086374025385411,0.7876054128551943,-2.8989708653428032e-05,0.00034529385714480196,13.351,1.4044166666666666
hap1-tkov3,WDR33,1,1,1.630863393820826,4.291506196134422,-5.7979417306856065e-05,0.004651027954843473,2.087050997161998,-2.8989708653428032e-05,0.00034529385714480196,63.441,3.2136666666666667
hap1-tkov3,WDR43,1,4,1.3782633479791737,3.825236089496363,-0.00020292796057399623,0.010115313687918246,1.7803905106378999,-2.8989708653428032e-05,0.000424075916154091,59.739,3.0170833333333333
hap1-tkov3,WDR61,1,3,1.166884302776138,3.877742090400614,-0.000927670676909697,0.0303021518270105,1.6497658713860408,-2.8989708653428032e-05,0.0002993925180513014,42.926,2.4372499999999997
hap1-tkov3,WDR70,1,1,0.47008983386028225,1.7171960616514936,-0.04325264531091463,0.4788051178930325,0.7371398244797984,-5.7979417306856065e-05,0.0006414182234068933,14.745,1.45475
hap1-tkov3,WDR74,1,4,1.8128713928291562,4.583297497548822,-5.7979417306856065e-05,0.004651027954843473,2.2316792909267287,-2.8989708653428032e-05,0.000424075916154091,68.343,3.3194999999999997
hap1-tkov3,WDR75,1,1,0.911380760260139,2.9635364853018493,-0.003304826786490796,0.06745366578296658,1.7053313745658543,-2.8989708653428032e-05,0.00034529385714480196,33.792,2.1427500000000004
hap1-tkov3,WDR77,1,0,0.8529146551630874,2.4706698748956555,-0.004435425423974489,0.08103578632127968,1.2519116892444433,-2.8989708653428032e-05,0.00035086702115485845,49.126,2.65925
hap1-tkov3,WDR92,1,1,0.6605109573351017,2.05437940025416,-0.014262936657486592,0.19806189092727153,0.961564138591842,-2.8989708653428032e-05,0.00034529385714480196,38.866,2.326
hap1-tkov3,WEE1,1,2,1.3609666826026552,5.03979785057393,-0.00023191766922742426,0.011493919658521225,1.7145978787011842,-2.8989708653428032e-05,0.0003095885480778163,39.549,2.3315
hap1-tkov3,WFDC9,0,2,-0.13492701825546902,-0.8090281210057333,-0.7956515437019858,1.0,-0.034205928474885794,-0.5483693288882446,0.8842340573019978,-28.994,-0.12250000000000003
hap1-tkov3,XKR7,0,0,-0.15726778032725833,-0.7653022213486885,-0.836295115234092,1.0,-0.06575758127120773,-0.6369328888244673,0.9361006910360673,-30.136,-0.14358333333333334
hap1-tkov3,XPO1,1,4,2.0379187310122333,3.321403007292851,-2.8989708653428032e-05,0.004651027954843473,2.4138857019338453,-2.8989708653428032e-05,0.000424075916154091,48.427,2.6195
hap1-tkov3,XRCC6,1,2,0.5786264147815158,1.7232983219279647,-0.022351065371793013,0.2801517619675248,0.8767602002042953,-2.8989708653428032e-05,0.0003095885480778163,34.747,2.159583333333333
hap1-tkov3,YARS,1,2,0.9165689000948507,2.3497886713969187,-0.003275837077837368,0.06734012167039462,1.2514889319963507,-2.8989708653428032e-05,0.0003095885480778163,43.234,2.463416666666667
hap1-tkov3,YARS2,1,0,1.0702445852783387,3.183002913451926,-0.0014784751413248296,0.04193957362241667,1.4736216442311618,-2.8989708653428032e-05,0.00035086702115485845,46.901,2.5805833333333332
hap1-tkov3,YRDC,1,1,0.9851939523687508,2.7874718896901514,-0.0019423104797796783,0.04614191300931145,1.3437961753458014,-2.8989708653428032e-05,0.00034529385714480196,40.391,2.3810833333333337
hap1-tkov3,ZBTB8OS,1,1,0.8286017472646167,3.004453343647636,-0.005073199014349905,0.08992545056576857,1.144565602182273,-2.8989708653428032e-05,0.00034529385714480196,22.921,1.7500833333333332
hap1-tkov3,ZCCHC13,0,0,-0.21803024200076265,-1.7557209746685873,-0.9211190027540224,1.0,-0.13114507201767223,-0.8027540223220757,0.9793887162928281,-36.999,-0.38625
hap1-tkov3,ZG16,0,3,0.028859300201281576,0.17038401720754048,-0.43986084939846354,1.0,0.16034534726396898,-0.10468183794752862,0.4234702637910624,-23.441,0.10800000000000004
hap1-tkov3,ZIC3,0,4,-0.17778737942584472,-1.164870188189222,-0.869285403681693,1.0,-0.0801655076345116,-0.6847369183939701,0.9392871734304304,-32.962,-0.2411666666666667
hap1-tkov3,ZIM3,0,2,-0.1538107008198276,-0.8747378907409545,-0.8303522249601392,1.0,-0.05898308171013128,-0.6198579504275982,0.9132658526417894,-31.421,-0.20941666666666672
hap1-tkov3,ZMAT5,1,3,0.22002116509187797,1.368677588900725,-0.169995651543702,1.0,0.38479571487569053,-0.00545006522684447,0.04259051878902881,-8.784,0.6224166666666667
hap1-tkov3,ZNF131,1,4,0.21911606427749422,1.1016547614685315,-0.17057544571677055,1.0,0.3699709045173475,-0.005971879982606175,0.046124950317961794,-2.842,0.8174999999999998
hap1-tkov3,ZNF574,1,1,0.7262141972660447,2.9851309548910328,-0.009682562690244962,0.1473132315073004,0.9934026391497923,-2.8989708653428032e-05,0.00034529385714480196,17.545,1.5559166666666666
hap1-tkov3,ZNF648,0,2,-0.009275840063062923,-0.04764982745890222,-0.5186548775184809,1.0,0.09484470060110212,-0.19953616466154514,0.6057736722263103,-20.272,0.18975000000000003
hap1-tkov3,ZNF804B,0,4,-0.2227190605741879,-1.3720669676908563,-0.9261922017683722,1.0,-0.13203127423249023,-0.8069865197854762,0.9689328677212343,-36.57,-0.368
hap1-tkov3,ZNRF4,0,0,-0.36370297197836166,-1.66086117909741,-0.9932164081750978,1.0,-0.2923172750411226,-0.9787795332656907,1.0,-47.427,-0.755
hap1-tkov3,ZP2,0,0,0.21435947805947903,2.0957453266665427,-0.17512682997535875,1.0,0.3380983867250674,-0.009044789099869546,0.06785362227292303,-8.519,0.6208333333333333
hap1-tkov3,ZP4,0,4,0.03864228767344247,0.3788033142235437,-0.42043774460066674,1.0,0.15120832929895497,-0.1132338020002899,0.44874618177826286,-18.179,0.27841666666666665
hap1-tkov3,ZSWIM2,0,3,-0.4490250043291263,-1.5939069897651739,-0.9988983910711697,1.0,-0.44160044496917267,-0.9983185968981012,1.0,-53.223,-0.9372499999999999
