tool,workload,error_mode,n_reads,n_targets,len,k,err,indel_rate,seconds,reads_per_sec,candidates_per_read,verified_per_read,peak_rss_kb,checksum,mismatches,repeat
dotmatch_indexed,synthetic_barcode,exact,500,96,16,0,0.000,0.000,0.000037,13513538.2,1.00,1.00,1760,454433,0,0
dotmatch_exact_direct,synthetic_barcode,exact,500,96,16,0,0.000,0.000,0.000029,17241317.2,1.00,1.00,1760,454433,0,0
dotmatch_exact_batch,synthetic_barcode,exact,500,96,16,0,0.000,0.000,0.000046,10869565.0,1.00,1.00,1760,454433,0,0
dotmatch_scan,synthetic_barcode,exact,500,96,16,0,0.000,0.000,0.000135,3703701.1,96.00,96.00,1760,454433,0,0
edlib_native_scan,synthetic_barcode,exact,500,96,16,0,0.000,0.000,0.016443,30408.1,96.00,96.00,1760,454433,0,0
exact_hash_lookup,synthetic_barcode,exact,500,96,16,0,0.000,0.000,0.000012,41666753.6,1.00,1.00,1776,454433,0,0
dotmatch_indexed,synthetic_barcode,one_substitution,500,96,16,0,0.000,0.000,0.000040,12500014.0,0.00,0.00,1824,0,0,0
dotmatch_exact_direct,synthetic_barcode,one_substitution,500,96,16,0,0.000,0.000,0.000055,9090897.6,0.00,0.00,1824,0,0,0
dotmatch_exact_batch,synthetic_barcode,one_substitution,500,96,16,0,0.000,0.000,0.000032,15624994.7,0.00,0.00,1824,0,0,0
dotmatch_scan,synthetic_barcode,one_substitution,500,96,16,0,0.000,0.000,0.000107,4672897.2,96.00,96.00,1824,0,0,0
edlib_native_scan,synthetic_barcode,one_substitution,500,96,16,0,0.000,0.000,0.014638,34157.7,96.00,96.00,1824,0,0,0
exact_hash_lookup,synthetic_barcode,one_substitution,500,96,16,0,0.000,0.000,0.000010,49999619.3,0.00,0.00,1824,0,0,0
dotmatch_indexed,synthetic_barcode,one_substitution,500,96,16,0,0.005,0.000,0.000038,13157915.5,0.00,0.00,1888,0,0,0
dotmatch_exact_direct,synthetic_barcode,one_substitution,500,96,16,0,0.005,0.000,0.000032,15624994.7,0.00,0.00,1888,0,0,0
dotmatch_exact_batch,synthetic_barcode,one_substitution,500,96,16,0,0.005,0.000,0.000030,16666669.1,0.00,0.00,1888,0,0,0
dotmatch_scan,synthetic_barcode,one_substitution,500,96,16,0,0.005,0.000,0.000101,4950497.3,96.00,96.00,1888,0,0,0
edlib_native_scan,synthetic_barcode,one_substitution,500,96,16,0,0.005,0.000,0.013500,37037.0,96.00,96.00,1888,0,0,0
exact_hash_lookup,synthetic_barcode,one_substitution,500,96,16,0,0.005,0.000,0.000008,62500433.6,0.00,0.00,1888,0,0,0
dotmatch_indexed,synthetic_barcode,one_substitution,500,96,16,0,0.010,0.000,0.000034,14705921.4,0.00,0.00,1888,0,0,0
dotmatch_exact_direct,synthetic_barcode,one_substitution,500,96,16,0,0.010,0.000,0.000029,17241386.5,0.00,0.00,1888,0,0,0
dotmatch_exact_batch,synthetic_barcode,one_substitution,500,96,16,0,0.010,0.000,0.000028,17857081.1,0.00,0.00,1888,0,0,0
dotmatch_scan,synthetic_barcode,one_substitution,500,96,16,0,0.010,0.000,0.000091,5494505.8,96.00,96.00,1888,0,0,0
edlib_native_scan,synthetic_barcode,one_substitution,500,96,16,0,0.010,0.000,0.013140,38051.8,96.00,96.00,1888,0,0,0
exact_hash_lookup,synthetic_barcode,one_substitution,500,96,16,0,0.010,0.000,0.000008,62499524.1,0.00,0.00,1888,0,0,0
dotmatch_indexed,synthetic_barcode,one_substitution,500,96,16,0,0.030,0.000,0.000044,11363640.0,0.00,0.00,1904,0,0,0
dotmatch_exact_direct,synthetic_barcode,one_substitution,500,96,16,0,0.030,0.000,0.000032,15624994.7,0.00,0.00,1904,0,0,0
dotmatch_exact_batch,synthetic_barcode,one_substitution,500,96,16,0,0.030,0.000,0.000027,18518537.2,0.00,0.00,1904,0,0,0
dotmatch_scan,synthetic_barcode,one_substitution,500,96,16,0,0.030,0.000,0.000091,5494505.8,96.00,96.00,1904,0,0,0
edlib_native_scan,synthetic_barcode,one_substitution,500,96,16,0,0.030,0.000,0.013045,38328.9,96.00,96.00,1904,0,0,0
exact_hash_lookup,synthetic_barcode,one_substitution,500,96,16,0,0.030,0.000,0.000009,55555132.5,0.00,0.00,1904,0,0,0
dotmatch_indexed,synthetic_barcode,exact,500,96,16,1,0.000,0.000,0.000371,1347708.8,1.00,1.00,1920,443383,0,0
dotmatch_scan,synthetic_barcode,exact,500,96,16,1,0.000,0.000,0.000095,5263156.5,96.00,96.00,1920,443383,0,0
edlib_native_scan,synthetic_barcode,exact,500,96,16,1,0.000,0.000,0.018482,27053.3,96.00,96.00,1920,443383,0,0
bk_tree,synthetic_barcode,exact,500,96,16,1,0.000,0.000,0.001065,469483.5,21.95,21.95,1920,443383,0,0
neighbor_lookup,synthetic_barcode,exact,500,96,16,1,0.000,0.000,0.001204,415282.4,1.00,1.00,1936,443383,0,0
dotmatch_indexed,synthetic_barcode,one_substitution,500,96,16,1,0.000,0.000,0.000404,1237624.0,1.00,1.00,1936,470171,0,0
dotmatch_scan,synthetic_barcode,one_substitution,500,96,16,1,0.000,0.000,0.000089,5617971.5,96.00,96.00,1936,470171,0,0
edlib_native_scan,synthetic_barcode,one_substitution,500,96,16,1,0.000,0.000,0.018056,27691.6,96.00,96.00,1936,470171,0,0
bk_tree,synthetic_barcode,one_substitution,500,96,16,1,0.000,0.000,0.000897,557413.6,20.07,20.07,1952,470171,0,0
neighbor_lookup,synthetic_barcode,one_substitution,500,96,16,1,0.000,0.000,0.001429,349895.0,1.00,1.00,1952,470171,0,0
dotmatch_indexed,synthetic_barcode,one_substitution,500,96,16,1,0.005,0.000,0.000422,1184833.9,1.00,1.00,1952,450876,0,0
dotmatch_scan,synthetic_barcode,one_substitution,500,96,16,1,0.005,0.000,0.000090,5555556.4,96.00,96.00,1952,450876,0,0
edlib_native_scan,synthetic_barcode,one_substitution,500,96,16,1,0.005,0.000,0.018288,27340.3,96.00,96.00,1952,450876,0,0
bk_tree,synthetic_barcode,one_substitution,500,96,16,1,0.005,0.000,0.001000,500000.0,20.71,20.71,1968,450876,0,0
neighbor_lookup,synthetic_barcode,one_substitution,500,96,16,1,0.005,0.000,0.001365,366300.4,1.00,1.00,1968,450876,0,0
dotmatch_indexed,synthetic_barcode,one_substitution,500,96,16,1,0.010,0.000,0.000414,1207729.4,1.00,1.00,1968,477685,0,0
dotmatch_scan,synthetic_barcode,one_substitution,500,96,16,1,0.010,0.000,0.000092,5434782.5,96.00,96.00,1968,477685,0,0
edlib_native_scan,synthetic_barcode,one_substitution,500,96,16,1,0.010,0.000,0.018391,27187.2,96.00,96.00,1968,477685,0,0
bk_tree,synthetic_barcode,one_substitution,500,96,16,1,0.010,0.000,0.000942,530785.5,20.51,20.51,1968,477685,0,0
neighbor_lookup,synthetic_barcode,one_substitution,500,96,16,1,0.010,0.000,0.001410,354610.0,1.00,1.00,1968,477685,0,0
dotmatch_indexed,synthetic_barcode,one_substitution,500,96,16,1,0.030,0.000,0.000411,1216545.1,1.00,1.00,1984,467774,0,0
dotmatch_scan,synthetic_barcode,one_substitution,500,96,16,1,0.030,0.000,0.000074,6756758.5,96.00,96.00,1984,467774,0,0
edlib_native_scan,synthetic_barcode,one_substitution,500,96,16,1,0.030,0.000,0.018244,27406.3,96.00,96.00,1984,467774,0,0
bk_tree,synthetic_barcode,one_substitution,500,96,16,1,0.030,0.000,0.000996,502008.0,21.31,21.31,2000,467774,0,0
neighbor_lookup,synthetic_barcode,one_substitution,500,96,16,1,0.030,0.000,0.001426,350631.1,1.00,1.00,2000,467774,0,0
dotmatch_indexed,synthetic_barcode,exact,500,96,16,2,0.000,0.000,0.048576,10293.1,1.00,1.00,2016,448279,0,0
dotmatch_scan,synthetic_barcode,exact,500,96,16,2,0.000,0.000,0.004084,122429.0,96.00,96.00,2016,448279,0,0
edlib_native_scan,synthetic_barcode,exact,500,96,16,2,0.000,0.000,0.017944,27864.5,96.00,96.00,2016,448279,0,0
dotmatch_indexed,synthetic_barcode,one_substitution,500,96,16,2,0.000,0.000,0.047763,10468.4,1.00,1.00,2016,464408,0,0
dotmatch_scan,synthetic_barcode,one_substitution,500,96,16,2,0.000,0.000,0.004037,123854.3,96.00,96.00,2016,464408,0,0
edlib_native_scan,synthetic_barcode,one_substitution,500,96,16,2,0.000,0.000,0.017768,28140.5,96.00,96.00,2016,464408,0,0
dotmatch_indexed,synthetic_barcode,one_substitution,500,96,16,2,0.005,0.000,0.048127,10389.2,1.00,1.00,2016,486423,0,0
dotmatch_scan,synthetic_barcode,one_substitution,500,96,16,2,0.005,0.000,0.004116,121477.2,96.00,96.00,2016,486423,0,0
edlib_native_scan,synthetic_barcode,one_substitution,500,96,16,2,0.005,0.000,0.017593,28420.4,96.00,96.00,2016,486423,0,0
dotmatch_indexed,synthetic_barcode,one_substitution,500,96,16,2,0.010,0.000,0.047463,10534.5,1.00,1.00,2016,487460,0,0
dotmatch_scan,synthetic_barcode,one_substitution,500,96,16,2,0.010,0.000,0.004202,118991.0,96.00,96.00,2016,487460,0,0
edlib_native_scan,synthetic_barcode,one_substitution,500,96,16,2,0.010,0.000,0.017717,28221.5,96.00,96.00,2016,487460,0,0
dotmatch_indexed,synthetic_barcode,one_substitution,500,96,16,2,0.030,0.000,0.047833,10453.0,1.00,1.00,2016,464425,0,0
dotmatch_scan,synthetic_barcode,one_substitution,500,96,16,2,0.030,0.000,0.004271,117068.6,96.00,96.00,2016,464425,0,0
edlib_native_scan,synthetic_barcode,one_substitution,500,96,16,2,0.030,0.000,0.017870,27979.9,96.00,96.00,2016,464425,0,0
dotmatch_indexed,synthetic_barcode,one_insertion,500,96,16,2,0.000,0.062,0.052795,9470.6,1.00,1.00,2016,471837,0,0
dotmatch_scan,synthetic_barcode,one_insertion,500,96,16,2,0.000,0.062,0.004600,108695.7,96.00,96.00,2016,471837,0,0
edlib_native_scan,synthetic_barcode,one_insertion,500,96,16,2,0.000,0.062,0.017786,28112.0,96.00,96.00,2016,471837,0,0
dotmatch_indexed,synthetic_barcode,one_deletion,500,96,16,2,0.000,0.062,0.043247,11561.5,1.00,1.00,2016,469168,0,0
dotmatch_scan,synthetic_barcode,one_deletion,500,96,16,2,0.000,0.062,0.004193,119246.4,96.00,96.00,2016,469168,0,0
edlib_native_scan,synthetic_barcode,one_deletion,500,96,16,2,0.000,0.062,0.018073,27665.6,96.00,96.00,2016,469168,0,0
dotmatch_indexed,synthetic_barcode,exact,500,737,16,0,0.000,0.000,0.000038,13157875.2,1.00,1.00,3168,3180213,0,0
dotmatch_exact_direct,synthetic_barcode,exact,500,737,16,0,0.000,0.000,0.000033,15151506.7,1.00,1.00,3168,3180213,0,0
dotmatch_exact_batch,synthetic_barcode,exact,500,737,16,0,0.000,0.000,0.000031,16129030.6,1.00,1.00,3168,3180213,0,0
dotmatch_scan,synthetic_barcode,exact,500,737,16,0,0.000,0.000,0.000687,727802.0,737.00,737.00,3168,3180213,0,0
edlib_native_scan,synthetic_barcode,exact,500,737,16,0,0.000,0.000,0.094489,5291.6,737.00,737.00,3168,3180213,0,0
exact_hash_lookup,synthetic_barcode,exact,500,737,16,0,0.000,0.000,0.000031,16129091.2,1.00,1.00,3232,3180213,0,0
dotmatch_indexed,synthetic_barcode,one_substitution,500,737,16,0,0.000,0.000,0.000041,12195133.0,0.00,0.00,3248,0,0,0
dotmatch_exact_direct,synthetic_barcode,one_substitution,500,737,16,0,0.000,0.000,0.000038,13157875.2,0.00,0.00,3248,0,0,0
dotmatch_exact_batch,synthetic_barcode,one_substitution,500,737,16,0,0.000,0.000,0.000036,13888873.0,0.00,0.00,3248,0,0,0
dotmatch_scan,synthetic_barcode,one_substitution,500,737,16,0,0.000,0.000,0.000683,732064.5,737.00,737.00,3248,0,0,0
edlib_native_scan,synthetic_barcode,one_substitution,500,737,16,0,0.000,0.000,0.093893,5325.2,737.00,737.00,3248,0,0,0
exact_hash_lookup,synthetic_barcode,one_substitution,500,737,16,0,0.000,0.000,0.000031,16129030.6,0.00,0.00,3248,0,0,0
dotmatch_indexed,synthetic_barcode,one_substitution,500,737,16,0,0.005,0.000,0.000042,11904737.3,0.00,0.00,3248,0,0,0
dotmatch_exact_direct,synthetic_barcode,one_substitution,500,737,16,0,0.005,0.000,0.000041,12195133.0,0.00,0.00,3248,0,0,0
dotmatch_exact_batch,synthetic_barcode,one_substitution,500,737,16,0,0.005,0.000,0.000038,13157915.5,0.00,0.00,3248,0,0,0
dotmatch_scan,synthetic_barcode,one_substitution,500,737,16,0,0.005,0.000,0.000676,739644.9,737.00,737.00,3248,0,0,0
edlib_native_scan,synthetic_barcode,one_substitution,500,737,16,0,0.005,0.000,0.094090,5314.1,737.00,737.00,3248,0,0,0
exact_hash_lookup,synthetic_barcode,one_substitution,500,737,16,0,0.005,0.000,0.000025,19999940.8,0.00,0.00,3248,0,0,0
dotmatch_indexed,synthetic_barcode,one_substitution,500,737,16,0,0.010,0.000,0.000040,12500014.0,0.00,0.00,3248,0,0,0
dotmatch_exact_direct,synthetic_barcode,one_substitution,500,737,16,0,0.010,0.000,0.000037,13513495.7,0.00,0.00,3248,0,0,0
dotmatch_exact_batch,synthetic_barcode,one_substitution,500,737,16,0,0.010,0.000,0.000035,14285748.1,0.00,0.00,3248,0,0,0
dotmatch_scan,synthetic_barcode,one_substitution,500,737,16,0,0.010,0.000,0.000683,732064.3,737.00,737.00,3248,0,0,0
edlib_native_scan,synthetic_barcode,one_substitution,500,737,16,0,0.010,0.000,0.094468,5292.8,737.00,737.00,3248,0,0,0
exact_hash_lookup,synthetic_barcode,one_substitution,500,737,16,0,0.010,0.000,0.000026,19230795.0,0.00,0.00,3248,0,0,0
dotmatch_indexed,synthetic_barcode,one_substitution,500,737,16,0,0.030,0.000,0.000042,11904770.2,0.00,0.00,3248,0,0,0
dotmatch_exact_direct,synthetic_barcode,one_substitution,500,737,16,0,0.030,0.000,0.000038,13157875.2,0.00,0.00,3248,0,0,0
dotmatch_exact_batch,synthetic_barcode,one_substitution,500,737,16,0,0.030,0.000,0.000036,13888917.9,0.00,0.00,3248,0,0,0
dotmatch_scan,synthetic_barcode,one_substitution,500,737,16,0,0.030,0.000,0.000687,727802.0,737.00,737.00,3248,0,0,0
edlib_native_scan,synthetic_barcode,one_substitution,500,737,16,0,0.030,0.000,0.094458,5293.4,737.00,737.00,3248,0,0,0
exact_hash_lookup,synthetic_barcode,one_substitution,500,737,16,0,0.030,0.000,0.000025,19999940.8,0.00,0.00,3248,0,0,0
dotmatch_indexed,synthetic_barcode,exact,500,737,16,1,0.000,0.000,0.000408,1225490.3,1.00,1.00,3248,3120781,0,0
dotmatch_scan,synthetic_barcode,exact,500,737,16,1,0.000,0.000,0.000604,827814.5,737.00,737.00,3248,3120781,0,0
edlib_native_scan,synthetic_barcode,exact,500,737,16,1,0.000,0.000,0.135112,3700.6,737.00,737.00,3248,3120781,0,0
bk_tree,synthetic_barcode,exact,500,737,16,1,0.000,0.000,0.003856,129668.1,74.84,74.84,3328,3120781,0,0
neighbor_lookup,synthetic_barcode,exact,500,737,16,1,0.000,0.000,0.001311,381388.3,1.00,1.00,3376,3120781,0,0
dotmatch_indexed,synthetic_barcode,one_substitution,500,737,16,1,0.000,0.000,0.000412,1213592.3,1.00,1.00,3376,3167646,0,0
dotmatch_scan,synthetic_barcode,one_substitution,500,737,16,1,0.000,0.000,0.000597,837520.9,737.00,737.00,3376,3167646,0,0
edlib_native_scan,synthetic_barcode,one_substitution,500,737,16,1,0.000,0.000,0.135566,3688.2,737.00,737.00,3376,3167646,0,0
bk_tree,synthetic_barcode,one_substitution,500,737,16,1,0.000,0.000,0.003995,125156.4,76.75,76.75,3376,3167646,0,0
neighbor_lookup,synthetic_barcode,one_substitution,500,737,16,1,0.000,0.000,0.001457,343170.9,1.00,1.00,3376,3167646,0,0
dotmatch_indexed,synthetic_barcode,one_substitution,500,737,16,1,0.005,0.000,0.000412,1213592.3,1.00,1.00,3376,3286442,0,0
dotmatch_scan,synthetic_barcode,one_substitution,500,737,16,1,0.005,0.000,0.000602,830564.7,737.00,737.00,3376,3286442,0,0
edlib_native_scan,synthetic_barcode,one_substitution,500,737,16,1,0.005,0.000,0.135449,3691.4,737.00,737.00,3376,3286442,0,0
bk_tree,synthetic_barcode,one_substitution,500,737,16,1,0.005,0.000,0.003829,130582.4,74.93,74.93,3376,3286442,0,0
neighbor_lookup,synthetic_barcode,one_substitution,500,737,16,1,0.005,0.000,0.001403,356379.2,1.00,1.00,3376,3286442,0,0
dotmatch_indexed,synthetic_barcode,one_substitution,500,737,16,1,0.010,0.000,0.000413,1210653.7,1.00,1.00,3376,3223729,0,0
dotmatch_scan,synthetic_barcode,one_substitution,500,737,16,1,0.010,0.000,0.000603,829187.5,737.00,737.00,3376,3223729,0,0
edlib_native_scan,synthetic_barcode,one_substitution,500,737,16,1,0.010,0.000,0.135195,3698.4,737.00,737.00,3376,3223729,0,0
bk_tree,synthetic_barcode,one_substitution,500,737,16,1,0.010,0.000,0.004012,124626.1,77.99,77.99,3376,3223729,0,0
neighbor_lookup,synthetic_barcode,one_substitution,500,737,16,1,0.010,0.000,0.001334,374812.6,1.00,1.00,3376,3223729,0,0
dotmatch_indexed,synthetic_barcode,one_substitution,500,737,16,1,0.030,0.000,0.000402,1243781.3,1.00,1.00,3376,3307505,0,0
dotmatch_scan,synthetic_barcode,one_substitution,500,737,16,1,0.030,0.000,0.000602,830564.7,737.00,737.00,3376,3307505,0,0
edlib_native_scan,synthetic_barcode,one_substitution,500,737,16,1,0.030,0.000,0.142469,3509.5,737.00,737.00,3376,3307505,0,0
bk_tree,synthetic_barcode,one_substitution,500,737,16,1,0.030,0.000,0.004154,120365.9,77.58,77.58,3376,3307505,0,0
neighbor_lookup,synthetic_barcode,one_substitution,500,737,16,1,0.030,0.000,0.001387,360490.3,1.00,1.00,3376,3307505,0,0
dotmatch_indexed,synthetic_barcode,exact,500,737,16,2,0.000,0.000,0.049522,10096.5,1.00,1.00,3376,3165644,0,0
dotmatch_scan,synthetic_barcode,exact,500,737,16,2,0.000,0.000,0.032336,15462.6,737.00,737.00,3376,3165644,0,0
edlib_native_scan,synthetic_barcode,exact,500,737,16,2,0.000,0.000,0.132194,3782.3,737.00,737.00,3376,3165644,0,0
dotmatch_indexed,synthetic_barcode,one_substitution,500,737,16,2,0.000,0.000,0.048133,10387.9,1.00,1.00,3376,3165453,0,0
dotmatch_scan,synthetic_barcode,one_substitution,500,737,16,2,0.000,0.000,0.032267,15495.7,737.00,737.00,3376,3165453,0,0
edlib_native_scan,synthetic_barcode,one_substitution,500,737,16,2,0.000,0.000,0.132942,3761.0,737.00,737.00,3376,3165453,0,0
dotmatch_indexed,synthetic_barcode,one_substitution,500,737,16,2,0.005,0.000,0.048170,10379.9,1.00,1.00,3376,3014942,0,0
dotmatch_scan,synthetic_barcode,one_substitution,500,737,16,2,0.005,0.000,0.032403,15430.7,737.00,737.00,3376,3014942,0,0
edlib_native_scan,synthetic_barcode,one_substitution,500,737,16,2,0.005,0.000,0.133241,3752.6,737.00,737.00,3376,3014942,0,0
dotmatch_indexed,synthetic_barcode,one_substitution,500,737,16,2,0.010,0.000,0.048243,10364.2,1.00,1.00,3376,3303075,0,0
dotmatch_scan,synthetic_barcode,one_substitution,500,737,16,2,0.010,0.000,0.032248,15504.8,737.00,737.00,3376,3303075,0,0
edlib_native_scan,synthetic_barcode,one_substitution,500,737,16,2,0.010,0.000,0.132930,3761.4,737.00,737.00,3376,3303075,0,0
dotmatch_indexed,synthetic_barcode,one_substitution,500,737,16,2,0.030,0.000,0.048484,10312.7,1.00,1.00,3376,3141184,0,0
dotmatch_scan,synthetic_barcode,one_substitution,500,737,16,2,0.030,0.000,0.032201,15527.5,737.00,737.00,3376,3141184,0,0
edlib_native_scan,synthetic_barcode,one_substitution,500,737,16,2,0.030,0.000,0.132736,3766.9,737.00,737.00,3376,3141184,0,0
dotmatch_indexed,synthetic_barcode,one_insertion,500,737,16,2,0.000,0.062,0.053081,9419.6,1.00,1.00,3376,3087287,0,0
dotmatch_scan,synthetic_barcode,one_insertion,500,737,16,2,0.000,0.062,0.033712,14831.5,737.00,737.00,3376,3087287,0,0
edlib_native_scan,synthetic_barcode,one_insertion,500,737,16,2,0.000,0.062,0.135188,3698.6,737.00,737.00,3376,3087287,0,0
dotmatch_indexed,synthetic_barcode,one_deletion,500,737,16,2,0.000,0.062,0.043446,11508.5,1.00,1.00,3376,3187757,0,0
dotmatch_scan,synthetic_barcode,one_deletion,500,737,16,2,0.000,0.062,0.032152,15551.1,737.00,737.00,3376,3187757,0,0
edlib_native_scan,synthetic_barcode,one_deletion,500,737,16,2,0.000,0.062,0.135450,3691.4,737.00,737.00,3376,3187757,0,0
dotmatch_indexed,synthetic_barcode,exact,500,4096,16,0,0.000,0.000,0.000043,11627912.9,1.00,1.00,9840,17073701,0,0
dotmatch_exact_direct,synthetic_barcode,exact,500,4096,16,0,0.000,0.000,0.000037,13513495.7,1.00,1.00,9840,17073701,0,0
dotmatch_exact_batch,synthetic_barcode,exact,500,4096,16,0,0.000,0.000,0.000040,12500014.0,1.00,1.00,9840,17073701,0,0
dotmatch_scan,synthetic_barcode,exact,500,4096,16,0,0.000,0.000,0.003890,128534.7,4096.00,4096.00,9840,17073701,0,0
edlib_native_scan,synthetic_barcode,exact,500,4096,16,0,0.000,0.000,0.524195,953.8,4096.00,4096.00,9840,17073701,0,0
exact_hash_lookup,synthetic_barcode,exact,500,4096,16,0,0.000,0.000,0.000152,3289473.8,1.00,1.00,10064,17073701,0,0
dotmatch_indexed,synthetic_barcode,one_substitution,500,4096,16,0,0.000,0.000,0.000040,12500014.0,0.00,0.00,10080,0,0,0
dotmatch_exact_direct,synthetic_barcode,one_substitution,500,4096,16,0,0.000,0.000,0.000037,13513495.7,0.00,0.00,10080,0,0,0
dotmatch_exact_batch,synthetic_barcode,one_substitution,500,4096,16,0,0.000,0.000,0.000036,13888917.9,0.00,0.00,10080,0,0,0
dotmatch_scan,synthetic_barcode,one_substitution,500,4096,16,0,0.000,0.000,0.003777,132380.2,4096.00,4096.00,10080,0,0,0
edlib_native_scan,synthetic_barcode,one_substitution,500,4096,16,0,0.000,0.000,0.526331,950.0,4096.00,4096.00,10080,0,0,0
exact_hash_lookup,synthetic_barcode,one_substitution,500,4096,16,0,0.000,0.000,0.000122,4098360.7,0.00,0.00,10080,0,0,0
dotmatch_indexed,synthetic_barcode,one_substitution,500,4096,16,0,0.005,0.000,0.000043,11627912.9,0.00,0.00,10080,0,0,0
dotmatch_exact_direct,synthetic_barcode,one_substitution,500,4096,16,0,0.005,0.000,0.000038,13157915.5,0.00,0.00,10080,0,0,0
dotmatch_exact_batch,synthetic_barcode,one_substitution,500,4096,16,0,0.005,0.000,0.000038,13157875.2,0.00,0.00,10080,0,0,0
dotmatch_scan,synthetic_barcode,one_substitution,500,4096,16,0,0.005,0.000,0.003830,130548.3,4096.00,4096.00,10080,0,0,0
edlib_native_scan,synthetic_barcode,one_substitution,500,4096,16,0,0.005,0.000,0.531365,941.0,4096.00,4096.00,10080,0,0,0
exact_hash_lookup,synthetic_barcode,one_substitution,500,4096,16,0,0.005,0.000,0.000117,4273505.8,0.00,0.00,10080,0,0,0
dotmatch_indexed,synthetic_barcode,one_substitution,500,4096,16,0,0.010,0.000,0.000041,12195098.3,0.00,0.00,10080,0,0,0
dotmatch_exact_direct,synthetic_barcode,one_substitution,500,4096,16,0,0.010,0.000,0.000039,12820530.0,0.00,0.00,10080,0,0,0
dotmatch_exact_batch,synthetic_barcode,one_substitution,500,4096,16,0,0.010,0.000,0.000037,13513495.7,0.00,0.00,10080,0,0,0
dotmatch_scan,synthetic_barcode,one_substitution,500,4096,16,0,0.010,0.000,0.003790,131926.1,4096.00,4096.00,10080,0,0,0
edlib_native_scan,synthetic_barcode,one_substitution,500,4096,16,0,0.010,0.000,0.531816,940.2,4096.00,4096.00,10080,0,0,0
exact_hash_lookup,synthetic_barcode,one_substitution,500,4096,16,0,0.010,0.000,0.000114,4385967.3,0.00,0.00,10080,0,0,0
dotmatch_indexed,synthetic_barcode,one_substitution,500,4096,16,0,0.030,0.000,0.000040,12500014.0,0.00,0.00,10080,0,0,0
dotmatch_exact_direct,synthetic_barcode,one_substitution,500,4096,16,0,0.030,0.000,0.000039,12820530.0,0.00,0.00,10080,0,0,0
dotmatch_exact_batch,synthetic_barcode,one_substitution,500,4096,16,0,0.030,0.000,0.000037,13513495.7,0.00,0.00,10080,0,0,0
dotmatch_scan,synthetic_barcode,one_substitution,500,4096,16,0,0.030,0.000,0.003867,129299.2,4096.00,4096.00,10080,0,0,0
edlib_native_scan,synthetic_barcode,one_substitution,500,4096,16,0,0.030,0.000,0.531930,940.0,4096.00,4096.00,10080,0,0,0
exact_hash_lookup,synthetic_barcode,one_substitution,500,4096,16,0,0.030,0.000,0.000121,4132231.7,0.00,0.00,10080,0,0,0
dotmatch_indexed,synthetic_barcode,exact,500,4096,16,1,0.000,0.000,0.000412,1213591.9,1.00,1.00,10080,18472869,0,0
dotmatch_scan,synthetic_barcode,exact,500,4096,16,1,0.000,0.000,0.003304,151331.7,4096.00,4096.00,10080,18472869,0,0
edlib_native_scan,synthetic_barcode,exact,500,4096,16,1,0.000,0.000,0.762478,655.8,4096.00,4096.00,10080,18472869,0,0
bk_tree,synthetic_barcode,exact,500,4096,16,1,0.000,0.000,0.013440,37202.4,228.76,228.76,10352,18472869,0,0
neighbor_lookup,synthetic_barcode,exact,500,4096,16,1,0.000,0.000,0.001619,308832.6,1.00,1.00,10608,18472869,0,0
dotmatch_indexed,synthetic_barcode,one_substitution,500,4096,16,1,0.000,0.000,0.000405,1234567.7,1.00,1.00,10608,17867359,0,0
dotmatch_scan,synthetic_barcode,one_substitution,500,4096,16,1,0.000,0.000,0.003340,149700.6,4096.00,4096.00,10608,17867359,0,0
edlib_native_scan,synthetic_barcode,one_substitution,500,4096,16,1,0.000,0.000,0.757105,660.4,4096.00,4096.00,10608,17867359,0,0
bk_tree,synthetic_barcode,one_substitution,500,4096,16,1,0.000,0.000,0.012653,39516.3,212.85,212.85,10608,17867359,0,0
neighbor_lookup,synthetic_barcode,one_substitution,500,4096,16,1,0.000,0.000,0.001610,310559.0,1.00,1.00,10608,17867359,0,0
dotmatch_indexed,synthetic_barcode,one_substitution,500,4096,16,1,0.005,0.000,0.000470,1063829.6,1.00,1.00,10608,17460787,0,0
dotmatch_scan,synthetic_barcode,one_substitution,500,4096,16,1,0.005,0.000,0.003340,149700.6,4096.00,4096.00,10608,17460787,0,0
edlib_native_scan,synthetic_barcode,one_substitution,500,4096,16,1,0.005,0.000,0.758907,658.8,4096.00,4096.00,10608,17460787,0,0
bk_tree,synthetic_barcode,one_substitution,500,4096,16,1,0.005,0.000,0.013747,36371.6,233.00,233.00,10608,17460787,0,0
neighbor_lookup,synthetic_barcode,one_substitution,500,4096,16,1,0.005,0.000,0.001572,318066.1,1.00,1.00,10608,17460787,0,0
dotmatch_indexed,synthetic_barcode,one_substitution,500,4096,16,1,0.010,0.000,0.000403,1240695.0,1.00,1.00,10608,17259252,0,0
dotmatch_scan,synthetic_barcode,one_substitution,500,4096,16,1,0.010,0.000,0.003362,148721.0,4096.00,4096.00,10608,17259252,0,0
edlib_native_scan,synthetic_barcode,one_substitution,500,4096,16,1,0.010,0.000,0.757929,659.7,4096.00,4096.00,10608,17259252,0,0
bk_tree,synthetic_barcode,one_substitution,500,4096,16,1,0.010,0.000,0.013003,38452.7,221.51,221.51,10608,17259252,0,0
neighbor_lookup,synthetic_barcode,one_substitution,500,4096,16,1,0.010,0.000,0.001622,308261.4,1.00,1.00,10608,17259252,0,0
dotmatch_indexed,synthetic_barcode,one_substitution,500,4096,16,1,0.030,0.000,0.000413,1210653.7,1.00,1.00,10608,17872119,0,0
dotmatch_scan,synthetic_barcode,one_substitution,500,4096,16,1,0.030,0.000,0.003386,147666.9,4096.00,4096.00,10608,17872119,0,0
edlib_native_scan,synthetic_barcode,one_substitution,500,4096,16,1,0.030,0.000,0.757015,660.5,4096.00,4096.00,10608,17872119,0,0
bk_tree,synthetic_barcode,one_substitution,500,4096,16,1,0.030,0.000,0.013184,37924.8,223.69,223.69,10608,17872119,0,0
neighbor_lookup,synthetic_barcode,one_substitution,500,4096,16,1,0.030,0.000,0.001592,314070.3,1.00,1.00,10608,17872119,0,0
dotmatch_indexed,synthetic_barcode,exact,500,4096,16,2,0.000,0.000,0.044136,11328.6,1.00,1.00,10608,17924211,0,0
dotmatch_scan,synthetic_barcode,exact,500,4096,16,2,0.000,0.000,0.180420,2771.3,4096.00,4096.00,10608,17924211,0,0
edlib_native_scan,synthetic_barcode,exact,500,4096,16,2,0.000,0.000,0.741068,674.7,4096.00,4096.00,10608,17924211,0,0
dotmatch_indexed,synthetic_barcode,one_substitution,500,4096,16,2,0.000,0.000,0.043100,11600.9,1.00,1.00,10608,17070586,0,0
dotmatch_scan,synthetic_barcode,one_substitution,500,4096,16,2,0.000,0.000,0.179680,2782.7,4096.00,4096.00,10608,17070586,0,0
edlib_native_scan,synthetic_barcode,one_substitution,500,4096,16,2,0.000,0.000,0.739835,675.8,4096.00,4096.00,10608,17070586,0,0
dotmatch_indexed,synthetic_barcode,one_substitution,500,4096,16,2,0.005,0.000,0.043701,11441.4,1.00,1.00,10608,16453799,0,0
dotmatch_scan,synthetic_barcode,one_substitution,500,4096,16,2,0.005,0.000,0.180659,2767.6,4096.00,4096.00,10608,16453799,0,0
edlib_native_scan,synthetic_barcode,one_substitution,500,4096,16,2,0.005,0.000,0.739527,676.1,4096.00,4096.00,10608,16453799,0,0
dotmatch_indexed,synthetic_barcode,one_substitution,500,4096,16,2,0.010,0.000,0.042584,11741.5,1.00,1.00,10608,16901790,0,0
dotmatch_scan,synthetic_barcode,one_substitution,500,4096,16,2,0.010,0.000,0.180790,2765.6,4096.00,4096.00,10608,16901790,0,0
edlib_native_scan,synthetic_barcode,one_substitution,500,4096,16,2,0.010,0.000,0.754223,662.9,4096.00,4096.00,10608,16901790,0,0
dotmatch_indexed,synthetic_barcode,one_substitution,500,4096,16,2,0.030,0.000,0.042549,11751.2,1.00,1.00,10608,17435831,0,0
dotmatch_scan,synthetic_barcode,one_substitution,500,4096,16,2,0.030,0.000,0.180997,2762.5,4096.00,4096.00,10608,17435831,0,0
edlib_native_scan,synthetic_barcode,one_substitution,500,4096,16,2,0.030,0.000,0.750326,666.4,4096.00,4096.00,10608,17435831,0,0
dotmatch_indexed,synthetic_barcode,one_insertion,500,4096,16,2,0.000,0.062,0.047488,10529.0,1.00,1.00,10640,17548490,0,0
dotmatch_scan,synthetic_barcode,one_insertion,500,4096,16,2,0.000,0.062,0.188836,2647.8,4096.00,4096.00,10640,17548490,0,0
edlib_native_scan,synthetic_barcode,one_insertion,500,4096,16,2,0.000,0.062,0.758223,659.4,4096.00,4096.00,10640,17548490,0,0
dotmatch_indexed,synthetic_barcode,one_deletion,500,4096,16,2,0.000,0.062,0.038690,12923.2,1.00,1.00,10640,17937117,0,0
dotmatch_scan,synthetic_barcode,one_deletion,500,4096,16,2,0.000,0.062,0.177623,2815.0,4096.00,4096.00,10640,17937117,0,0
edlib_native_scan,synthetic_barcode,one_deletion,500,4096,16,2,0.000,0.062,0.753817,663.3,4096.00,4096.00,10640,17937117,0,0
dotmatch_indexed,synthetic_barcode,exact,500,96,24,0,0.000,0.000,0.000034,14705871.1,1.00,1.00,10752,463613,0,0
dotmatch_exact_direct,synthetic_barcode,exact,500,96,24,0,0.000,0.000,0.000024,20833376.8,1.00,1.00,10752,463613,0,0
dotmatch_exact_batch,synthetic_barcode,exact,500,96,24,0,0.000,0.000,0.000024,20833275.8,1.00,1.00,10752,463613,0,0
dotmatch_scan,synthetic_barcode,exact,500,96,24,0,0.000,0.000,0.000084,5952385.1,96.00,96.00,10752,463613,0,0
edlib_native_scan,synthetic_barcode,exact,500,96,24,0,0.000,0.000,0.013845,36114.1,96.00,96.00,10752,463613,0,0
exact_hash_lookup,synthetic_barcode,exact,500,96,24,0,0.000,0.000,0.000022,22727340.2,1.00,1.00,10752,463613,0,0
dotmatch_indexed,synthetic_barcode,one_substitution,500,96,24,0,0.000,0.000,0.000048,10416663.1,0.00,0.00,10768,0,0,0
dotmatch_exact_direct,synthetic_barcode,one_substitution,500,96,24,0,0.000,0.000,0.000037,13513538.2,0.00,0.00,10768,0,0,0
dotmatch_exact_batch,synthetic_barcode,one_substitution,500,96,24,0,0.000,0.000,0.000034,14705871.1,0.00,0.00,10768,0,0,0
dotmatch_scan,synthetic_barcode,one_substitution,500,96,24,0,0.000,0.000,0.000082,6097557.8,96.00,96.00,10768,0,0,0
edlib_native_scan,synthetic_barcode,one_substitution,500,96,24,0,0.000,0.000,0.013663,36595.2,96.00,96.00,10768,0,0,0
exact_hash_lookup,synthetic_barcode,one_substitution,500,96,24,0,0.000,0.000,0.000021,23809474.5,0.00,0.00,10768,0,0,0
dotmatch_indexed,synthetic_barcode,one_substitution,500,96,24,0,0.005,0.000,0.000048,10416663.1,0.00,0.00,10768,0,0,0
dotmatch_exact_direct,synthetic_barcode,one_substitution,500,96,24,0,0.005,0.000,0.000037,13513538.2,0.00,0.00,10768,0,0,0
dotmatch_exact_batch,synthetic_barcode,one_substitution,500,96,24,0,0.005,0.000,0.000034,14705871.1,0.00,0.00,10768,0,0,0
dotmatch_scan,synthetic_barcode,one_substitution,500,96,24,0,0.005,0.000,0.000081,6172836.9,96.00,96.00,10768,0,0,0
edlib_native_scan,synthetic_barcode,one_substitution,500,96,24,0,0.005,0.000,0.013913,35937.6,96.00,96.00,10768,0,0,0
exact_hash_lookup,synthetic_barcode,one_substitution,500,96,24,0,0.005,0.000,0.000021,23809474.5,0.00,0.00,10768,0,0,0
dotmatch_indexed,synthetic_barcode,one_substitution,500,96,24,0,0.010,0.000,0.000047,10638295.9,0.00,0.00,10768,0,0,0
dotmatch_exact_direct,synthetic_barcode,one_substitution,500,96,24,0,0.010,0.000,0.000037,13513495.7,0.00,0.00,10768,0,0,0
dotmatch_exact_batch,synthetic_barcode,one_substitution,500,96,24,0,0.010,0.000,0.000033,15151506.7,0.00,0.00,10768,0,0,0
dotmatch_scan,synthetic_barcode,one_substitution,500,96,24,0,0.010,0.000,0.000082,6097566.5,96.00,96.00,10768,0,0,0
edlib_native_scan,synthetic_barcode,one_substitution,500,96,24,0,0.010,0.000,0.013595,36778.2,96.00,96.00,10768,0,0,0
exact_hash_lookup,synthetic_barcode,one_substitution,500,96,24,0,0.010,0.000,0.000028,17857081.1,0.00,0.00,10768,0,0,0
dotmatch_indexed,synthetic_barcode,one_substitution,500,96,24,0,0.030,0.000,0.000048,10416663.1,0.00,0.00,10784,0,0,0
dotmatch_exact_direct,synthetic_barcode,one_substitution,500,96,24,0,0.030,0.000,0.000037,13513495.7,0.00,0.00,10784,0,0,0
dotmatch_exact_batch,synthetic_barcode,one_substitution,500,96,24,0,0.030,0.000,0.000034,14705871.1,0.00,0.00,10784,0,0,0
dotmatch_scan,synthetic_barcode,one_substitution,500,96,24,0,0.030,0.000,0.000082,6097566.5,96.00,96.00,10784,0,0,0
edlib_native_scan,synthetic_barcode,one_substitution,500,96,24,0,0.030,0.000,0.013719,36445.8,96.00,96.00,10784,0,0,0
exact_hash_lookup,synthetic_barcode,one_substitution,500,96,24,0,0.030,0.000,0.000020,24999955.2,0.00,0.00,10784,0,0,0
dotmatch_indexed,synthetic_barcode,exact,500,96,24,1,0.000,0.000,0.000670,746268.7,1.00,1.00,10784,442448,0,0
dotmatch_scan,synthetic_barcode,exact,500,96,24,1,0.000,0.000,0.000085,5882348.4,96.00,96.00,10784,442448,0,0
edlib_native_scan,synthetic_barcode,exact,500,96,24,1,0.000,0.000,0.020351,24568.8,96.00,96.00,10784,442448,0,0
bk_tree,synthetic_barcode,exact,500,96,24,1,0.000,0.000,0.001140,438596.5,17.69,17.69,10784,442448,0,0
neighbor_lookup,synthetic_barcode,exact,500,96,24,1,0.000,0.000,0.003521,142005.1,1.00,1.00,10848,442448,0,0
dotmatch_indexed,synthetic_barcode,one_substitution,500,96,24,1,0.000,0.000,0.000803,622665.0,1.00,1.00,10848,465105,0,0
dotmatch_scan,synthetic_barcode,one_substitution,500,96,24,1,0.000,0.000,0.000094,5319148.0,96.00,96.00,10848,465105,0,0
edlib_native_scan,synthetic_barcode,one_substitution,500,96,24,1,0.000,0.000,0.020229,24717.0,96.00,96.00,10848,465105,0,0
bk_tree,synthetic_barcode,one_substitution,500,96,24,1,0.000,0.000,0.001107,451671.2,16.52,16.52,10848,465105,0,0
neighbor_lookup,synthetic_barcode,one_substitution,500,96,24,1,0.000,0.000,0.003847,129971.4,1.00,1.00,10848,465105,0,0
dotmatch_indexed,synthetic_barcode,one_substitution,500,96,24,1,0.005,0.000,0.000743,672947.6,1.00,1.00,10848,475509,0,0
dotmatch_scan,synthetic_barcode,one_substitution,500,96,24,1,0.005,0.000,0.000087,5747128.8,96.00,96.00,10848,475509,0,0
edlib_native_scan,synthetic_barcode,one_substitution,500,96,24,1,0.005,0.000,0.020547,24334.5,96.00,96.00,10848,475509,0,0
bk_tree,synthetic_barcode,one_substitution,500,96,24,1,0.005,0.000,0.001113,449236.3,16.36,16.36,10848,475509,0,0
neighbor_lookup,synthetic_barcode,one_substitution,500,96,24,1,0.005,0.000,0.003811,131199.2,1.00,1.00,10848,475509,0,0
dotmatch_indexed,synthetic_barcode,one_substitution,500,96,24,1,0.010,0.000,0.000762,656168.0,1.00,1.00,10848,461246,0,0
dotmatch_scan,synthetic_barcode,one_substitution,500,96,24,1,0.010,0.000,0.000085,5882356.5,96.00,96.00,10848,461246,0,0
edlib_native_scan,synthetic_barcode,one_substitution,500,96,24,1,0.010,0.000,0.020169,24790.5,96.00,96.00,10848,461246,0,0
bk_tree,synthetic_barcode,one_substitution,500,96,24,1,0.010,0.000,0.001175,425531.9,17.75,17.75,10848,461246,0,0
neighbor_lookup,synthetic_barcode,one_substitution,500,96,24,1,0.010,0.000,0.003791,131891.3,1.00,1.00,10848,461246,0,0
dotmatch_indexed,synthetic_barcode,one_substitution,500,96,24,1,0.030,0.000,0.000734,681198.9,1.00,1.00,10848,472211,0,0
dotmatch_scan,synthetic_barcode,one_substitution,500,96,24,1,0.030,0.000,0.000083,6024101.2,96.00,96.00,10848,472211,0,0
edlib_native_scan,synthetic_barcode,one_substitution,500,96,24,1,0.030,0.000,0.020331,24593.0,96.00,96.00,10848,472211,0,0
bk_tree,synthetic_barcode,one_substitution,500,96,24,1,0.030,0.000,0.001220,409836.1,17.58,17.58,10848,472211,0,0
neighbor_lookup,synthetic_barcode,one_substitution,500,96,24,1,0.030,0.000,0.003681,135832.7,1.00,1.00,10848,472211,0,0
dotmatch_indexed,synthetic_barcode,exact,500,96,24,2,0.000,0.000,0.106569,4691.8,1.00,1.00,10848,449418,0,0
dotmatch_scan,synthetic_barcode,exact,500,96,24,2,0.000,0.000,0.006062,82481.0,96.00,96.00,10848,449418,0,0
edlib_native_scan,synthetic_barcode,exact,500,96,24,2,0.000,0.000,0.019798,25255.1,96.00,96.00,10848,449418,0,0
dotmatch_indexed,synthetic_barcode,one_substitution,500,96,24,2,0.000,0.000,0.103855,4814.4,1.00,1.00,10848,481391,0,0
dotmatch_scan,synthetic_barcode,one_substitution,500,96,24,2,0.000,0.000,0.005987,83514.3,96.00,96.00,10848,481391,0,0
edlib_native_scan,synthetic_barcode,one_substitution,500,96,24,2,0.000,0.000,0.019913,25109.2,96.00,96.00,10848,481391,0,0
dotmatch_indexed,synthetic_barcode,one_substitution,500,96,24,2,0.005,0.000,0.104415,4788.6,1.00,1.00,10848,481408,0,0
dotmatch_scan,synthetic_barcode,one_substitution,500,96,24,2,0.005,0.000,0.006052,82617.3,96.00,96.00,10848,481408,0,0
edlib_native_scan,synthetic_barcode,one_substitution,500,96,24,2,0.005,0.000,0.019803,25248.7,96.00,96.00,10848,481408,0,0
dotmatch_indexed,synthetic_barcode,one_substitution,500,96,24,2,0.010,0.000,0.105242,4751.0,1.00,1.00,10848,474115,0,0
dotmatch_scan,synthetic_barcode,one_substitution,500,96,24,2,0.010,0.000,0.005993,83430.7,96.00,96.00,10848,474115,0,0
edlib_native_scan,synthetic_barcode,one_substitution,500,96,24,2,0.010,0.000,0.019934,25082.8,96.00,96.00,10848,474115,0,0
dotmatch_indexed,synthetic_barcode,one_substitution,500,96,24,2,0.030,0.000,0.103993,4808.0,1.00,1.00,10848,486219,0,0
dotmatch_scan,synthetic_barcode,one_substitution,500,96,24,2,0.030,0.000,0.006123,81659.3,96.00,96.00,10848,486219,0,0
edlib_native_scan,synthetic_barcode,one_substitution,500,96,24,2,0.030,0.000,0.019909,25114.3,96.00,96.00,10848,486219,0,0
dotmatch_indexed,synthetic_barcode,one_insertion,500,96,24,2,0.000,0.042,0.110515,4524.3,1.00,1.00,10848,471429,0,0
dotmatch_scan,synthetic_barcode,one_insertion,500,96,24,2,0.000,0.042,0.006187,80814.6,96.00,96.00,10848,471429,0,0
edlib_native_scan,synthetic_barcode,one_insertion,500,96,24,2,0.000,0.042,0.020177,24780.7,96.00,96.00,10848,471429,0,0
dotmatch_indexed,synthetic_barcode,one_deletion,500,96,24,2,0.000,0.042,0.100531,4973.6,1.00,1.00,10848,474710,0,0
dotmatch_scan,synthetic_barcode,one_deletion,500,96,24,2,0.000,0.042,0.006038,82808.9,96.00,96.00,10848,474710,0,0
edlib_native_scan,synthetic_barcode,one_deletion,500,96,24,2,0.000,0.042,0.020139,24827.4,96.00,96.00,10848,474710,0,0
dotmatch_indexed,synthetic_barcode,exact,500,737,24,0,0.000,0.000,0.000058,8620693.2,1.00,1.00,10880,3159966,0,0
dotmatch_exact_direct,synthetic_barcode,exact,500,737,24,0,0.000,0.000,0.000045,11111112.7,1.00,1.00,10880,3159966,0,0
dotmatch_exact_batch,synthetic_barcode,exact,500,737,24,0,0.000,0.000,0.000043,11627912.9,1.00,1.00,10880,3159966,0,0
dotmatch_scan,synthetic_barcode,exact,500,737,24,0,0.000,0.000,0.000604,827814.5,737.00,737.00,10880,3159966,0,0
edlib_native_scan,synthetic_barcode,exact,500,737,24,0,0.000,0.000,0.102598,4873.4,737.00,737.00,10880,3159966,0,0
exact_hash_lookup,synthetic_barcode,exact,500,737,24,0,0.000,0.000,0.000062,8064515.3,1.00,1.00,10880,3159966,0,0
dotmatch_indexed,synthetic_barcode,one_substitution,500,737,24,0,0.000,0.000,0.000059,8474578.6,0.00,0.00,10880,0,0,0
dotmatch_exact_direct,synthetic_barcode,one_substitution,500,737,24,0,0.000,0.000,0.000050,9999993.7,0.00,0.00,10880,0,0,0
dotmatch_exact_batch,synthetic_barcode,one_substitution,500,737,24,0,0.000,0.000,0.000048,10416688.4,0.00,0.00,10880,0,0,0
dotmatch_scan,synthetic_barcode,one_substitution,500,737,24,0,0.000,0.000,0.000601,831946.7,737.00,737.00,10880,0,0,0
edlib_native_scan,synthetic_barcode,one_substitution,500,737,24,0,0.000,0.000,0.101839,4909.7,737.00,737.00,10880,0,0,0
exact_hash_lookup,synthetic_barcode,one_substitution,500,737,24,0,0.000,0.000,0.000061,8196721.5,0.00,0.00,10880,0,0,0
dotmatch_indexed,synthetic_barcode,one_substitution,500,737,24,0,0.005,0.000,0.000059,8474578.6,0.00,0.00,10880,0,0,0
dotmatch_exact_direct,synthetic_barcode,one_substitution,500,737,24,0,0.005,0.000,0.000051,9803936.4,0.00,0.00,10880,0,0,0
dotmatch_exact_batch,synthetic_barcode,one_substitution,500,737,24,0,0.005,0.000,0.000047,10638295.9,0.00,0.00,10880,0,0,0
dotmatch_scan,synthetic_barcode,one_substitution,500,737,24,0,0.005,0.000,0.000601,831946.7,737.00,737.00,10880,0,0,0
edlib_native_scan,synthetic_barcode,one_substitution,500,737,24,0,0.005,0.000,0.102207,4892.0,737.00,737.00,10880,0,0,0
exact_hash_lookup,synthetic_barcode,one_substitution,500,737,24,0,0.005,0.000,0.000067,7462681.6,0.00,0.00,10880,0,0,0
dotmatch_indexed,synthetic_barcode,one_substitution,500,737,24,0,0.010,0.000,0.000059,8474578.6,0.00,0.00,10880,0,0,0
dotmatch_exact_direct,synthetic_barcode,one_substitution,500,737,24,0,0.010,0.000,0.000053,9433973.3,0.00,0.00,10880,0,0,0
dotmatch_exact_batch,synthetic_barcode,one_substitution,500,737,24,0,0.010,0.000,0.000048,10416663.1,0.00,0.00,10880,0,0,0
dotmatch_scan,synthetic_barcode,one_substitution,500,737,24,0,0.010,0.000,0.000601,831946.7,737.00,737.00,10880,0,0,0
edlib_native_scan,synthetic_barcode,one_substitution,500,737,24,0,0.010,0.000,0.102043,4899.9,737.00,737.00,10880,0,0,0
exact_hash_lookup,synthetic_barcode,one_substitution,500,737,24,0,0.010,0.000,0.000058,8620693.2,0.00,0.00,10880,0,0,0
dotmatch_indexed,synthetic_barcode,one_substitution,500,737,24,0,0.030,0.000,0.000059,8474578.6,0.00,0.00,10880,0,0,0
dotmatch_exact_direct,synthetic_barcode,one_substitution,500,737,24,0,0.030,0.000,0.000051,9803914.1,0.00,0.00,10880,0,0,0
dotmatch_exact_batch,synthetic_barcode,one_substitution,500,737,24,0,0.030,0.000,0.000049,10204100.9,0.00,0.00,10880,0,0,0
dotmatch_scan,synthetic_barcode,one_substitution,500,737,24,0,0.030,0.000,0.000607,823723.1,737.00,737.00,10880,0,0,0
edlib_native_scan,synthetic_barcode,one_substitution,500,737,24,0,0.030,0.000,0.101927,4905.5,737.00,737.00,10880,0,0,0
exact_hash_lookup,synthetic_barcode,one_substitution,500,737,24,0,0.030,0.000,0.000061,8196721.5,0.00,0.00,10880,0,0,0
dotmatch_indexed,synthetic_barcode,exact,500,737,24,1,0.000,0.000,0.000746,670241.2,1.00,1.00,10880,3227660,0,0
dotmatch_scan,synthetic_barcode,exact,500,737,24,1,0.000,0.000,0.000538,929368.2,737.00,737.00,10880,3227660,0,0
edlib_native_scan,synthetic_barcode,exact,500,737,24,1,0.000,0.000,0.152768,3272.9,737.00,737.00,10880,3227660,0,0
bk_tree,synthetic_barcode,exact,500,737,24,1,0.000,0.000,0.004239,117952.3,57.95,57.95,10880,3227660,0,0
neighbor_lookup,synthetic_barcode,exact,500,737,24,1,0.000,0.000,0.003734,133904.7,1.00,1.00,10880,3227660,0,0
dotmatch_indexed,synthetic_barcode,one_substitution,500,737,24,1,0.000,0.000,0.000858,582750.6,1.00,1.00,10880,3121508,0,0
dotmatch_scan,synthetic_barcode,one_substitution,500,737,24,1,0.000,0.000,0.000677,738552.5,737.00,737.00,10880,3121508,0,0
edlib_native_scan,synthetic_barcode,one_substitution,500,737,24,1,0.000,0.000,0.152353,3281.9,737.00,737.00,10880,3121508,0,0
bk_tree,synthetic_barcode,one_substitution,500,737,24,1,0.000,0.000,0.004212,118708.5,58.85,58.85,10880,3121508,0,0
neighbor_lookup,synthetic_barcode,one_substitution,500,737,24,1,0.000,0.000,0.003770,132626.0,1.00,1.00,10880,3121508,0,0
dotmatch_indexed,synthetic_barcode,one_substitution,500,737,24,1,0.005,0.000,0.000743,672947.4,1.00,1.00,10880,3115694,0,0
dotmatch_scan,synthetic_barcode,one_substitution,500,737,24,1,0.005,0.000,0.000514,972762.7,737.00,737.00,10880,3115694,0,0
edlib_native_scan,synthetic_barcode,one_substitution,500,737,24,1,0.005,0.000,0.152797,3272.3,737.00,737.00,10880,3115694,0,0
bk_tree,synthetic_barcode,one_substitution,500,737,24,1,0.005,0.000,0.004081,122519.0,56.23,56.23,10880,3115694,0,0
neighbor_lookup,synthetic_barcode,one_substitution,500,737,24,1,0.005,0.000,0.003807,131337.0,1.00,1.00,10880,3115694,0,0
dotmatch_indexed,synthetic_barcode,one_substitution,500,737,24,1,0.010,0.000,0.000748,668449.2,1.00,1.00,10880,3173256,0,0
dotmatch_scan,synthetic_barcode,one_substitution,500,737,24,1,0.010,0.000,0.000633,789889.4,737.00,737.00,10880,3173256,0,0
edlib_native_scan,synthetic_barcode,one_substitution,500,737,24,1,0.010,0.000,0.152485,3279.0,737.00,737.00,10880,3173256,0,0
bk_tree,synthetic_barcode,one_substitution,500,737,24,1,0.010,0.000,0.004125,121212.1,56.84,56.84,10880,3173256,0,0
neighbor_lookup,synthetic_barcode,one_substitution,500,737,24,1,0.010,0.000,0.003837,130310.1,1.00,1.00,10880,3173256,0,0
dotmatch_indexed,synthetic_barcode,one_substitution,500,737,24,1,0.030,0.000,0.000689,725689.4,1.00,1.00,10880,3089004,0,0
dotmatch_scan,synthetic_barcode,one_substitution,500,737,24,1,0.030,0.000,0.000590,847457.5,737.00,737.00,10880,3089004,0,0
edlib_native_scan,synthetic_barcode,one_substitution,500,737,24,1,0.030,0.000,0.152947,3269.1,737.00,737.00,10880,3089004,0,0
bk_tree,synthetic_barcode,one_substitution,500,737,24,1,0.030,0.000,0.004284,116713.4,57.69,57.69,10880,3089004,0,0
neighbor_lookup,synthetic_barcode,one_substitution,500,737,24,1,0.030,0.000,0.003640,137362.6,1.00,1.00,10880,3089004,0,0
dotmatch_indexed,synthetic_barcode,exact,500,737,24,2,0.000,0.000,0.105051,4759.6,1.00,1.00,10880,3390911,0,0
dotmatch_scan,synthetic_barcode,exact,500,737,24,2,0.000,0.000,0.046241,10812.9,737.00,737.00,10880,3390911,0,0
edlib_native_scan,synthetic_barcode,exact,500,737,24,2,0.000,0.000,0.149796,3337.9,737.00,737.00,10880,3390911,0,0
dotmatch_indexed,synthetic_barcode,one_substitution,500,737,24,2,0.000,0.000,0.103461,4832.7,1.00,1.00,10880,3274695,0,0
dotmatch_scan,synthetic_barcode,one_substitution,500,737,24,2,0.000,0.000,0.046357,10785.9,737.00,737.00,10880,3274695,0,0
edlib_native_scan,synthetic_barcode,one_substitution,500,737,24,2,0.000,0.000,0.149968,3334.0,737.00,737.00,10880,3274695,0,0
dotmatch_indexed,synthetic_barcode,one_substitution,500,737,24,2,0.005,0.000,0.103340,4838.4,1.00,1.00,10880,3254788,0,0
dotmatch_scan,synthetic_barcode,one_substitution,500,737,24,2,0.005,0.000,0.046628,10723.2,737.00,737.00,10880,3254788,0,0
edlib_native_scan,synthetic_barcode,one_substitution,500,737,24,2,0.005,0.000,0.150250,3327.8,737.00,737.00,10880,3254788,0,0
dotmatch_indexed,synthetic_barcode,one_substitution,500,737,24,2,0.010,0.000,0.103225,4843.8,1.00,1.00,10880,3287564,0,0
dotmatch_scan,synthetic_barcode,one_substitution,500,737,24,2,0.010,0.000,0.046218,10818.3,737.00,737.00,10880,3287564,0,0
edlib_native_scan,synthetic_barcode,one_substitution,500,737,24,2,0.010,0.000,0.149514,3344.2,737.00,737.00,10880,3287564,0,0
dotmatch_indexed,synthetic_barcode,one_substitution,500,737,24,2,0.030,0.000,0.102852,4861.4,1.00,1.00,10880,3124636,0,0
dotmatch_scan,synthetic_barcode,one_substitution,500,737,24,2,0.030,0.000,0.046349,10787.7,737.00,737.00,10880,3124636,0,0
edlib_native_scan,synthetic_barcode,one_substitution,500,737,24,2,0.030,0.000,0.149541,3343.6,737.00,737.00,10880,3124636,0,0
dotmatch_indexed,synthetic_barcode,one_insertion,500,737,24,2,0.000,0.042,0.109826,4552.7,1.00,1.00,10880,3291134,0,0
dotmatch_scan,synthetic_barcode,one_insertion,500,737,24,2,0.000,0.042,0.047330,10564.1,737.00,737.00,10880,3291134,0,0
edlib_native_scan,synthetic_barcode,one_insertion,500,737,24,2,0.000,0.042,0.155001,3225.8,737.00,737.00,10880,3291134,0,0
dotmatch_indexed,synthetic_barcode,one_deletion,500,737,24,2,0.000,0.042,0.096501,5181.3,1.00,1.00,10880,3085842,0,0
dotmatch_scan,synthetic_barcode,one_deletion,500,737,24,2,0.000,0.042,0.044687,11188.9,737.00,737.00,10880,3085842,0,0
edlib_native_scan,synthetic_barcode,one_deletion,500,737,24,2,0.000,0.042,0.153210,3263.5,737.00,737.00,10880,3085842,0,0
dotmatch_indexed,synthetic_barcode,exact,500,4096,24,0,0.000,0.000,0.000067,7462694.6,1.00,1.00,11920,16735316,0,0
dotmatch_exact_direct,synthetic_barcode,exact,500,4096,24,0,0.000,0.000,0.000053,9433952.6,1.00,1.00,11920,16735316,0,0
dotmatch_exact_batch,synthetic_barcode,exact,500,4096,24,0,0.000,0.000,0.000052,9615397.5,1.00,1.00,11920,16735316,0,0
dotmatch_scan,synthetic_barcode,exact,500,4096,24,0,0.000,0.000,0.003378,148016.6,4096.00,4096.00,11920,16735316,0,0
edlib_native_scan,synthetic_barcode,exact,500,4096,24,0,0.000,0.000,0.571766,874.5,4096.00,4096.00,11920,16735316,0,0
exact_hash_lookup,synthetic_barcode,exact,500,4096,24,0,0.000,0.000,0.000282,1773050.1,1.00,1.00,11936,16735316,0,0
dotmatch_indexed,synthetic_barcode,one_substitution,500,4096,24,0,0.000,0.000,0.000059,8474578.6,0.00,0.00,14400,0,0,0
dotmatch_exact_direct,synthetic_barcode,one_substitution,500,4096,24,0,0.000,0.000,0.000055,9090897.6,0.00,0.00,14400,0,0,0
dotmatch_exact_batch,synthetic_barcode,one_substitution,500,4096,24,0,0.000,0.000,0.000054,9259268.6,0.00,0.00,14400,0,0,0
dotmatch_scan,synthetic_barcode,one_substitution,500,4096,24,0,0.000,0.000,0.003343,149566.3,4096.00,4096.00,14400,0,0,0
edlib_native_scan,synthetic_barcode,one_substitution,500,4096,24,0,0.000,0.000,0.572742,873.0,4096.00,4096.00,14400,0,0,0
exact_hash_lookup,synthetic_barcode,one_substitution,500,4096,24,0,0.000,0.000,0.000265,1886793.0,0.00,0.00,14400,0,0,0
dotmatch_indexed,synthetic_barcode,one_substitution,500,4096,24,0,0.005,0.000,0.000057,8771916.8,0.00,0.00,14400,0,0,0
dotmatch_exact_direct,synthetic_barcode,one_substitution,500,4096,24,0,0.005,0.000,0.000054,9259268.6,0.00,0.00,14400,0,0,0
dotmatch_exact_batch,synthetic_barcode,one_substitution,500,4096,24,0,0.005,0.000,0.000058,8620693.2,0.00,0.00,14400,0,0,0
dotmatch_scan,synthetic_barcode,one_substitution,500,4096,24,0,0.005,0.000,0.003336,149880.1,4096.00,4096.00,14400,0,0,0
edlib_native_scan,synthetic_barcode,one_substitution,500,4096,24,0,0.005,0.000,0.570115,877.0,4096.00,4096.00,14400,0,0,0
exact_hash_lookup,synthetic_barcode,one_substitution,500,4096,24,0,0.005,0.000,0.000264,1893939.2,0.00,0.00,14400,0,0,0
dotmatch_indexed,synthetic_barcode,one_substitution,500,4096,24,0,0.010,0.000,0.000060,8333334.6,0.00,0.00,14400,0,0,0
dotmatch_exact_direct,synthetic_barcode,one_substitution,500,4096,24,0,0.010,0.000,0.000055,9090897.6,0.00,0.00,14400,0,0,0
dotmatch_exact_batch,synthetic_barcode,one_substitution,500,4096,24,0,0.010,0.000,0.000053,9433973.3,0.00,0.00,14400,0,0,0
dotmatch_scan,synthetic_barcode,one_substitution,500,4096,24,0,0.010,0.000,0.003318,150693.2,4096.00,4096.00,14400,0,0,0
edlib_native_scan,synthetic_barcode,one_substitution,500,4096,24,0,0.010,0.000,0.570676,876.2,4096.00,4096.00,14400,0,0,0
exact_hash_lookup,synthetic_barcode,one_substitution,500,4096,24,0,0.010,0.000,0.000274,1824817.6,0.00,0.00,14400,0,0,0
dotmatch_indexed,synthetic_barcode,one_substitution,500,4096,24,0,0.030,0.000,0.000060,8333334.6,0.00,0.00,14400,0,0,0
dotmatch_exact_direct,synthetic_barcode,one_substitution,500,4096,24,0,0.030,0.000,0.000055,9090916.8,0.00,0.00,14400,0,0,0
dotmatch_exact_batch,synthetic_barcode,one_substitution,500,4096,24,0,0.030,0.000,0.000054,9259248.6,0.00,0.00,14400,0,0,0
dotmatch_scan,synthetic_barcode,one_substitution,500,4096,24,0,0.030,0.000,0.003341,149655.8,4096.00,4096.00,14400,0,0,0
edlib_native_scan,synthetic_barcode,one_substitution,500,4096,24,0,0.030,0.000,0.570518,876.4,4096.00,4096.00,14400,0,0,0
exact_hash_lookup,synthetic_barcode,one_substitution,500,4096,24,0,0.030,0.000,0.000278,1798561.0,0.00,0.00,14400,0,0,0
dotmatch_indexed,synthetic_barcode,exact,500,4096,24,1,0.000,0.000,0.000720,694444.4,1.00,1.00,14400,17524371,0,0
dotmatch_scan,synthetic_barcode,exact,500,4096,24,1,0.000,0.000,0.003258,153468.4,4096.00,4096.00,14400,17524371,0,0
edlib_native_scan,synthetic_barcode,exact,500,4096,24,1,0.000,0.000,0.851436,587.2,4096.00,4096.00,14400,17524371,0,0
bk_tree,synthetic_barcode,exact,500,4096,24,1,0.000,0.000,0.013765,36324.0,160.08,160.08,14432,17524371,0,0
neighbor_lookup,synthetic_barcode,exact,500,4096,24,1,0.000,0.000,0.004258,117426.0,1.00,1.00,14544,17524371,0,0
dotmatch_indexed,synthetic_barcode,one_substitution,500,4096,24,1,0.000,0.000,0.000706,708215.3,1.00,1.00,14544,17658956,0,0
dotmatch_scan,synthetic_barcode,one_substitution,500,4096,24,1,0.000,0.000,0.003328,150240.4,4096.00,4096.00,14544,17658956,0,0
edlib_native_scan,synthetic_barcode,one_substitution,500,4096,24,1,0.000,0.000,0.850207,588.1,4096.00,4096.00,14544,17658956,0,0
bk_tree,synthetic_barcode,one_substitution,500,4096,24,1,0.000,0.000,0.013845,36114.1,163.57,163.57,14544,17658956,0,0
neighbor_lookup,synthetic_barcode,one_substitution,500,4096,24,1,0.000,0.000,0.004147,120569.1,1.00,1.00,14544,17658956,0,0
dotmatch_indexed,synthetic_barcode,one_substitution,500,4096,24,1,0.005,0.000,0.000719,695410.3,1.00,1.00,14544,16977256,0,0
dotmatch_scan,synthetic_barcode,one_substitution,500,4096,24,1,0.005,0.000,0.002845,175746.9,4096.00,4096.00,14544,16977256,0,0
edlib_native_scan,synthetic_barcode,one_substitution,500,4096,24,1,0.005,0.000,0.853258,586.0,4096.00,4096.00,14544,16977256,0,0
bk_tree,synthetic_barcode,one_substitution,500,4096,24,1,0.005,0.000,0.013600,36764.7,160.60,160.60,14576,16977256,0,0
neighbor_lookup,synthetic_barcode,one_substitution,500,4096,24,1,0.005,0.000,0.004038,123823.7,1.00,1.00,14576,16977256,0,0
dotmatch_indexed,synthetic_barcode,one_substitution,500,4096,24,1,0.010,0.000,0.000744,672043.0,1.00,1.00,14576,16960800,0,0
dotmatch_scan,synthetic_barcode,one_substitution,500,4096,24,1,0.010,0.000,0.003019,165617.8,4096.00,4096.00,14576,16960800,0,0
edlib_native_scan,synthetic_barcode,one_substitution,500,4096,24,1,0.010,0.000,0.850200,588.1,4096.00,4096.00,14576,16960800,0,0
bk_tree,synthetic_barcode,one_substitution,500,4096,24,1,0.010,0.000,0.013958,35821.8,164.69,164.69,14576,16960800,0,0
neighbor_lookup,synthetic_barcode,one_substitution,500,4096,24,1,0.010,0.000,0.004107,121743.4,1.00,1.00,14576,16960800,0,0
dotmatch_indexed,synthetic_barcode,one_substitution,500,4096,24,1,0.030,0.000,0.000745,671141.0,1.00,1.00,14576,16601862,0,0
dotmatch_scan,synthetic_barcode,one_substitution,500,4096,24,1,0.030,0.000,0.003396,147232.0,4096.00,4096.00,14576,16601862,0,0
edlib_native_scan,synthetic_barcode,one_substitution,500,4096,24,1,0.030,0.000,0.849224,588.8,4096.00,4096.00,14576,16601862,0,0
bk_tree,synthetic_barcode,one_substitution,500,4096,24,1,0.030,0.000,0.014343,34860.2,168.44,168.44,14576,16601862,0,0
neighbor_lookup,synthetic_barcode,one_substitution,500,4096,24,1,0.030,0.000,0.004062,123092.1,1.00,1.00,14576,16601862,0,0
dotmatch_indexed,synthetic_barcode,exact,500,4096,24,2,0.000,0.000,0.093719,5335.1,1.00,1.00,14576,17440663,0,0
dotmatch_scan,synthetic_barcode,exact,500,4096,24,2,0.000,0.000,0.259759,1924.9,4096.00,4096.00,14576,17440663,0,0
edlib_native_scan,synthetic_barcode,exact,500,4096,24,2,0.000,0.000,0.847812,589.8,4096.00,4096.00,14576,17440663,0,0
dotmatch_indexed,synthetic_barcode,one_substitution,500,4096,24,2,0.000,0.000,0.092777,5389.3,1.00,1.00,14576,17298556,0,0
dotmatch_scan,synthetic_barcode,one_substitution,500,4096,24,2,0.000,0.000,0.257948,1938.4,4096.00,4096.00,14576,17298556,0,0
edlib_native_scan,synthetic_barcode,one_substitution,500,4096,24,2,0.000,0.000,0.851766,587.0,4096.00,4096.00,14576,17298556,0,0
dotmatch_indexed,synthetic_barcode,one_substitution,500,4096,24,2,0.005,0.000,0.094000,5319.1,1.00,1.00,14576,17631705,0,0
dotmatch_scan,synthetic_barcode,one_substitution,500,4096,24,2,0.005,0.000,0.258325,1935.5,4096.00,4096.00,14576,17631705,0,0
edlib_native_scan,synthetic_barcode,one_substitution,500,4096,24,2,0.005,0.000,0.847761,589.8,4096.00,4096.00,14576,17631705,0,0
dotmatch_indexed,synthetic_barcode,one_substitution,500,4096,24,2,0.010,0.000,0.092584,5400.5,1.00,1.00,14576,17520236,0,0
dotmatch_scan,synthetic_barcode,one_substitution,500,4096,24,2,0.010,0.000,0.257492,1941.8,4096.00,4096.00,14576,17520236,0,0
edlib_native_scan,synthetic_barcode,one_substitution,500,4096,24,2,0.010,0.000,0.842611,593.4,4096.00,4096.00,14576,17520236,0,0
dotmatch_indexed,synthetic_barcode,one_substitution,500,4096,24,2,0.030,0.000,0.094283,5303.2,1.00,1.00,14576,17471174,0,0
dotmatch_scan,synthetic_barcode,one_substitution,500,4096,24,2,0.030,0.000,0.256348,1950.5,4096.00,4096.00,14576,17471174,0,0
edlib_native_scan,synthetic_barcode,one_substitution,500,4096,24,2,0.030,0.000,0.839773,595.4,4096.00,4096.00,14576,17471174,0,0
dotmatch_indexed,synthetic_barcode,one_insertion,500,4096,24,2,0.000,0.042,0.099999,5000.0,1.00,1.00,14576,17590973,0,0
dotmatch_scan,synthetic_barcode,one_insertion,500,4096,24,2,0.000,0.042,0.277858,1799.5,4096.00,4096.00,14576,17590973,0,0
edlib_native_scan,synthetic_barcode,one_insertion,500,4096,24,2,0.000,0.042,0.855274,584.6,4096.00,4096.00,14576,17590973,0,0
dotmatch_indexed,synthetic_barcode,one_deletion,500,4096,24,2,0.000,0.042,0.085463,5850.5,1.00,1.00,14576,18008204,0,0
dotmatch_scan,synthetic_barcode,one_deletion,500,4096,24,2,0.000,0.042,0.253105,1975.5,4096.00,4096.00,14576,18008204,0,0
edlib_native_scan,synthetic_barcode,one_deletion,500,4096,24,2,0.000,0.042,0.847562,589.9,4096.00,4096.00,14576,18008204,0,0
dotmatch_indexed,synthetic_barcode,exact,500,96,32,0,0.000,0.000,0.000042,11904737.3,1.00,1.00,14672,449520,0,0
dotmatch_exact_direct,synthetic_barcode,exact,500,96,32,0,0.000,0.000,0.000028,17857155.4,1.00,1.00,14672,449520,0,0
dotmatch_exact_batch,synthetic_barcode,exact,500,96,32,0,0.000,0.000,0.000029,17241386.5,1.00,1.00,14672,449520,0,0
dotmatch_scan,synthetic_barcode,exact,500,96,32,0,0.000,0.000,0.000085,5882356.5,96.00,96.00,14672,449520,0,0
edlib_native_scan,synthetic_barcode,exact,500,96,32,0,0.000,0.000,0.014404,34712.6,96.00,96.00,14672,449520,0,0
exact_hash_lookup,synthetic_barcode,exact,500,96,32,0,0.000,0.000,0.000025,20000034.0,1.00,1.00,14688,449520,0,0
dotmatch_indexed,synthetic_barcode,one_substitution,500,96,32,0,0.000,0.000,0.000060,8333334.6,0.00,0.00,14704,0,0,0
dotmatch_exact_direct,synthetic_barcode,one_substitution,500,96,32,0,0.000,0.000,0.000044,11363610.0,0.00,0.00,14704,0,0,0
dotmatch_exact_batch,synthetic_barcode,one_substitution,500,96,32,0,0.000,0.000,0.000041,12195133.0,0.00,0.00,14704,0,0,0
dotmatch_scan,synthetic_barcode,one_substitution,500,96,32,0,0.000,0.000,0.000088,5681820.0,96.00,96.00,14704,0,0,0
edlib_native_scan,synthetic_barcode,one_substitution,500,96,32,0,0.000,0.000,0.014437,34633.2,96.00,96.00,14704,0,0,0
exact_hash_lookup,synthetic_barcode,one_substitution,500,96,32,0,0.000,0.000,0.000021,23809474.5,0.00,0.00,14704,0,0,0
dotmatch_indexed,synthetic_barcode,one_substitution,500,96,32,0,0.005,0.000,0.000061,8196721.5,0.00,0.00,14704,0,0,0
dotmatch_exact_direct,synthetic_barcode,one_substitution,500,96,32,0,0.005,0.000,0.000048,10416663.1,0.00,0.00,14704,0,0,0
dotmatch_exact_batch,synthetic_barcode,one_substitution,500,96,32,0,0.005,0.000,0.000045,11111112.7,0.00,0.00,14704,0,0,0
dotmatch_scan,synthetic_barcode,one_substitution,500,96,32,0,0.005,0.000,0.000080,6249997.9,96.00,96.00,14704,0,0,0
edlib_native_scan,synthetic_barcode,one_substitution,500,96,32,0,0.005,0.000,0.014610,34223.1,96.00,96.00,14704,0,0,0
exact_hash_lookup,synthetic_barcode,one_substitution,500,96,32,0,0.005,0.000,0.000020,24999955.2,0.00,0.00,14704,0,0,0
dotmatch_indexed,synthetic_barcode,one_substitution,500,96,32,0,0.010,0.000,0.000061,8196721.5,0.00,0.00,14704,0,0,0
dotmatch_exact_direct,synthetic_barcode,one_substitution,500,96,32,0,0.010,0.000,0.000043,11627912.9,0.00,0.00,14704,0,0,0
dotmatch_exact_batch,synthetic_barcode,one_substitution,500,96,32,0,0.010,0.000,0.000041,12195098.3,0.00,0.00,14704,0,0,0
dotmatch_scan,synthetic_barcode,one_substitution,500,96,32,0,0.010,0.000,0.000083,6024101.2,96.00,96.00,14704,0,0,0
edlib_native_scan,synthetic_barcode,one_substitution,500,96,32,0,0.010,0.000,0.014586,34279.4,96.00,96.00,14704,0,0,0
exact_hash_lookup,synthetic_barcode,one_substitution,500,96,32,0,0.010,0.000,0.000021,23809606.5,0.00,0.00,14704,0,0,0
dotmatch_indexed,synthetic_barcode,one_substitution,500,96,32,0,0.030,0.000,0.000058,8620693.2,0.00,0.00,14704,0,0,0
dotmatch_exact_direct,synthetic_barcode,one_substitution,500,96,32,0,0.030,0.000,0.000044,11363640.0,0.00,0.00,14704,0,0,0
dotmatch_exact_batch,synthetic_barcode,one_substitution,500,96,32,0,0.030,0.000,0.000040,12499977.6,0.00,0.00,14704,0,0,0
dotmatch_scan,synthetic_barcode,one_substitution,500,96,32,0,0.030,0.000,0.000083,6024101.2,96.00,96.00,14704,0,0,0
edlib_native_scan,synthetic_barcode,one_substitution,500,96,32,0,0.030,0.000,0.014628,34181.0,96.00,96.00,14704,0,0,0
exact_hash_lookup,synthetic_barcode,one_substitution,500,96,32,0,0.030,0.000,0.000020,25000100.7,0.00,0.00,14704,0,0,0
dotmatch_indexed,synthetic_barcode,exact,500,96,32,1,0.000,0.000,0.001126,444049.7,1.00,1.00,14704,443757,0,0
dotmatch_scan,synthetic_barcode,exact,500,96,32,1,0.000,0.000,0.000086,5813956.4,96.00,96.00,14704,443757,0,0
edlib_native_scan,synthetic_barcode,exact,500,96,32,1,0.000,0.000,0.022571,22152.3,96.00,96.00,14704,443757,0,0
bk_tree,synthetic_barcode,exact,500,96,32,1,0.000,0.000,0.001293,386697.6,15.38,15.38,14704,443757,0,0
neighbor_lookup,synthetic_barcode,exact,500,96,32,1,0.000,0.000,0.005549,90106.3,1.00,1.00,14704,443757,0,0
dotmatch_indexed,synthetic_barcode,one_substitution,500,96,32,1,0.000,0.000,0.001178,424448.2,1.00,1.00,14704,471514,0,0
dotmatch_scan,synthetic_barcode,one_substitution,500,96,32,1,0.000,0.000,0.000086,5813956.4,96.00,96.00,14704,471514,0,0
edlib_native_scan,synthetic_barcode,one_substitution,500,96,32,1,0.000,0.000,0.022531,22191.6,96.00,96.00,14704,471514,0,0
bk_tree,synthetic_barcode,one_substitution,500,96,32,1,0.000,0.000,0.001186,421585.1,14.75,14.75,14704,471514,0,0
neighbor_lookup,synthetic_barcode,one_substitution,500,96,32,1,0.000,0.000,0.005881,85019.6,1.00,1.00,14704,471514,0,0
dotmatch_indexed,synthetic_barcode,one_substitution,500,96,32,1,0.005,0.000,0.001187,421230.0,1.00,1.00,14704,481425,0,0
dotmatch_scan,synthetic_barcode,one_substitution,500,96,32,1,0.005,0.000,0.000093,5376343.5,96.00,96.00,14704,481425,0,0
edlib_native_scan,synthetic_barcode,one_substitution,500,96,32,1,0.005,0.000,0.022582,22141.5,96.00,96.00,14704,481425,0,0
bk_tree,synthetic_barcode,one_substitution,500,96,32,1,0.005,0.000,0.001119,446827.5,13.31,13.31,14704,481425,0,0
neighbor_lookup,synthetic_barcode,one_substitution,500,96,32,1,0.005,0.000,0.005730,87260.0,1.00,1.00,14704,481425,0,0
dotmatch_indexed,synthetic_barcode,one_substitution,500,96,32,1,0.010,0.000,0.001152,434027.8,1.00,1.00,14704,467774,0,0
dotmatch_scan,synthetic_barcode,one_substitution,500,96,32,1,0.010,0.000,0.000085,5882348.4,96.00,96.00,14704,467774,0,0
edlib_native_scan,synthetic_barcode,one_substitution,500,96,32,1,0.010,0.000,0.022569,22154.3,96.00,96.00,14704,467774,0,0
bk_tree,synthetic_barcode,one_substitution,500,96,32,1,0.010,0.000,0.001305,383141.8,15.08,15.08,14704,467774,0,0
neighbor_lookup,synthetic_barcode,one_substitution,500,96,32,1,0.010,0.000,0.005756,86865.9,1.00,1.00,14704,467774,0,0
dotmatch_indexed,synthetic_barcode,one_substitution,500,96,32,1,0.030,0.000,0.001177,424808.8,1.00,1.00,14704,469474,0,0
dotmatch_scan,synthetic_barcode,one_substitution,500,96,32,1,0.030,0.000,0.000085,5882356.5,96.00,96.00,14704,469474,0,0
edlib_native_scan,synthetic_barcode,one_substitution,500,96,32,1,0.030,0.000,0.022870,21862.7,96.00,96.00,14704,469474,0,0
bk_tree,synthetic_barcode,one_substitution,500,96,32,1,0.030,0.000,0.001226,407830.3,15.13,15.13,14704,469474,0,0
neighbor_lookup,synthetic_barcode,one_substitution,500,96,32,1,0.030,0.000,0.005863,85280.6,1.00,1.00,14704,469474,0,0
dotmatch_indexed,synthetic_barcode,exact,500,96,32,2,0.000,0.000,0.057725,8661.8,1.00,1.00,14704,468050,0,0
dotmatch_scan,synthetic_barcode,exact,500,96,32,2,0.000,0.000,0.007668,65206.1,96.00,96.00,14704,468050,0,0
edlib_native_scan,synthetic_barcode,exact,500,96,32,2,0.000,0.000,0.022309,22412.5,96.00,96.00,14704,468050,0,0
dotmatch_indexed,synthetic_barcode,one_substitution,500,96,32,2,0.000,0.000,0.056738,8812.4,1.00,1.00,14704,452474,0,0
dotmatch_scan,synthetic_barcode,one_substitution,500,96,32,2,0.000,0.000,0.007873,63508.2,96.00,96.00,14704,452474,0,0
edlib_native_scan,synthetic_barcode,one_substitution,500,96,32,2,0.000,0.000,0.022316,22405.4,96.00,96.00,14704,452474,0,0
dotmatch_indexed,synthetic_barcode,one_substitution,500,96,32,2,0.005,0.000,0.057189,8742.9,1.00,1.00,14704,482411,0,0
dotmatch_scan,synthetic_barcode,one_substitution,500,96,32,2,0.005,0.000,0.008014,62390.8,96.00,96.00,14704,482411,0,0
edlib_native_scan,synthetic_barcode,one_substitution,500,96,32,2,0.005,0.000,0.023222,21531.3,96.00,96.00,14704,482411,0,0
dotmatch_indexed,synthetic_barcode,one_substitution,500,96,32,2,0.010,0.000,0.057380,8713.8,1.00,1.00,14704,454514,0,0
dotmatch_scan,synthetic_barcode,one_substitution,500,96,32,2,0.010,0.000,0.008050,62111.8,96.00,96.00,14704,454514,0,0
edlib_native_scan,synthetic_barcode,one_substitution,500,96,32,2,0.010,0.000,0.022406,22315.5,96.00,96.00,14704,454514,0,0
dotmatch_indexed,synthetic_barcode,one_substitution,500,96,32,2,0.030,0.000,0.056778,8806.2,1.00,1.00,14704,467825,0,0
dotmatch_scan,synthetic_barcode,one_substitution,500,96,32,2,0.030,0.000,0.008063,62011.7,96.00,96.00,14704,467825,0,0
edlib_native_scan,synthetic_barcode,one_substitution,500,96,32,2,0.030,0.000,0.022478,22244.0,96.00,96.00,14704,467825,0,0
dotmatch_indexed,synthetic_barcode,one_insertion,500,96,32,2,0.000,0.031,0.013005,38446.8,1.00,1.00,14704,482972,0,0
dotmatch_scan,synthetic_barcode,one_insertion,500,96,32,2,0.000,0.031,0.008062,62019.3,96.00,96.00,14704,482972,0,0
edlib_native_scan,synthetic_barcode,one_insertion,500,96,32,2,0.000,0.031,0.022761,21967.4,96.00,96.00,14704,482972,0,0
dotmatch_indexed,synthetic_barcode,one_deletion,500,96,32,2,0.000,0.031,0.130237,3839.2,1.00,1.00,14704,465530,0,0
dotmatch_scan,synthetic_barcode,one_deletion,500,96,32,2,0.000,0.031,0.007842,63759.2,96.00,96.00,14704,465530,0,0
edlib_native_scan,synthetic_barcode,one_deletion,500,96,32,2,0.000,0.031,0.022529,22193.6,96.00,96.00,14704,465530,0,0
dotmatch_indexed,synthetic_barcode,exact,500,737,32,0,0.000,0.000,0.000071,7042257.6,1.00,1.00,14736,3080610,0,0
dotmatch_exact_direct,synthetic_barcode,exact,500,737,32,0,0.000,0.000,0.000059,8474578.6,1.00,1.00,14736,3080610,0,0
dotmatch_exact_batch,synthetic_barcode,exact,500,737,32,0,0.000,0.000,0.000056,8928559.1,1.00,1.00,14736,3080610,0,0
dotmatch_scan,synthetic_barcode,exact,500,737,32,0,0.000,0.000,0.000603,829187.5,737.00,737.00,14736,3080610,0,0
edlib_native_scan,synthetic_barcode,exact,500,737,32,0,0.000,0.000,0.111751,4474.2,737.00,737.00,14736,3080610,0,0
exact_hash_lookup,synthetic_barcode,exact,500,737,32,0,0.000,0.000,0.000067,7462681.6,1.00,1.00,14784,3080610,0,0
dotmatch_indexed,synthetic_barcode,one_substitution,500,737,32,0,0.000,0.000,0.000075,6666667.6,0.00,0.00,14784,0,0,0
dotmatch_exact_direct,synthetic_barcode,one_substitution,500,737,32,0,0.000,0.000,0.000065,7692304.2,0.00,0.00,14784,0,0,0
dotmatch_exact_batch,synthetic_barcode,one_substitution,500,737,32,0,0.000,0.000,0.000062,8064515.3,0.00,0.00,14784,0,0,0
dotmatch_scan,synthetic_barcode,one_substitution,500,737,32,0,0.000,0.000,0.000614,814332.4,737.00,737.00,14784,0,0,0
edlib_native_scan,synthetic_barcode,one_substitution,500,737,32,0,0.000,0.000,0.111194,4496.6,737.00,737.00,14784,0,0,0
exact_hash_lookup,synthetic_barcode,one_substitution,500,737,32,0,0.000,0.000,0.000059,8474578.6,0.00,0.00,14784,0,0,0
dotmatch_indexed,synthetic_barcode,one_substitution,500,737,32,0,0.005,0.000,0.000078,6410255.4,0.00,0.00,14784,0,0,0
dotmatch_exact_direct,synthetic_barcode,one_substitution,500,737,32,0,0.005,0.000,0.000072,6944447.7,0.00,0.00,14784,0,0,0
dotmatch_exact_batch,synthetic_barcode,one_substitution,500,737,32,0,0.005,0.000,0.000064,7812497.4,0.00,0.00,14784,0,0,0
dotmatch_scan,synthetic_barcode,one_substitution,500,737,32,0,0.005,0.000,0.000601,831946.7,737.00,737.00,14784,0,0,0
edlib_native_scan,synthetic_barcode,one_substitution,500,737,32,0,0.005,0.000,0.109375,4571.4,737.00,737.00,14784,0,0,0
exact_hash_lookup,synthetic_barcode,one_substitution,500,737,32,0,0.005,0.000,0.000059,8474578.6,0.00,0.00,14784,0,0,0
dotmatch_indexed,synthetic_barcode,one_substitution,500,737,32,0,0.010,0.000,0.000078,6410255.4,0.00,0.00,14784,0,0,0
dotmatch_exact_direct,synthetic_barcode,one_substitution,500,737,32,0,0.010,0.000,0.000067,7462681.6,0.00,0.00,14784,0,0,0
dotmatch_exact_batch,synthetic_barcode,one_substitution,500,737,32,0,0.010,0.000,0.000079,6329112.4,0.00,0.00,14784,0,0,0
dotmatch_scan,synthetic_barcode,one_substitution,500,737,32,0,0.010,0.000,0.000632,791139.3,737.00,737.00,14784,0,0,0
edlib_native_scan,synthetic_barcode,one_substitution,500,737,32,0,0.010,0.000,0.109693,4558.2,737.00,737.00,14784,0,0,0
exact_hash_lookup,synthetic_barcode,one_substitution,500,737,32,0,0.010,0.000,0.000060,8333334.6,0.00,0.00,14784,0,0,0
dotmatch_indexed,synthetic_barcode,one_substitution,500,737,32,0,0.030,0.000,0.000077,6493506.1,0.00,0.00,14784,0,0,0
dotmatch_exact_direct,synthetic_barcode,one_substitution,500,737,32,0,0.030,0.000,0.000068,7352948.1,0.00,0.00,14784,0,0,0
dotmatch_exact_batch,synthetic_barcode,one_substitution,500,737,32,0,0.030,0.000,0.000065,7692304.2,0.00,0.00,14784,0,0,0
dotmatch_scan,synthetic_barcode,one_substitution,500,737,32,0,0.030,0.000,0.000603,829187.3,737.00,737.00,14784,0,0,0
edlib_native_scan,synthetic_barcode,one_substitution,500,737,32,0,0.030,0.000,0.109864,4551.1,737.00,737.00,14784,0,0,0
exact_hash_lookup,synthetic_barcode,one_substitution,500,737,32,0,0.030,0.000,0.000061,8196721.5,0.00,0.00,14784,0,0,0
dotmatch_indexed,synthetic_barcode,exact,500,737,32,1,0.000,0.000,0.001162,430292.6,1.00,1.00,14784,3181964,0,0
dotmatch_scan,synthetic_barcode,exact,500,737,32,1,0.000,0.000,0.000603,829187.5,737.00,737.00,14784,3181964,0,0
edlib_native_scan,synthetic_barcode,exact,500,737,32,1,0.000,0.000,0.171015,2923.7,737.00,737.00,14784,3181964,0,0
bk_tree,synthetic_barcode,exact,500,737,32,1,0.000,0.000,0.004410,113378.7,46.39,46.39,14784,3181964,0,0
neighbor_lookup,synthetic_barcode,exact,500,737,32,1,0.000,0.000,0.005865,85251.5,1.00,1.00,14784,3181964,0,0
dotmatch_indexed,synthetic_barcode,one_substitution,500,737,32,1,0.000,0.000,0.001180,423728.8,1.00,1.00,14784,3182062,0,0
dotmatch_scan,synthetic_barcode,one_substitution,500,737,32,1,0.000,0.000,0.000603,829187.3,737.00,737.00,14784,3182062,0,0
edlib_native_scan,synthetic_barcode,one_substitution,500,737,32,1,0.000,0.000,0.171274,2919.3,737.00,737.00,14784,3182062,0,0
bk_tree,synthetic_barcode,one_substitution,500,737,32,1,0.000,0.000,0.004358,114731.5,45.74,45.74,14784,3182062,0,0
neighbor_lookup,synthetic_barcode,one_substitution,500,737,32,1,0.000,0.000,0.005901,84731.4,1.00,1.00,14784,3182062,0,0
dotmatch_indexed,synthetic_barcode,one_substitution,500,737,32,1,0.005,0.000,0.001170,427350.4,1.00,1.00,14784,3069046,0,0
dotmatch_scan,synthetic_barcode,one_substitution,500,737,32,1,0.005,0.000,0.000590,847457.7,737.00,737.00,14784,3069046,0,0
edlib_native_scan,synthetic_barcode,one_substitution,500,737,32,1,0.005,0.000,0.173309,2885.0,737.00,737.00,14784,3069046,0,0
bk_tree,synthetic_barcode,one_substitution,500,737,32,1,0.005,0.000,0.004724,105842.5,49.26,49.26,14784,3069046,0,0
neighbor_lookup,synthetic_barcode,one_substitution,500,737,32,1,0.005,0.000,0.005868,85207.9,1.00,1.00,14784,3069046,0,0
dotmatch_indexed,synthetic_barcode,one_substitution,500,737,32,1,0.010,0.000,0.001287,388500.4,1.00,1.00,14784,3242837,0,0
dotmatch_scan,synthetic_barcode,one_substitution,500,737,32,1,0.010,0.000,0.000614,814332.2,737.00,737.00,14784,3242837,0,0
edlib_native_scan,synthetic_barcode,one_substitution,500,737,32,1,0.010,0.000,0.174028,2873.1,737.00,737.00,14784,3242837,0,0
bk_tree,synthetic_barcode,one_substitution,500,737,32,1,0.010,0.000,0.004492,111309.0,48.02,48.02,14784,3242837,0,0
neighbor_lookup,synthetic_barcode,one_substitution,500,737,32,1,0.010,0.000,0.006009,83208.5,1.00,1.00,14784,3242837,0,0
dotmatch_indexed,synthetic_barcode,one_substitution,500,737,32,1,0.030,0.000,0.001175,425531.9,1.00,1.00,14784,3098014,0,0
dotmatch_scan,synthetic_barcode,one_substitution,500,737,32,1,0.030,0.000,0.000602,830564.9,737.00,737.00,14784,3098014,0,0
edlib_native_scan,synthetic_barcode,one_substitution,500,737,32,1,0.030,0.000,0.174068,2872.4,737.00,737.00,14784,3098014,0,0
bk_tree,synthetic_barcode,one_substitution,500,737,32,1,0.030,0.000,0.004844,103220.5,49.96,49.96,14784,3098014,0,0
neighbor_lookup,synthetic_barcode,one_substitution,500,737,32,1,0.030,0.000,0.006078,82263.9,1.00,1.00,14784,3098014,0,0
dotmatch_indexed,synthetic_barcode,exact,500,737,32,2,0.000,0.000,0.059928,8343.3,1.00,1.00,14784,3239951,0,0
dotmatch_scan,synthetic_barcode,exact,500,737,32,2,0.000,0.000,0.061294,8157.4,737.00,737.00,14784,3239951,0,0
edlib_native_scan,synthetic_barcode,exact,500,737,32,2,0.000,0.000,0.170950,2924.8,737.00,737.00,14784,3239951,0,0
dotmatch_indexed,synthetic_barcode,one_substitution,500,737,32,2,0.000,0.000,0.057599,8680.7,1.00,1.00,14784,3169193,0,0
dotmatch_scan,synthetic_barcode,one_substitution,500,737,32,2,0.000,0.000,0.062669,7978.4,737.00,737.00,14784,3169193,0,0
edlib_native_scan,synthetic_barcode,one_substitution,500,737,32,2,0.000,0.000,0.171871,2909.2,737.00,737.00,14784,3169193,0,0
dotmatch_indexed,synthetic_barcode,one_substitution,500,737,32,2,0.005,0.000,0.059094,8461.1,1.00,1.00,14784,3165283,0,0
dotmatch_scan,synthetic_barcode,one_substitution,500,737,32,2,0.005,0.000,0.061311,8155.1,737.00,737.00,14784,3165283,0,0
edlib_native_scan,synthetic_barcode,one_substitution,500,737,32,2,0.005,0.000,0.170884,2926.0,737.00,737.00,14784,3165283,0,0
dotmatch_indexed,synthetic_barcode,one_substitution,500,737,32,2,0.010,0.000,0.057925,8631.9,1.00,1.00,14784,3218629,0,0
dotmatch_scan,synthetic_barcode,one_substitution,500,737,32,2,0.010,0.000,0.060332,8287.5,737.00,737.00,14784,3218629,0,0
edlib_native_scan,synthetic_barcode,one_substitution,500,737,32,2,0.010,0.000,0.171625,2913.3,737.00,737.00,14784,3218629,0,0
dotmatch_indexed,synthetic_barcode,one_substitution,500,737,32,2,0.030,0.000,0.058876,8492.4,1.00,1.00,14784,3202105,0,0
dotmatch_scan,synthetic_barcode,one_substitution,500,737,32,2,0.030,0.000,0.061396,8143.9,737.00,737.00,14784,3202105,0,0
edlib_native_scan,synthetic_barcode,one_substitution,500,737,32,2,0.030,0.000,0.171079,2922.6,737.00,737.00,14784,3202105,0,0
dotmatch_indexed,synthetic_barcode,one_insertion,500,737,32,2,0.000,0.031,0.013178,37942.0,1.00,1.00,14784,3230478,0,0
dotmatch_scan,synthetic_barcode,one_insertion,500,737,32,2,0.000,0.031,0.062265,8030.2,737.00,737.00,14784,3230478,0,0
edlib_native_scan,synthetic_barcode,one_insertion,500,737,32,2,0.000,0.031,0.174509,2865.2,737.00,737.00,14784,3230478,0,0
dotmatch_indexed,synthetic_barcode,one_deletion,500,737,32,2,0.000,0.031,0.131274,3808.8,1.00,1.00,14784,3255247,0,0
dotmatch_scan,synthetic_barcode,one_deletion,500,737,32,2,0.000,0.031,0.060690,8238.6,737.00,737.00,14784,3255247,0,0
edlib_native_scan,synthetic_barcode,one_deletion,500,737,32,2,0.000,0.031,0.173262,2885.8,737.00,737.00,14784,3255247,0,0
dotmatch_indexed,synthetic_barcode,exact,500,4096,32,0,0.000,0.000,0.000077,6493506.1,1.00,1.00,18864,16892872,0,0
dotmatch_exact_direct,synthetic_barcode,exact,500,4096,32,0,0.000,0.000,0.000071,7042257.6,1.00,1.00,18864,16892872,0,0
dotmatch_exact_batch,synthetic_barcode,exact,500,4096,32,0,0.000,0.000,0.000073,6849317.5,1.00,1.00,18864,16892872,0,0
dotmatch_scan,synthetic_barcode,exact,500,4096,32,0,0.000,0.000,0.003482,143595.6,4096.00,4096.00,18864,16892872,0,0
edlib_native_scan,synthetic_barcode,exact,500,4096,32,0,0.000,0.000,0.615052,812.9,4096.00,4096.00,18864,16892872,0,0
exact_hash_lookup,synthetic_barcode,exact,500,4096,32,0,0.000,0.000,0.000324,1543209.8,1.00,1.00,19200,16892872,0,0
dotmatch_indexed,synthetic_barcode,one_substitution,500,4096,32,0,0.000,0.000,0.000082,6097557.8,0.00,0.00,19200,0,0,0
dotmatch_exact_direct,synthetic_barcode,one_substitution,500,4096,32,0,0.000,0.000,0.000073,6849317.5,0.00,0.00,19200,0,0,0
dotmatch_exact_batch,synthetic_barcode,one_substitution,500,4096,32,0,0.000,0.000,0.000065,7692304.2,0.00,0.00,19200,0,0,0
dotmatch_scan,synthetic_barcode,one_substitution,500,4096,32,0,0.000,0.000,0.003335,149925.0,4096.00,4096.00,19200,0,0,0
edlib_native_scan,synthetic_barcode,one_substitution,500,4096,32,0,0.000,0.000,0.615947,811.8,4096.00,4096.00,19200,0,0,0
exact_hash_lookup,synthetic_barcode,one_substitution,500,4096,32,0,0.000,0.000,0.000277,1805054.1,0.00,0.00,19216,0,0,0
dotmatch_indexed,synthetic_barcode,one_substitution,500,4096,32,0,0.005,0.000,0.000086,5813948.6,0.00,0.00,19216,0,0,0
dotmatch_exact_direct,synthetic_barcode,one_substitution,500,4096,32,0,0.005,0.000,0.000073,6849317.5,0.00,0.00,19216,0,0,0
dotmatch_exact_batch,synthetic_barcode,one_substitution,500,4096,32,0,0.005,0.000,0.000069,7246382.8,0.00,0.00,19216,0,0,0
dotmatch_scan,synthetic_barcode,one_substitution,500,4096,32,0,0.005,0.000,0.003495,143061.5,4096.00,4096.00,19216,0,0,0
edlib_native_scan,synthetic_barcode,one_substitution,500,4096,32,0,0.005,0.000,0.611458,817.7,4096.00,4096.00,19216,0,0,0
exact_hash_lookup,synthetic_barcode,one_substitution,500,4096,32,0,0.005,0.000,0.000271,1845018.7,0.00,0.00,19216,0,0,0
dotmatch_indexed,synthetic_barcode,one_substitution,500,4096,32,0,0.010,0.000,0.000085,5882348.4,0.00,0.00,19216,0,0,0
dotmatch_exact_direct,synthetic_barcode,one_substitution,500,4096,32,0,0.010,0.000,0.000073,6849317.5,0.00,0.00,19216,0,0,0
dotmatch_exact_batch,synthetic_barcode,one_substitution,500,4096,32,0,0.010,0.000,0.000072,6944447.7,0.00,0.00,19216,0,0,0
dotmatch_scan,synthetic_barcode,one_substitution,500,4096,32,0,0.010,0.000,0.003435,145560.4,4096.00,4096.00,19216,0,0,0
edlib_native_scan,synthetic_barcode,one_substitution,500,4096,32,0,0.010,0.000,0.615054,812.9,4096.00,4096.00,19216,0,0,0
exact_hash_lookup,synthetic_barcode,one_substitution,500,4096,32,0,0.010,0.000,0.000269,1858736.4,0.00,0.00,19216,0,0,0
dotmatch_indexed,synthetic_barcode,one_substitution,500,4096,32,0,0.030,0.000,0.000076,6578947.7,0.00,0.00,19216,0,0,0
dotmatch_exact_direct,synthetic_barcode,one_substitution,500,4096,32,0,0.030,0.000,0.000068,7352935.5,0.00,0.00,19216,0,0,0
dotmatch_exact_batch,synthetic_barcode,one_substitution,500,4096,32,0,0.030,0.000,0.000067,7462694.6,0.00,0.00,19216,0,0,0
dotmatch_scan,synthetic_barcode,one_substitution,500,4096,32,0,0.030,0.000,0.003317,150738.6,4096.00,4096.00,19216,0,0,0
edlib_native_scan,synthetic_barcode,one_substitution,500,4096,32,0,0.030,0.000,0.612480,816.4,4096.00,4096.00,19216,0,0,0
exact_hash_lookup,synthetic_barcode,one_substitution,500,4096,32,0,0.030,0.000,0.000311,1607716.8,0.00,0.00,19216,0,0,0
dotmatch_indexed,synthetic_barcode,exact,500,4096,32,1,0.000,0.000,0.001114,448833.0,1.00,1.00,19216,17197495,0,0
dotmatch_scan,synthetic_barcode,exact,500,4096,32,1,0.000,0.000,0.002977,167954.3,4096.00,4096.00,19216,17197495,0,0
edlib_native_scan,synthetic_barcode,exact,500,4096,32,1,0.000,0.000,0.954167,524.0,4096.00,4096.00,19216,17197495,0,0
bk_tree,synthetic_barcode,exact,500,4096,32,1,0.000,0.000,0.014595,34258.3,128.86,128.86,19248,17197495,0,0
neighbor_lookup,synthetic_barcode,exact,500,4096,32,1,0.000,0.000,0.006185,80840.7,1.00,1.00,19248,17197495,0,0
dotmatch_indexed,synthetic_barcode,one_substitution,500,4096,32,1,0.000,0.000,0.001166,428816.5,1.00,1.00,19248,16482233,0,0
dotmatch_scan,synthetic_barcode,one_substitution,500,4096,32,1,0.000,0.000,0.002950,169491.5,4096.00,4096.00,19248,16482233,0,0
edlib_native_scan,synthetic_barcode,one_substitution,500,4096,32,1,0.000,0.000,0.962864,519.3,4096.00,4096.00,19248,16482233,0,0
bk_tree,synthetic_barcode,one_substitution,500,4096,32,1,0.000,0.000,0.014463,34571.0,128.33,128.33,19248,16482233,0,0
neighbor_lookup,synthetic_barcode,one_substitution,500,4096,32,1,0.000,0.000,0.006219,80398.8,1.00,1.00,19248,16482233,0,0
dotmatch_indexed,synthetic_barcode,one_substitution,500,4096,32,1,0.005,0.000,0.001190,420168.1,1.00,1.00,19248,17811667,0,0
dotmatch_scan,synthetic_barcode,one_substitution,500,4096,32,1,0.005,0.000,0.003269,152952.0,4096.00,4096.00,19248,17811667,0,0
edlib_native_scan,synthetic_barcode,one_substitution,500,4096,32,1,0.005,0.000,0.951565,525.5,4096.00,4096.00,19248,17811667,0,0
bk_tree,synthetic_barcode,one_substitution,500,4096,32,1,0.005,0.000,0.013981,35762.8,121.89,121.89,19248,17811667,0,0
neighbor_lookup,synthetic_barcode,one_substitution,500,4096,32,1,0.005,0.000,0.006192,80749.4,1.00,1.00,19248,17811667,0,0
dotmatch_indexed,synthetic_barcode,one_substitution,500,4096,32,1,0.010,0.000,0.001176,425170.1,1.00,1.00,19248,16902626,0,0
dotmatch_scan,synthetic_barcode,one_substitution,500,4096,32,1,0.010,0.000,0.002862,174703.0,4096.00,4096.00,19248,16902626,0,0
edlib_native_scan,synthetic_barcode,one_substitution,500,4096,32,1,0.010,0.000,0.966641,517.3,4096.00,4096.00,19248,16902626,0,0
bk_tree,synthetic_barcode,one_substitution,500,4096,32,1,0.010,0.000,0.014241,35109.9,125.29,125.29,19248,16902626,0,0
neighbor_lookup,synthetic_barcode,one_substitution,500,4096,32,1,0.010,0.000,0.006276,79668.6,1.00,1.00,19248,16902626,0,0
dotmatch_indexed,synthetic_barcode,one_substitution,500,4096,32,1,0.030,0.000,0.001168,428082.2,1.00,1.00,19248,17750773,0,0
dotmatch_scan,synthetic_barcode,one_substitution,500,4096,32,1,0.030,0.000,0.002857,175008.8,4096.00,4096.00,19248,17750773,0,0
edlib_native_scan,synthetic_barcode,one_substitution,500,4096,32,1,0.030,0.000,0.944150,529.6,4096.00,4096.00,19248,17750773,0,0
bk_tree,synthetic_barcode,one_substitution,500,4096,32,1,0.030,0.000,0.015088,33138.9,134.18,134.18,19248,17750773,0,0
neighbor_lookup,synthetic_barcode,one_substitution,500,4096,32,1,0.030,0.000,0.006199,80658.2,1.00,1.00,19248,17750773,0,0
dotmatch_indexed,synthetic_barcode,exact,500,4096,32,2,0.000,0.000,0.052276,9564.6,1.00,1.00,19248,17145050,0,0
dotmatch_scan,synthetic_barcode,exact,500,4096,32,2,0.000,0.000,0.334908,1492.9,4096.00,4096.00,19248,17145050,0,0
edlib_native_scan,synthetic_barcode,exact,500,4096,32,2,0.000,0.000,0.928443,538.5,4096.00,4096.00,19248,17145050,0,0
dotmatch_indexed,synthetic_barcode,one_substitution,500,4096,32,2,0.000,0.000,0.050573,9886.7,1.00,1.00,19248,17731971,0,0
dotmatch_scan,synthetic_barcode,one_substitution,500,4096,32,2,0.000,0.000,0.335523,1490.2,4096.00,4096.00,19248,17731971,0,0
edlib_native_scan,synthetic_barcode,one_substitution,500,4096,32,2,0.000,0.000,0.928394,538.6,4096.00,4096.00,19248,17731971,0,0
dotmatch_indexed,synthetic_barcode,one_substitution,500,4096,32,2,0.005,0.000,0.050599,9881.6,1.00,1.00,19248,17804272,0,0
dotmatch_scan,synthetic_barcode,one_substitution,500,4096,32,2,0.005,0.000,0.336134,1487.5,4096.00,4096.00,19248,17804272,0,0
edlib_native_scan,synthetic_barcode,one_substitution,500,4096,32,2,0.005,0.000,0.929744,537.8,4096.00,4096.00,19248,17804272,0,0
dotmatch_indexed,synthetic_barcode,one_substitution,500,4096,32,2,0.010,0.000,0.050731,9855.9,1.00,1.00,19248,16947030,0,0
dotmatch_scan,synthetic_barcode,one_substitution,500,4096,32,2,0.010,0.000,0.335305,1491.2,4096.00,4096.00,19248,16947030,0,0
edlib_native_scan,synthetic_barcode,one_substitution,500,4096,32,2,0.010,0.000,0.933542,535.6,4096.00,4096.00,19248,16947030,0,0
dotmatch_indexed,synthetic_barcode,one_substitution,500,4096,32,2,0.030,0.000,0.050510,9899.0,1.00,1.00,19248,17137277,0,0
dotmatch_scan,synthetic_barcode,one_substitution,500,4096,32,2,0.030,0.000,0.336406,1486.3,4096.00,4096.00,19248,17137277,0,0
edlib_native_scan,synthetic_barcode,one_substitution,500,4096,32,2,0.030,0.000,0.938347,532.9,4096.00,4096.00,19248,17137277,0,0
dotmatch_indexed,synthetic_barcode,one_insertion,500,4096,32,2,0.000,0.031,0.011747,42564.1,1.00,1.00,19248,17043403,0,0
dotmatch_scan,synthetic_barcode,one_insertion,500,4096,32,2,0.000,0.031,0.339577,1472.4,4096.00,4096.00,19248,17043403,0,0
edlib_native_scan,synthetic_barcode,one_insertion,500,4096,32,2,0.000,0.031,0.948148,527.3,4096.00,4096.00,19248,17043403,0,0
dotmatch_indexed,synthetic_barcode,one_deletion,500,4096,32,2,0.000,0.031,0.114811,4355.0,1.00,1.00,19248,18048358,0,0
dotmatch_scan,synthetic_barcode,one_deletion,500,4096,32,2,0.000,0.031,0.333711,1498.3,4096.00,4096.00,19248,18048358,0,0
edlib_native_scan,synthetic_barcode,one_deletion,500,4096,32,2,0.000,0.031,0.944337,529.5,4096.00,4096.00,19248,18048358,0,0
dotmatch_indexed,synthetic_barcode,exact,500,96,16,0,0.000,0.000,0.000024,20833376.8,1.00,1.00,1760,454433,0,1
dotmatch_exact_direct,synthetic_barcode,exact,500,96,16,0,0.000,0.000,0.000018,27777745.9,1.00,1.00,1760,454433,0,1
dotmatch_exact_batch,synthetic_barcode,exact,500,96,16,0,0.000,0.000,0.000019,26315750.3,1.00,1.00,1760,454433,0,1
dotmatch_scan,synthetic_barcode,exact,500,96,16,0,0.000,0.000,0.000090,5555556.4,96.00,96.00,1760,454433,0,1
edlib_native_scan,synthetic_barcode,exact,500,96,16,0,0.000,0.000,0.012938,38645.8,96.00,96.00,1760,454433,0,1
exact_hash_lookup,synthetic_barcode,exact,500,96,16,0,0.000,0.000,0.000011,45454680.4,1.00,1.00,1776,454433,0,1
dotmatch_indexed,synthetic_barcode,one_substitution,500,96,16,0,0.000,0.000,0.000035,14285700.5,0.00,0.00,1824,0,0,1
dotmatch_exact_direct,synthetic_barcode,one_substitution,500,96,16,0,0.000,0.000,0.000030,16666669.1,0.00,0.00,1824,0,0,1
dotmatch_exact_batch,synthetic_barcode,one_substitution,500,96,16,0,0.000,0.000,0.000028,17857155.4,0.00,0.00,1824,0,0,1
dotmatch_scan,synthetic_barcode,one_substitution,500,96,16,0,0.000,0.000,0.000091,5494505.8,96.00,96.00,1824,0,0,1
edlib_native_scan,synthetic_barcode,one_substitution,500,96,16,0,0.000,0.000,0.013178,37942.0,96.00,96.00,1824,0,0,1
exact_hash_lookup,synthetic_barcode,one_substitution,500,96,16,0,0.000,0.000,0.000010,49999619.3,0.00,0.00,1824,0,0,1
dotmatch_indexed,synthetic_barcode,one_substitution,500,96,16,0,0.005,0.000,0.000035,14285748.1,0.00,0.00,1856,0,0,1
dotmatch_exact_direct,synthetic_barcode,one_substitution,500,96,16,0,0.005,0.000,0.000030,16666669.1,0.00,0.00,1856,0,0,1
dotmatch_exact_batch,synthetic_barcode,one_substitution,500,96,16,0,0.005,0.000,0.000028,17857081.1,0.00,0.00,1856,0,0,1
dotmatch_scan,synthetic_barcode,one_substitution,500,96,16,0,0.005,0.000,0.000095,5263163.0,96.00,96.00,1856,0,0,1
edlib_native_scan,synthetic_barcode,one_substitution,500,96,16,0,0.005,0.000,0.012962,38574.3,96.00,96.00,1856,0,0,1
exact_hash_lookup,synthetic_barcode,one_substitution,500,96,16,0,0.005,0.000,0.000009,55555851.1,0.00,0.00,1856,0,0,1
dotmatch_indexed,synthetic_barcode,one_substitution,500,96,16,0,0.010,0.000,0.000036,13888917.9,0.00,0.00,1872,0,0,1
dotmatch_exact_direct,synthetic_barcode,one_substitution,500,96,16,0,0.010,0.000,0.000029,17241386.5,0.00,0.00,1872,0,0,1
dotmatch_exact_batch,synthetic_barcode,one_substitution,500,96,16,0,0.010,0.000,0.000028,17857155.4,0.00,0.00,1872,0,0,1
dotmatch_scan,synthetic_barcode,one_substitution,500,96,16,0,0.010,0.000,0.000092,5434782.5,96.00,96.00,1872,0,0,1
edlib_native_scan,synthetic_barcode,one_substitution,500,96,16,0,0.010,0.000,0.013053,38305.4,96.00,96.00,1872,0,0,1
exact_hash_lookup,synthetic_barcode,one_substitution,500,96,16,0,0.010,0.000,0.000010,50000201.4,0.00,0.00,1872,0,0,1
dotmatch_indexed,synthetic_barcode,one_substitution,500,96,16,0,0.030,0.000,0.000036,13888873.0,0.00,0.00,1904,0,0,1
dotmatch_exact_direct,synthetic_barcode,one_substitution,500,96,16,0,0.030,0.000,0.000030,16666669.1,0.00,0.00,1904,0,0,1
dotmatch_exact_batch,synthetic_barcode,one_substitution,500,96,16,0,0.030,0.000,0.000029,17241386.5,0.00,0.00,1904,0,0,1
dotmatch_scan,synthetic_barcode,one_substitution,500,96,16,0,0.030,0.000,0.000091,5494505.8,96.00,96.00,1904,0,0,1
edlib_native_scan,synthetic_barcode,one_substitution,500,96,16,0,0.030,0.000,0.012983,38511.9,96.00,96.00,1904,0,0,1
exact_hash_lookup,synthetic_barcode,one_substitution,500,96,16,0,0.030,0.000,0.000011,45454199.3,0.00,0.00,1920,0,0,1
dotmatch_indexed,synthetic_barcode,exact,500,96,16,1,0.000,0.000,0.000360,1388888.6,1.00,1.00,1936,443383,0,1
dotmatch_scan,synthetic_barcode,exact,500,96,16,1,0.000,0.000,0.000085,5882356.5,96.00,96.00,1936,443383,0,1
edlib_native_scan,synthetic_barcode,exact,500,96,16,1,0.000,0.000,0.018760,26652.5,96.00,96.00,1936,443383,0,1
bk_tree,synthetic_barcode,exact,500,96,16,1,0.000,0.000,0.001014,493096.7,21.95,21.95,1936,443383,0,1
neighbor_lookup,synthetic_barcode,exact,500,96,16,1,0.000,0.000,0.001248,400641.0,1.00,1.00,1936,443383,0,1
dotmatch_indexed,synthetic_barcode,one_substitution,500,96,16,1,0.000,0.000,0.000428,1168224.3,1.00,1.00,1936,470171,0,1
dotmatch_scan,synthetic_barcode,one_substitution,500,96,16,1,0.000,0.000,0.000095,5263156.5,96.00,96.00,1936,470171,0,1
edlib_native_scan,synthetic_barcode,one_substitution,500,96,16,1,0.000,0.000,0.018681,26765.2,96.00,96.00,1936,470171,0,1
bk_tree,synthetic_barcode,one_substitution,500,96,16,1,0.000,0.000,0.000931,537056.9,20.07,20.07,1952,470171,0,1
neighbor_lookup,synthetic_barcode,one_substitution,500,96,16,1,0.000,0.000,0.001518,329380.8,1.00,1.00,1952,470171,0,1
dotmatch_indexed,synthetic_barcode,one_substitution,500,96,16,1,0.005,0.000,0.000420,1190476.0,1.00,1.00,1952,450876,0,1
dotmatch_scan,synthetic_barcode,one_substitution,500,96,16,1,0.005,0.000,0.000073,6849317.5,96.00,96.00,1952,450876,0,1
edlib_native_scan,synthetic_barcode,one_substitution,500,96,16,1,0.005,0.000,0.018612,26864.4,96.00,96.00,1952,450876,0,1
bk_tree,synthetic_barcode,one_substitution,500,96,16,1,0.005,0.000,0.000982,509165.0,20.71,20.71,1968,450876,0,1
neighbor_lookup,synthetic_barcode,one_substitution,500,96,16,1,0.005,0.000,0.001461,342231.4,1.00,1.00,1968,450876,0,1
dotmatch_indexed,synthetic_barcode,one_substitution,500,96,16,1,0.010,0.000,0.000424,1179245.4,1.00,1.00,1968,477685,0,1
dotmatch_scan,synthetic_barcode,one_substitution,500,96,16,1,0.010,0.000,0.000095,5263156.5,96.00,96.00,1968,477685,0,1
edlib_native_scan,synthetic_barcode,one_substitution,500,96,16,1,0.010,0.000,0.018683,26762.3,96.00,96.00,1968,477685,0,1
bk_tree,synthetic_barcode,one_substitution,500,96,16,1,0.010,0.000,0.001031,484966.0,20.51,20.51,1968,477685,0,1
neighbor_lookup,synthetic_barcode,one_substitution,500,96,16,1,0.010,0.000,0.001388,360230.6,1.00,1.00,1968,477685,0,1
dotmatch_indexed,synthetic_barcode,one_substitution,500,96,16,1,0.030,0.000,0.000407,1228501.0,1.00,1.00,1984,467774,0,1
dotmatch_scan,synthetic_barcode,one_substitution,500,96,16,1,0.030,0.000,0.000083,6024101.2,96.00,96.00,1984,467774,0,1
edlib_native_scan,synthetic_barcode,one_substitution,500,96,16,1,0.030,0.000,0.018652,26806.8,96.00,96.00,1984,467774,0,1
bk_tree,synthetic_barcode,one_substitution,500,96,16,1,0.030,0.000,0.001002,499002.0,21.31,21.31,2000,467774,0,1
neighbor_lookup,synthetic_barcode,one_substitution,500,96,16,1,0.030,0.000,0.001367,365764.4,1.00,1.00,2000,467774,0,1
dotmatch_indexed,synthetic_barcode,exact,500,96,16,2,0.000,0.000,0.048417,10327.0,1.00,1.00,2032,448279,0,1
dotmatch_scan,synthetic_barcode,exact,500,96,16,2,0.000,0.000,0.004293,116468.7,96.00,96.00,2032,448279,0,1
edlib_native_scan,synthetic_barcode,exact,500,96,16,2,0.000,0.000,0.018212,27454.4,96.00,96.00,2032,448279,0,1
dotmatch_indexed,synthetic_barcode,one_substitution,500,96,16,2,0.000,0.000,0.047823,10455.2,1.00,1.00,2032,464408,0,1
dotmatch_scan,synthetic_barcode,one_substitution,500,96,16,2,0.000,0.000,0.004175,119760.5,96.00,96.00,2032,464408,0,1
edlib_native_scan,synthetic_barcode,one_substitution,500,96,16,2,0.000,0.000,0.018301,27320.9,96.00,96.00,2032,464408,0,1
dotmatch_indexed,synthetic_barcode,one_substitution,500,96,16,2,0.005,0.000,0.047832,10453.3,1.00,1.00,2032,486423,0,1
dotmatch_scan,synthetic_barcode,one_substitution,500,96,16,2,0.005,0.000,0.004182,119560.0,96.00,96.00,2032,486423,0,1
edlib_native_scan,synthetic_barcode,one_substitution,500,96,16,2,0.005,0.000,0.018346,27253.9,96.00,96.00,2032,486423,0,1
dotmatch_indexed,synthetic_barcode,one_substitution,500,96,16,2,0.010,0.000,0.047471,10532.7,1.00,1.00,2032,487460,0,1
dotmatch_scan,synthetic_barcode,one_substitution,500,96,16,2,0.010,0.000,0.004224,118371.2,96.00,96.00,2032,487460,0,1
edlib_native_scan,synthetic_barcode,one_substitution,500,96,16,2,0.010,0.000,0.018342,27259.8,96.00,96.00,2032,487460,0,1
dotmatch_indexed,synthetic_barcode,one_substitution,500,96,16,2,0.030,0.000,0.047557,10513.7,1.00,1.00,2032,464425,0,1
dotmatch_scan,synthetic_barcode,one_substitution,500,96,16,2,0.030,0.000,0.004225,118343.2,96.00,96.00,2032,464425,0,1
edlib_native_scan,synthetic_barcode,one_substitution,500,96,16,2,0.030,0.000,0.018267,27371.8,96.00,96.00,2032,464425,0,1
dotmatch_indexed,synthetic_barcode,one_insertion,500,96,16,2,0.000,0.062,0.052450,9532.9,1.00,1.00,2032,471837,0,1
dotmatch_scan,synthetic_barcode,one_insertion,500,96,16,2,0.000,0.062,0.004452,112309.1,96.00,96.00,2032,471837,0,1
edlib_native_scan,synthetic_barcode,one_insertion,500,96,16,2,0.000,0.062,0.018135,27571.0,96.00,96.00,2032,471837,0,1
dotmatch_indexed,synthetic_barcode,one_deletion,500,96,16,2,0.000,0.062,0.042964,11637.7,1.00,1.00,2032,469168,0,1
dotmatch_scan,synthetic_barcode,one_deletion,500,96,16,2,0.000,0.062,0.004233,118119.5,96.00,96.00,2032,469168,0,1
edlib_native_scan,synthetic_barcode,one_deletion,500,96,16,2,0.000,0.062,0.018681,26765.2,96.00,96.00,2032,469168,0,1
dotmatch_indexed,synthetic_barcode,exact,500,737,16,0,0.000,0.000,0.000038,13157875.2,1.00,1.00,3168,3180213,0,1
dotmatch_exact_direct,synthetic_barcode,exact,500,737,16,0,0.000,0.000,0.000032,15625051.6,1.00,1.00,3168,3180213,0,1
dotmatch_exact_batch,synthetic_barcode,exact,500,737,16,0,0.000,0.000,0.000030,16666669.1,1.00,1.00,3168,3180213,0,1
dotmatch_scan,synthetic_barcode,exact,500,737,16,0,0.000,0.000,0.000754,663129.9,737.00,737.00,3168,3180213,0,1
edlib_native_scan,synthetic_barcode,exact,500,737,16,0,0.000,0.000,0.097683,5118.6,737.00,737.00,3168,3180213,0,1
exact_hash_lookup,synthetic_barcode,exact,500,737,16,0,0.000,0.000,0.000031,16129030.6,1.00,1.00,3232,3180213,0,1
dotmatch_indexed,synthetic_barcode,one_substitution,500,737,16,0,0.000,0.000,0.000042,11904770.2,0.00,0.00,3280,0,0,1
dotmatch_exact_direct,synthetic_barcode,one_substitution,500,737,16,0,0.000,0.000,0.000038,13157915.5,0.00,0.00,3280,0,0,1
dotmatch_exact_batch,synthetic_barcode,one_substitution,500,737,16,0,0.000,0.000,0.000036,13888873.0,0.00,0.00,3280,0,0,1
dotmatch_scan,synthetic_barcode,one_substitution,500,737,16,0,0.000,0.000,0.000729,685871.1,737.00,737.00,3280,0,0,1
edlib_native_scan,synthetic_barcode,one_substitution,500,737,16,0,0.000,0.000,0.097555,5125.3,737.00,737.00,3280,0,0,1
exact_hash_lookup,synthetic_barcode,one_substitution,500,737,16,0,0.000,0.000,0.000025,20000034.0,0.00,0.00,3280,0,0,1
dotmatch_indexed,synthetic_barcode,one_substitution,500,737,16,0,0.005,0.000,0.000041,12195133.0,0.00,0.00,3280,0,0,1
dotmatch_exact_direct,synthetic_barcode,one_substitution,500,737,16,0,0.005,0.000,0.000037,13513495.7,0.00,0.00,3280,0,0,1
dotmatch_exact_batch,synthetic_barcode,one_substitution,500,737,16,0,0.005,0.000,0.000035,14285700.5,0.00,0.00,3280,0,0,1
dotmatch_scan,synthetic_barcode,one_substitution,500,737,16,0,0.005,0.000,0.000683,732064.5,737.00,737.00,3280,0,0,1
edlib_native_scan,synthetic_barcode,one_substitution,500,737,16,0,0.005,0.000,0.097559,5125.1,737.00,737.00,3280,0,0,1
exact_hash_lookup,synthetic_barcode,one_substitution,500,737,16,0,0.005,0.000,0.000026,19230795.0,0.00,0.00,3280,0,0,1
dotmatch_indexed,synthetic_barcode,one_substitution,500,737,16,0,0.010,0.000,0.000041,12195133.0,0.00,0.00,3280,0,0,1
dotmatch_exact_direct,synthetic_barcode,one_substitution,500,737,16,0,0.010,0.000,0.000036,13888873.0,0.00,0.00,3280,0,0,1
dotmatch_exact_batch,synthetic_barcode,one_substitution,500,737,16,0,0.010,0.000,0.000035,14285700.5,0.00,0.00,3280,0,0,1
dotmatch_scan,synthetic_barcode,one_substitution,500,737,16,0,0.010,0.000,0.000683,732064.5,737.00,737.00,3280,0,0,1
edlib_native_scan,synthetic_barcode,one_substitution,500,737,16,0,0.010,0.000,0.097483,5129.1,737.00,737.00,3280,0,0,1
exact_hash_lookup,synthetic_barcode,one_substitution,500,737,16,0,0.010,0.000,0.000027,18518537.2,0.00,0.00,3280,0,0,1
dotmatch_indexed,synthetic_barcode,one_substitution,500,737,16,0,0.030,0.000,0.000041,12195133.0,0.00,0.00,3280,0,0,1
dotmatch_exact_direct,synthetic_barcode,one_substitution,500,737,16,0,0.030,0.000,0.000038,13157875.2,0.00,0.00,3280,0,0,1
dotmatch_exact_batch,synthetic_barcode,one_substitution,500,737,16,0,0.030,0.000,0.000035,14285748.1,0.00,0.00,3280,0,0,1
dotmatch_scan,synthetic_barcode,one_substitution,500,737,16,0,0.030,0.000,0.000693,721500.7,737.00,737.00,3280,0,0,1
edlib_native_scan,synthetic_barcode,one_substitution,500,737,16,0,0.030,0.000,0.097911,5106.7,737.00,737.00,3280,0,0,1
exact_hash_lookup,synthetic_barcode,one_substitution,500,737,16,0,0.030,0.000,0.000027,18518537.2,0.00,0.00,3280,0,0,1
dotmatch_indexed,synthetic_barcode,exact,500,737,16,1,0.000,0.000,0.000401,1246883.1,1.00,1.00,3280,3120781,0,1
dotmatch_scan,synthetic_barcode,exact,500,737,16,1,0.000,0.000,0.000602,830564.7,737.00,737.00,3280,3120781,0,1
edlib_native_scan,synthetic_barcode,exact,500,737,16,1,0.000,0.000,0.140936,3547.7,737.00,737.00,3280,3120781,0,1
bk_tree,synthetic_barcode,exact,500,737,16,1,0.000,0.000,0.003867,129299.2,74.84,74.84,3360,3120781,0,1
neighbor_lookup,synthetic_barcode,exact,500,737,16,1,0.000,0.000,0.001427,350385.4,1.00,1.00,3408,3120781,0,1
dotmatch_indexed,synthetic_barcode,one_substitution,500,737,16,1,0.000,0.000,0.000424,1179245.4,1.00,1.00,3408,3167646,0,1
dotmatch_scan,synthetic_barcode,one_substitution,500,737,16,1,0.000,0.000,0.000605,826446.3,737.00,737.00,3408,3167646,0,1
edlib_native_scan,synthetic_barcode,one_substitution,500,737,16,1,0.000,0.000,0.141497,3533.6,737.00,737.00,3408,3167646,0,1
bk_tree,synthetic_barcode,one_substitution,500,737,16,1,0.000,0.000,0.004015,124533.0,76.75,76.75,3408,3167646,0,1
neighbor_lookup,synthetic_barcode,one_substitution,500,737,16,1,0.000,0.000,0.001436,348189.4,1.00,1.00,3408,3167646,0,1
dotmatch_indexed,synthetic_barcode,one_substitution,500,737,16,1,0.005,0.000,0.000419,1193317.6,1.00,1.00,3408,3286442,0,1
dotmatch_scan,synthetic_barcode,one_substitution,500,737,16,1,0.005,0.000,0.000603,829187.3,737.00,737.00,3408,3286442,0,1
edlib_native_scan,synthetic_barcode,one_substitution,500,737,16,1,0.005,0.000,0.141695,3528.7,737.00,737.00,3408,3286442,0,1
bk_tree,synthetic_barcode,one_substitution,500,737,16,1,0.005,0.000,0.003891,128501.7,74.93,74.93,3408,3286442,0,1
neighbor_lookup,synthetic_barcode,one_substitution,500,737,16,1,0.005,0.000,0.001481,337609.7,1.00,1.00,3408,3286442,0,1
dotmatch_indexed,synthetic_barcode,one_substitution,500,737,16,1,0.010,0.000,0.000416,1201923.3,1.00,1.00,3408,3223729,0,1
dotmatch_scan,synthetic_barcode,one_substitution,500,737,16,1,0.010,0.000,0.000603,829187.3,737.00,737.00,3408,3223729,0,1
edlib_native_scan,synthetic_barcode,one_substitution,500,737,16,1,0.010,0.000,0.141396,3536.2,737.00,737.00,3408,3223729,0,1
bk_tree,synthetic_barcode,one_substitution,500,737,16,1,0.010,0.000,0.004011,124657.2,77.99,77.99,3408,3223729,0,1
neighbor_lookup,synthetic_barcode,one_substitution,500,737,16,1,0.010,0.000,0.001526,327654.0,1.00,1.00,3408,3223729,0,1
dotmatch_indexed,synthetic_barcode,one_substitution,500,737,16,1,0.030,0.000,0.000416,1201923.0,1.00,1.00,3408,3307505,0,1
dotmatch_scan,synthetic_barcode,one_substitution,500,737,16,1,0.030,0.000,0.000593,843170.4,737.00,737.00,3408,3307505,0,1
edlib_native_scan,synthetic_barcode,one_substitution,500,737,16,1,0.030,0.000,0.141723,3528.0,737.00,737.00,3408,3307505,0,1
bk_tree,synthetic_barcode,one_substitution,500,737,16,1,0.030,0.000,0.003976,125754.5,77.58,77.58,3408,3307505,0,1
neighbor_lookup,synthetic_barcode,one_substitution,500,737,16,1,0.030,0.000,0.001473,339443.3,1.00,1.00,3408,3307505,0,1
dotmatch_indexed,synthetic_barcode,exact,500,737,16,2,0.000,0.000,0.048970,10210.3,1.00,1.00,3408,3165644,0,1
dotmatch_scan,synthetic_barcode,exact,500,737,16,2,0.000,0.000,0.032709,15286.3,737.00,737.00,3408,3165644,0,1
edlib_native_scan,synthetic_barcode,exact,500,737,16,2,0.000,0.000,0.138757,3603.4,737.00,737.00,3408,3165644,0,1
dotmatch_indexed,synthetic_barcode,one_substitution,500,737,16,2,0.000,0.000,0.048135,10387.5,1.00,1.00,3408,3165453,0,1
dotmatch_scan,synthetic_barcode,one_substitution,500,737,16,2,0.000,0.000,0.032654,15312.1,737.00,737.00,3408,3165453,0,1
edlib_native_scan,synthetic_barcode,one_substitution,500,737,16,2,0.000,0.000,0.138896,3599.8,737.00,737.00,3408,3165453,0,1
dotmatch_indexed,synthetic_barcode,one_substitution,500,737,16,2,0.005,0.000,0.047789,10462.7,1.00,1.00,3408,3014942,0,1
dotmatch_scan,synthetic_barcode,one_substitution,500,737,16,2,0.005,0.000,0.032821,15234.1,737.00,737.00,3408,3014942,0,1
edlib_native_scan,synthetic_barcode,one_substitution,500,737,16,2,0.005,0.000,0.138804,3602.2,737.00,737.00,3408,3014942,0,1
dotmatch_indexed,synthetic_barcode,one_substitution,500,737,16,2,0.010,0.000,0.048055,10404.7,1.00,1.00,3408,3303075,0,1
dotmatch_scan,synthetic_barcode,one_substitution,500,737,16,2,0.010,0.000,0.032807,15240.6,737.00,737.00,3408,3303075,0,1
edlib_native_scan,synthetic_barcode,one_substitution,500,737,16,2,0.010,0.000,0.138627,3606.8,737.00,737.00,3408,3303075,0,1
dotmatch_indexed,synthetic_barcode,one_substitution,500,737,16,2,0.030,0.000,0.048202,10373.0,1.00,1.00,3408,3141184,0,1
dotmatch_scan,synthetic_barcode,one_substitution,500,737,16,2,0.030,0.000,0.032616,15329.9,737.00,737.00,3408,3141184,0,1
edlib_native_scan,synthetic_barcode,one_substitution,500,737,16,2,0.030,0.000,0.139482,3584.7,737.00,737.00,3408,3141184,0,1
dotmatch_indexed,synthetic_barcode,one_insertion,500,737,16,2,0.000,0.062,0.053330,9375.6,1.00,1.00,3408,3087287,0,1
dotmatch_scan,synthetic_barcode,one_insertion,500,737,16,2,0.000,0.062,0.033964,14721.5,737.00,737.00,3408,3087287,0,1
edlib_native_scan,synthetic_barcode,one_insertion,500,737,16,2,0.000,0.062,0.138133,3619.7,737.00,737.00,3408,3087287,0,1
dotmatch_indexed,synthetic_barcode,one_deletion,500,737,16,2,0.000,0.062,0.043125,11594.2,1.00,1.00,3408,3187757,0,1
dotmatch_scan,synthetic_barcode,one_deletion,500,737,16,2,0.000,0.062,0.032634,15321.4,737.00,737.00,3408,3187757,0,1
edlib_native_scan,synthetic_barcode,one_deletion,500,737,16,2,0.000,0.062,0.141028,3545.4,737.00,737.00,3408,3187757,0,1
dotmatch_indexed,synthetic_barcode,exact,500,4096,16,0,0.000,0.000,0.000040,12500014.0,1.00,1.00,9888,17073701,0,1
dotmatch_exact_direct,synthetic_barcode,exact,500,4096,16,0,0.000,0.000,0.000038,13157875.2,1.00,1.00,9888,17073701,0,1
dotmatch_exact_batch,synthetic_barcode,exact,500,4096,16,0,0.000,0.000,0.000037,13513538.2,1.00,1.00,9888,17073701,0,1
dotmatch_scan,synthetic_barcode,exact,500,4096,16,0,0.000,0.000,0.003803,131475.2,4096.00,4096.00,9888,17073701,0,1
edlib_native_scan,synthetic_barcode,exact,500,4096,16,0,0.000,0.000,0.544405,918.4,4096.00,4096.00,9888,17073701,0,1
exact_hash_lookup,synthetic_barcode,exact,500,4096,16,0,0.000,0.000,0.000152,3289473.8,1.00,1.00,10112,17073701,0,1
dotmatch_indexed,synthetic_barcode,one_substitution,500,4096,16,0,0.000,0.000,0.000043,11627881.4,0.00,0.00,10128,0,0,1
dotmatch_exact_direct,synthetic_barcode,one_substitution,500,4096,16,0,0.000,0.000,0.000039,12820530.0,0.00,0.00,10128,0,0,1
dotmatch_exact_batch,synthetic_barcode,one_substitution,500,4096,16,0,0.000,0.000,0.000038,13157875.2,0.00,0.00,10128,0,0,1
dotmatch_scan,synthetic_barcode,one_substitution,500,4096,16,0,0.000,0.000,0.003788,131995.8,4096.00,4096.00,10128,0,0,1
edlib_native_scan,synthetic_barcode,one_substitution,500,4096,16,0,0.000,0.000,0.545211,917.1,4096.00,4096.00,10128,0,0,1
exact_hash_lookup,synthetic_barcode,one_substitution,500,4096,16,0,0.000,0.000,0.000147,3401361.6,0.00,0.00,10128,0,0,1
dotmatch_indexed,synthetic_barcode,one_substitution,500,4096,16,0,0.005,0.000,0.000042,11904770.2,0.00,0.00,10128,0,0,1
dotmatch_exact_direct,synthetic_barcode,one_substitution,500,4096,16,0,0.005,0.000,0.000039,12820491.7,0.00,0.00,10128,0,0,1
dotmatch_exact_batch,synthetic_barcode,one_substitution,500,4096,16,0,0.005,0.000,0.000038,13157915.5,0.00,0.00,10128,0,0,1
dotmatch_scan,synthetic_barcode,one_substitution,500,4096,16,0,0.005,0.000,0.003786,132065.5,4096.00,4096.00,10128,0,0,1
edlib_native_scan,synthetic_barcode,one_substitution,500,4096,16,0,0.005,0.000,0.545795,916.1,4096.00,4096.00,10128,0,0,1
exact_hash_lookup,synthetic_barcode,one_substitution,500,4096,16,0,0.005,0.000,0.000123,4065040.5,0.00,0.00,10128,0,0,1
dotmatch_indexed,synthetic_barcode,one_substitution,500,4096,16,0,0.010,0.000,0.000042,11904770.2,0.00,0.00,10128,0,0,1
dotmatch_exact_direct,synthetic_barcode,one_substitution,500,4096,16,0,0.010,0.000,0.000039,12820491.7,0.00,0.00,10128,0,0,1
dotmatch_exact_batch,synthetic_barcode,one_substitution,500,4096,16,0,0.010,0.000,0.000037,13513495.7,0.00,0.00,10128,0,0,1
dotmatch_scan,synthetic_barcode,one_substitution,500,4096,16,0,0.010,0.000,0.003787,132030.6,4096.00,4096.00,10128,0,0,1
edlib_native_scan,synthetic_barcode,one_substitution,500,4096,16,0,0.010,0.000,0.543506,920.0,4096.00,4096.00,10128,0,0,1
exact_hash_lookup,synthetic_barcode,one_substitution,500,4096,16,0,0.010,0.000,0.000120,4166667.3,0.00,0.00,10128,0,0,1
dotmatch_indexed,synthetic_barcode,one_substitution,500,4096,16,0,0.030,0.000,0.000041,12195098.3,0.00,0.00,10128,0,0,1
dotmatch_exact_direct,synthetic_barcode,one_substitution,500,4096,16,0,0.030,0.000,0.000039,12820530.0,0.00,0.00,10128,0,0,1
dotmatch_exact_batch,synthetic_barcode,one_substitution,500,4096,16,0,0.030,0.000,0.000043,11627912.9,0.00,0.00,10128,0,0,1
dotmatch_scan,synthetic_barcode,one_substitution,500,4096,16,0,0.030,0.000,0.003861,129500.1,4096.00,4096.00,10128,0,0,1
edlib_native_scan,synthetic_barcode,one_substitution,500,4096,16,0,0.030,0.000,0.543263,920.4,4096.00,4096.00,10128,0,0,1
exact_hash_lookup,synthetic_barcode,one_substitution,500,4096,16,0,0.030,0.000,0.000119,4201681.6,0.00,0.00,10128,0,0,1
dotmatch_indexed,synthetic_barcode,exact,500,4096,16,1,0.000,0.000,0.000398,1256281.4,1.00,1.00,10128,18472869,0,1
dotmatch_scan,synthetic_barcode,exact,500,4096,16,1,0.000,0.000,0.003403,146929.2,4096.00,4096.00,10128,18472869,0,1
edlib_native_scan,synthetic_barcode,exact,500,4096,16,1,0.000,0.000,0.784926,637.0,4096.00,4096.00,10128,18472869,0,1
bk_tree,synthetic_barcode,exact,500,4096,16,1,0.000,0.000,0.013623,36702.6,228.76,228.76,10384,18472869,0,1
neighbor_lookup,synthetic_barcode,exact,500,4096,16,1,0.000,0.000,0.001730,289017.4,1.00,1.00,10656,18472869,0,1
dotmatch_indexed,synthetic_barcode,one_substitution,500,4096,16,1,0.000,0.000,0.000430,1162790.7,1.00,1.00,10656,17867359,0,1
dotmatch_scan,synthetic_barcode,one_substitution,500,4096,16,1,0.000,0.000,0.003100,161290.3,4096.00,4096.00,10656,17867359,0,1
edlib_native_scan,synthetic_barcode,one_substitution,500,4096,16,1,0.000,0.000,0.783161,638.4,4096.00,4096.00,10656,17867359,0,1
bk_tree,synthetic_barcode,one_substitution,500,4096,16,1,0.000,0.000,0.012861,38877.2,212.85,212.85,10672,17867359,0,1
neighbor_lookup,synthetic_barcode,one_substitution,500,4096,16,1,0.000,0.000,0.001679,297796.3,1.00,1.00,10688,17867359,0,1
dotmatch_indexed,synthetic_barcode,one_substitution,500,4096,16,1,0.005,0.000,0.000398,1256281.4,1.00,1.00,10688,17460787,0,1
dotmatch_scan,synthetic_barcode,one_substitution,500,4096,16,1,0.005,0.000,0.002878,173731.8,4096.00,4096.00,10688,17460787,0,1
edlib_native_scan,synthetic_barcode,one_substitution,500,4096,16,1,0.005,0.000,0.781303,640.0,4096.00,4096.00,10688,17460787,0,1
bk_tree,synthetic_barcode,one_substitution,500,4096,16,1,0.005,0.000,0.013623,36702.6,233.00,233.00,10688,17460787,0,1
neighbor_lookup,synthetic_barcode,one_substitution,500,4096,16,1,0.005,0.000,0.001578,316856.8,1.00,1.00,10688,17460787,0,1
dotmatch_indexed,synthetic_barcode,one_substitution,500,4096,16,1,0.010,0.000,0.000405,1234568.1,1.00,1.00,10688,17259252,0,1
dotmatch_scan,synthetic_barcode,one_substitution,500,4096,16,1,0.010,0.000,0.003267,153045.6,4096.00,4096.00,10688,17259252,0,1
edlib_native_scan,synthetic_barcode,one_substitution,500,4096,16,1,0.010,0.000,0.781366,639.9,4096.00,4096.00,10688,17259252,0,1
bk_tree,synthetic_barcode,one_substitution,500,4096,16,1,0.010,0.000,0.013242,37758.6,221.51,221.51,10688,17259252,0,1
neighbor_lookup,synthetic_barcode,one_substitution,500,4096,16,1,0.010,0.000,0.001651,302846.8,1.00,1.00,10688,17259252,0,1
dotmatch_indexed,synthetic_barcode,one_substitution,500,4096,16,1,0.030,0.000,0.000435,1149425.1,1.00,1.00,10688,17872119,0,1
dotmatch_scan,synthetic_barcode,one_substitution,500,4096,16,1,0.030,0.000,0.003231,154750.9,4096.00,4096.00,10688,17872119,0,1
edlib_native_scan,synthetic_barcode,one_substitution,500,4096,16,1,0.030,0.000,0.780684,640.5,4096.00,4096.00,10688,17872119,0,1
bk_tree,synthetic_barcode,one_substitution,500,4096,16,1,0.030,0.000,0.013389,37344.1,223.69,223.69,10688,17872119,0,1
neighbor_lookup,synthetic_barcode,one_substitution,500,4096,16,1,0.030,0.000,0.001564,319693.1,1.00,1.00,10688,17872119,0,1
dotmatch_indexed,synthetic_barcode,exact,500,4096,16,2,0.000,0.000,0.044039,11353.6,1.00,1.00,10688,17924211,0,1
dotmatch_scan,synthetic_barcode,exact,500,4096,16,2,0.000,0.000,0.181384,2756.6,4096.00,4096.00,10688,17924211,0,1
edlib_native_scan,synthetic_barcode,exact,500,4096,16,2,0.000,0.000,0.767104,651.8,4096.00,4096.00,10688,17924211,0,1
dotmatch_indexed,synthetic_barcode,one_substitution,500,4096,16,2,0.000,0.000,0.042671,11717.6,1.00,1.00,10688,17070586,0,1
dotmatch_scan,synthetic_barcode,one_substitution,500,4096,16,2,0.000,0.000,0.181567,2753.8,4096.00,4096.00,10688,17070586,0,1
edlib_native_scan,synthetic_barcode,one_substitution,500,4096,16,2,0.000,0.000,0.766088,652.7,4096.00,4096.00,10688,17070586,0,1
dotmatch_indexed,synthetic_barcode,one_substitution,500,4096,16,2,0.005,0.000,0.042562,11747.6,1.00,1.00,10688,16453799,0,1
dotmatch_scan,synthetic_barcode,one_substitution,500,4096,16,2,0.005,0.000,0.181302,2757.8,4096.00,4096.00,10688,16453799,0,1
edlib_native_scan,synthetic_barcode,one_substitution,500,4096,16,2,0.005,0.000,0.763146,655.2,4096.00,4096.00,10688,16453799,0,1
dotmatch_indexed,synthetic_barcode,one_substitution,500,4096,16,2,0.010,0.000,0.042762,11692.6,1.00,1.00,10688,16901790,0,1
dotmatch_scan,synthetic_barcode,one_substitution,500,4096,16,2,0.010,0.000,0.181430,2755.9,4096.00,4096.00,10688,16901790,0,1
edlib_native_scan,synthetic_barcode,one_substitution,500,4096,16,2,0.010,0.000,0.763902,654.5,4096.00,4096.00,10688,16901790,0,1
dotmatch_indexed,synthetic_barcode,one_substitution,500,4096,16,2,0.030,0.000,0.042391,11795.0,1.00,1.00,10688,17435831,0,1
dotmatch_scan,synthetic_barcode,one_substitution,500,4096,16,2,0.030,0.000,0.182194,2744.3,4096.00,4096.00,10688,17435831,0,1
edlib_native_scan,synthetic_barcode,one_substitution,500,4096,16,2,0.030,0.000,0.764639,653.9,4096.00,4096.00,10688,17435831,0,1
dotmatch_indexed,synthetic_barcode,one_insertion,500,4096,16,2,0.000,0.062,0.046840,10674.6,1.00,1.00,10720,17548490,0,1
dotmatch_scan,synthetic_barcode,one_insertion,500,4096,16,2,0.000,0.062,0.189888,2633.1,4096.00,4096.00,10720,17548490,0,1
edlib_native_scan,synthetic_barcode,one_insertion,500,4096,16,2,0.000,0.062,0.769650,649.6,4096.00,4096.00,10720,17548490,0,1
dotmatch_indexed,synthetic_barcode,one_deletion,500,4096,16,2,0.000,0.062,0.038439,13007.6,1.00,1.00,10720,17937117,0,1
dotmatch_scan,synthetic_barcode,one_deletion,500,4096,16,2,0.000,0.062,0.179202,2790.1,4096.00,4096.00,10720,17937117,0,1
edlib_native_scan,synthetic_barcode,one_deletion,500,4096,16,2,0.000,0.062,0.779444,641.5,4096.00,4096.00,10720,17937117,0,1
dotmatch_indexed,synthetic_barcode,exact,500,96,24,0,0.000,0.000,0.000034,14705871.1,1.00,1.00,10848,463613,0,1
dotmatch_exact_direct,synthetic_barcode,exact,500,96,24,0,0.000,0.000,0.000023,21739185.0,1.00,1.00,10848,463613,0,1
dotmatch_exact_batch,synthetic_barcode,exact,500,96,24,0,0.000,0.000,0.000023,21739074.9,1.00,1.00,10848,463613,0,1
dotmatch_scan,synthetic_barcode,exact,500,96,24,0,0.000,0.000,0.000085,5882356.5,96.00,96.00,10848,463613,0,1
edlib_native_scan,synthetic_barcode,exact,500,96,24,0,0.000,0.000,0.014223,35154.3,96.00,96.00,10848,463613,0,1
exact_hash_lookup,synthetic_barcode,exact,500,96,24,0,0.000,0.000,0.000023,21739074.9,1.00,1.00,10848,463613,0,1
dotmatch_indexed,synthetic_barcode,one_substitution,500,96,24,0,0.000,0.000,0.000047,10638295.9,0.00,0.00,10864,0,0,1
dotmatch_exact_direct,synthetic_barcode,one_substitution,500,96,24,0,0.000,0.000,0.000038,13157875.2,0.00,0.00,10864,0,0,1
dotmatch_exact_batch,synthetic_barcode,one_substitution,500,96,24,0,0.000,0.000,0.000034,14705871.1,0.00,0.00,10864,0,0,1
dotmatch_scan,synthetic_barcode,one_substitution,500,96,24,0,0.000,0.000,0.000081,6172845.7,96.00,96.00,10864,0,0,1
edlib_native_scan,synthetic_barcode,one_substitution,500,96,24,0,0.000,0.000,0.013886,36007.5,96.00,96.00,10864,0,0,1
exact_hash_lookup,synthetic_barcode,one_substitution,500,96,24,0,0.000,0.000,0.000021,23809474.5,0.00,0.00,10864,0,0,1
dotmatch_indexed,synthetic_barcode,one_substitution,500,96,24,0,0.005,0.000,0.000049,10204076.7,0.00,0.00,10864,0,0,1
dotmatch_exact_direct,synthetic_barcode,one_substitution,500,96,24,0,0.005,0.000,0.000037,13513538.2,0.00,0.00,10864,0,0,1
dotmatch_exact_batch,synthetic_barcode,one_substitution,500,96,24,0,0.005,0.000,0.000035,14285700.5,0.00,0.00,10864,0,0,1
dotmatch_scan,synthetic_barcode,one_substitution,500,96,24,0,0.005,0.000,0.000081,6172836.9,96.00,96.00,10864,0,0,1
edlib_native_scan,synthetic_barcode,one_substitution,500,96,24,0,0.005,0.000,0.014062,35556.8,96.00,96.00,10864,0,0,1
exact_hash_lookup,synthetic_barcode,one_substitution,500,96,24,0,0.005,0.000,0.000020,24999955.2,0.00,0.00,10864,0,0,1
dotmatch_indexed,synthetic_barcode,one_substitution,500,96,24,0,0.010,0.000,0.000047,10638295.9,0.00,0.00,10864,0,0,1
dotmatch_exact_direct,synthetic_barcode,one_substitution,500,96,24,0,0.010,0.000,0.000036,13888873.0,0.00,0.00,10864,0,0,1
dotmatch_exact_batch,synthetic_barcode,one_substitution,500,96,24,0,0.010,0.000,0.000034,14705921.4,0.00,0.00,10864,0,0,1
dotmatch_scan,synthetic_barcode,one_substitution,500,96,24,0,0.010,0.000,0.000081,6172836.9,96.00,96.00,10864,0,0,1
edlib_native_scan,synthetic_barcode,one_substitution,500,96,24,0,0.010,0.000,0.014081,35508.8,96.00,96.00,10864,0,0,1
exact_hash_lookup,synthetic_barcode,one_substitution,500,96,24,0,0.010,0.000,0.000021,23809474.5,0.00,0.00,10864,0,0,1
dotmatch_indexed,synthetic_barcode,one_substitution,500,96,24,0,0.030,0.000,0.000049,10204076.7,0.00,0.00,10880,0,0,1
dotmatch_exact_direct,synthetic_barcode,one_substitution,500,96,24,0,0.030,0.000,0.000038,13157915.5,0.00,0.00,10880,0,0,1
dotmatch_exact_batch,synthetic_barcode,one_substitution,500,96,24,0,0.030,0.000,0.000034,14705871.1,0.00,0.00,10880,0,0,1
dotmatch_scan,synthetic_barcode,one_substitution,500,96,24,0,0.030,0.000,0.000083,6024101.2,96.00,96.00,10880,0,0,1
edlib_native_scan,synthetic_barcode,one_substitution,500,96,24,0,0.030,0.000,0.014158,35315.7,96.00,96.00,10880,0,0,1
exact_hash_lookup,synthetic_barcode,one_substitution,500,96,24,0,0.030,0.000,0.000020,25000100.7,0.00,0.00,10880,0,0,1
dotmatch_indexed,synthetic_barcode,exact,500,96,24,1,0.000,0.000,0.000676,739644.9,1.00,1.00,10880,442448,0,1
dotmatch_scan,synthetic_barcode,exact,500,96,24,1,0.000,0.000,0.000085,5882348.4,96.00,96.00,10880,442448,0,1
edlib_native_scan,synthetic_barcode,exact,500,96,24,1,0.000,0.000,0.020372,24543.5,96.00,96.00,10880,442448,0,1
bk_tree,synthetic_barcode,exact,500,96,24,1,0.000,0.000,0.001142,437828.4,17.69,17.69,10880,442448,0,1
neighbor_lookup,synthetic_barcode,exact,500,96,24,1,0.000,0.000,0.003739,133725.6,1.00,1.00,10944,442448,0,1
dotmatch_indexed,synthetic_barcode,one_substitution,500,96,24,1,0.000,0.000,0.000795,628930.8,1.00,1.00,10944,465105,0,1
dotmatch_scan,synthetic_barcode,one_substitution,500,96,24,1,0.000,0.000,0.000090,5555556.4,96.00,96.00,10944,465105,0,1
edlib_native_scan,synthetic_barcode,one_substitution,500,96,24,1,0.000,0.000,0.020640,24224.8,96.00,96.00,10944,465105,0,1
bk_tree,synthetic_barcode,one_substitution,500,96,24,1,0.000,0.000,0.001129,442869.8,16.52,16.52,10944,465105,0,1
neighbor_lookup,synthetic_barcode,one_substitution,500,96,24,1,0.000,0.000,0.003867,129299.2,1.00,1.00,10944,465105,0,1
dotmatch_indexed,synthetic_barcode,one_substitution,500,96,24,1,0.005,0.000,0.000744,672042.9,1.00,1.00,10944,475509,0,1
dotmatch_scan,synthetic_barcode,one_substitution,500,96,24,1,0.005,0.000,0.000085,5882356.5,96.00,96.00,10944,475509,0,1
edlib_native_scan,synthetic_barcode,one_substitution,500,96,24,1,0.005,0.000,0.020719,24132.4,96.00,96.00,10944,475509,0,1
bk_tree,synthetic_barcode,one_substitution,500,96,24,1,0.005,0.000,0.001117,447627.6,16.36,16.36,10944,475509,0,1
neighbor_lookup,synthetic_barcode,one_substitution,500,96,24,1,0.005,0.000,0.003746,133475.7,1.00,1.00,10944,475509,0,1
dotmatch_indexed,synthetic_barcode,one_substitution,500,96,24,1,0.010,0.000,0.000724,690607.7,1.00,1.00,10944,461246,0,1
dotmatch_scan,synthetic_barcode,one_substitution,500,96,24,1,0.010,0.000,0.000083,6024101.2,96.00,96.00,10944,461246,0,1
edlib_native_scan,synthetic_barcode,one_substitution,500,96,24,1,0.010,0.000,0.020653,24209.6,96.00,96.00,10944,461246,0,1
bk_tree,synthetic_barcode,one_substitution,500,96,24,1,0.010,0.000,0.001141,438212.1,17.75,17.75,10944,461246,0,1
neighbor_lookup,synthetic_barcode,one_substitution,500,96,24,1,0.010,0.000,0.003749,133368.9,1.00,1.00,10944,461246,0,1
dotmatch_indexed,synthetic_barcode,one_substitution,500,96,24,1,0.030,0.000,0.000761,657030.2,1.00,1.00,10944,472211,0,1
dotmatch_scan,synthetic_barcode,one_substitution,500,96,24,1,0.030,0.000,0.000088,5681820.0,96.00,96.00,10944,472211,0,1
edlib_native_scan,synthetic_barcode,one_substitution,500,96,24,1,0.030,0.000,0.020691,24165.1,96.00,96.00,10944,472211,0,1
bk_tree,synthetic_barcode,one_substitution,500,96,24,1,0.030,0.000,0.001160,431034.5,17.58,17.58,10944,472211,0,1
neighbor_lookup,synthetic_barcode,one_substitution,500,96,24,1,0.030,0.000,0.003774,132485.4,1.00,1.00,10944,472211,0,1
dotmatch_indexed,synthetic_barcode,exact,500,96,24,2,0.000,0.000,0.105136,4755.7,1.00,1.00,10944,449418,0,1
dotmatch_scan,synthetic_barcode,exact,500,96,24,2,0.000,0.000,0.006124,81646.0,96.00,96.00,10944,449418,0,1
edlib_native_scan,synthetic_barcode,exact,500,96,24,2,0.000,0.000,0.020232,24713.3,96.00,96.00,10944,449418,0,1
dotmatch_indexed,synthetic_barcode,one_substitution,500,96,24,2,0.000,0.000,0.102577,4874.4,1.00,1.00,10944,481391,0,1
dotmatch_scan,synthetic_barcode,one_substitution,500,96,24,2,0.000,0.000,0.006111,81819.7,96.00,96.00,10944,481391,0,1
edlib_native_scan,synthetic_barcode,one_substitution,500,96,24,2,0.000,0.000,0.020322,24603.9,96.00,96.00,10944,481391,0,1
dotmatch_indexed,synthetic_barcode,one_substitution,500,96,24,2,0.005,0.000,0.103215,4844.3,1.00,1.00,10944,481408,0,1
dotmatch_scan,synthetic_barcode,one_substitution,500,96,24,2,0.005,0.000,0.006120,81699.3,96.00,96.00,10944,481408,0,1
edlib_native_scan,synthetic_barcode,one_substitution,500,96,24,2,0.005,0.000,0.020236,24708.4,96.00,96.00,10944,481408,0,1
dotmatch_indexed,synthetic_barcode,one_substitution,500,96,24,2,0.010,0.000,0.103815,4816.3,1.00,1.00,10944,474115,0,1
dotmatch_scan,synthetic_barcode,one_substitution,500,96,24,2,0.010,0.000,0.006123,81659.3,96.00,96.00,10944,474115,0,1
edlib_native_scan,synthetic_barcode,one_substitution,500,96,24,2,0.010,0.000,0.020271,24665.8,96.00,96.00,10944,474115,0,1
dotmatch_indexed,synthetic_barcode,one_substitution,500,96,24,2,0.030,0.000,0.102856,4861.2,1.00,1.00,10944,486219,0,1
dotmatch_scan,synthetic_barcode,one_substitution,500,96,24,2,0.030,0.000,0.006083,82196.3,96.00,96.00,10944,486219,0,1
edlib_native_scan,synthetic_barcode,one_substitution,500,96,24,2,0.030,0.000,0.020292,24640.3,96.00,96.00,10944,486219,0,1
dotmatch_indexed,synthetic_barcode,one_insertion,500,96,24,2,0.000,0.042,0.109579,4562.9,1.00,1.00,10944,471429,0,1
dotmatch_scan,synthetic_barcode,one_insertion,500,96,24,2,0.000,0.042,0.006208,80541.2,96.00,96.00,10944,471429,0,1
edlib_native_scan,synthetic_barcode,one_insertion,500,96,24,2,0.000,0.042,0.020699,24155.8,96.00,96.00,10944,471429,0,1
dotmatch_indexed,synthetic_barcode,one_deletion,500,96,24,2,0.000,0.042,0.096850,5162.6,1.00,1.00,10944,474710,0,1
dotmatch_scan,synthetic_barcode,one_deletion,500,96,24,2,0.000,0.042,0.005907,84645.3,96.00,96.00,10944,474710,0,1
edlib_native_scan,synthetic_barcode,one_deletion,500,96,24,2,0.000,0.042,0.020607,24263.6,96.00,96.00,10944,474710,0,1
dotmatch_indexed,synthetic_barcode,exact,500,737,24,0,0.000,0.000,0.000053,9433973.3,1.00,1.00,10944,3159966,0,1
dotmatch_exact_direct,synthetic_barcode,exact,500,737,24,0,0.000,0.000,0.000044,11363640.0,1.00,1.00,10944,3159966,0,1
dotmatch_exact_batch,synthetic_barcode,exact,500,737,24,0,0.000,0.000,0.000042,11904737.3,1.00,1.00,10944,3159966,0,1
dotmatch_scan,synthetic_barcode,exact,500,737,24,0,0.000,0.000,0.000598,836120.5,737.00,737.00,10944,3159966,0,1
edlib_native_scan,synthetic_barcode,exact,500,737,24,0,0.000,0.000,0.103677,4822.7,737.00,737.00,10944,3159966,0,1
exact_hash_lookup,synthetic_barcode,exact,500,737,24,0,0.000,0.000,0.000060,8333334.6,1.00,1.00,10944,3159966,0,1
dotmatch_indexed,synthetic_barcode,one_substitution,500,737,24,0,0.000,0.000,0.000059,8474578.6,0.00,0.00,10944,0,0,1
dotmatch_exact_direct,synthetic_barcode,one_substitution,500,737,24,0,0.000,0.000,0.000052,9615376.0,0.00,0.00,10944,0,0,1
dotmatch_exact_batch,synthetic_barcode,one_substitution,500,737,24,0,0.000,0.000,0.000050,9999993.7,0.00,0.00,10944,0,0,1
dotmatch_scan,synthetic_barcode,one_substitution,500,737,24,0,0.000,0.000,0.000601,831946.9,737.00,737.00,10944,0,0,1
edlib_native_scan,synthetic_barcode,one_substitution,500,737,24,0,0.000,0.000,0.103714,4820.9,737.00,737.00,10944,0,0,1
exact_hash_lookup,synthetic_barcode,one_substitution,500,737,24,0,0.000,0.000,0.000058,8620693.2,0.00,0.00,10944,0,0,1
dotmatch_indexed,synthetic_barcode,one_substitution,500,737,24,0,0.005,0.000,0.000059,8474578.6,0.00,0.00,10944,0,0,1
dotmatch_exact_direct,synthetic_barcode,one_substitution,500,737,24,0,0.005,0.000,0.000052,9615376.0,0.00,0.00,10944,0,0,1
dotmatch_exact_batch,synthetic_barcode,one_substitution,500,737,24,0,0.005,0.000,0.000051,9803936.4,0.00,0.00,10944,0,0,1
dotmatch_scan,synthetic_barcode,one_substitution,500,737,24,0,0.005,0.000,0.000601,831946.7,737.00,737.00,10944,0,0,1
edlib_native_scan,synthetic_barcode,one_substitution,500,737,24,0,0.005,0.000,0.103573,4827.5,737.00,737.00,10944,0,0,1
exact_hash_lookup,synthetic_barcode,one_substitution,500,737,24,0,0.005,0.000,0.000058,8620693.2,0.00,0.00,10944,0,0,1
dotmatch_indexed,synthetic_barcode,one_substitution,500,737,24,0,0.010,0.000,0.000072,6944447.7,0.00,0.00,10944,0,0,1
dotmatch_exact_direct,synthetic_barcode,one_substitution,500,737,24,0,0.010,0.000,0.000062,8064515.3,0.00,0.00,10944,0,0,1
dotmatch_exact_batch,synthetic_barcode,one_substitution,500,737,24,0,0.010,0.000,0.000049,10204076.7,0.00,0.00,10944,0,0,1
dotmatch_scan,synthetic_barcode,one_substitution,500,737,24,0,0.010,0.000,0.000612,816993.5,737.00,737.00,10944,0,0,1
edlib_native_scan,synthetic_barcode,one_substitution,500,737,24,0,0.010,0.000,0.103465,4832.6,737.00,737.00,10944,0,0,1
exact_hash_lookup,synthetic_barcode,one_substitution,500,737,24,0,0.010,0.000,0.000058,8620693.2,0.00,0.00,10944,0,0,1
dotmatch_indexed,synthetic_barcode,one_substitution,500,737,24,0,0.030,0.000,0.000059,8474578.6,0.00,0.00,10944,0,0,1
dotmatch_exact_direct,synthetic_barcode,one_substitution,500,737,24,0,0.030,0.000,0.000053,9433973.3,0.00,0.00,10944,0,0,1
dotmatch_exact_batch,synthetic_barcode,one_substitution,500,737,24,0,0.030,0.000,0.000049,10204076.7,0.00,0.00,10944,0,0,1
dotmatch_scan,synthetic_barcode,one_substitution,500,737,24,0,0.030,0.000,0.000601,831946.7,737.00,737.00,10944,0,0,1
edlib_native_scan,synthetic_barcode,one_substitution,500,737,24,0,0.030,0.000,0.103338,4838.5,737.00,737.00,10944,0,0,1
exact_hash_lookup,synthetic_barcode,one_substitution,500,737,24,0,0.030,0.000,0.000058,8620693.2,0.00,0.00,10944,0,0,1
dotmatch_indexed,synthetic_barcode,exact,500,737,24,1,0.000,0.000,0.000762,656168.0,1.00,1.00,10944,3227660,0,1
dotmatch_scan,synthetic_barcode,exact,500,737,24,1,0.000,0.000,0.000603,829187.3,737.00,737.00,10944,3227660,0,1
edlib_native_scan,synthetic_barcode,exact,500,737,24,1,0.000,0.000,0.155913,3206.9,737.00,737.00,10944,3227660,0,1
bk_tree,synthetic_barcode,exact,500,737,24,1,0.000,0.000,0.004269,117123.4,57.95,57.95,10944,3227660,0,1
neighbor_lookup,synthetic_barcode,exact,500,737,24,1,0.000,0.000,0.003780,132275.1,1.00,1.00,10944,3227660,0,1
dotmatch_indexed,synthetic_barcode,one_substitution,500,737,24,1,0.000,0.000,0.000770,649350.7,1.00,1.00,10944,3121508,0,1
dotmatch_scan,synthetic_barcode,one_substitution,500,737,24,1,0.000,0.000,0.000630,793650.8,737.00,737.00,10944,3121508,0,1
edlib_native_scan,synthetic_barcode,one_substitution,500,737,24,1,0.000,0.000,0.155938,3206.4,737.00,737.00,10944,3121508,0,1
bk_tree,synthetic_barcode,one_substitution,500,737,24,1,0.000,0.000,0.004403,113558.9,58.85,58.85,10944,3121508,0,1
neighbor_lookup,synthetic_barcode,one_substitution,500,737,24,1,0.000,0.000,0.003841,130174.4,1.00,1.00,10944,3121508,0,1
dotmatch_indexed,synthetic_barcode,one_substitution,500,737,24,1,0.005,0.000,0.000753,664010.6,1.00,1.00,10944,3115694,0,1
dotmatch_scan,synthetic_barcode,one_substitution,500,737,24,1,0.005,0.000,0.000603,829187.3,737.00,737.00,10944,3115694,0,1
edlib_native_scan,synthetic_barcode,one_substitution,500,737,24,1,0.005,0.000,0.156186,3201.3,737.00,737.00,10944,3115694,0,1
bk_tree,synthetic_barcode,one_substitution,500,737,24,1,0.005,0.000,0.004113,121565.8,56.23,56.23,10944,3115694,0,1
neighbor_lookup,synthetic_barcode,one_substitution,500,737,24,1,0.005,0.000,0.003833,130446.1,1.00,1.00,10944,3115694,0,1
dotmatch_indexed,synthetic_barcode,one_substitution,500,737,24,1,0.010,0.000,0.000740,675675.6,1.00,1.00,10944,3173256,0,1
dotmatch_scan,synthetic_barcode,one_substitution,500,737,24,1,0.010,0.000,0.000604,827814.6,737.00,737.00,10944,3173256,0,1
edlib_native_scan,synthetic_barcode,one_substitution,500,737,24,1,0.010,0.000,0.155953,3206.1,737.00,737.00,10944,3173256,0,1
bk_tree,synthetic_barcode,one_substitution,500,737,24,1,0.010,0.000,0.004168,119961.6,56.84,56.84,10944,3173256,0,1
neighbor_lookup,synthetic_barcode,one_substitution,500,737,24,1,0.010,0.000,0.003907,127975.4,1.00,1.00,10944,3173256,0,1
dotmatch_indexed,synthetic_barcode,one_substitution,500,737,24,1,0.030,0.000,0.000752,664893.6,1.00,1.00,10944,3089004,0,1
dotmatch_scan,synthetic_barcode,one_substitution,500,737,24,1,0.030,0.000,0.000604,827814.5,737.00,737.00,10944,3089004,0,1
edlib_native_scan,synthetic_barcode,one_substitution,500,737,24,1,0.030,0.000,0.155808,3209.1,737.00,737.00,10944,3089004,0,1
bk_tree,synthetic_barcode,one_substitution,500,737,24,1,0.030,0.000,0.004202,118991.0,57.69,57.69,10944,3089004,0,1
neighbor_lookup,synthetic_barcode,one_substitution,500,737,24,1,0.030,0.000,0.003941,126871.4,1.00,1.00,10944,3089004,0,1
dotmatch_indexed,synthetic_barcode,exact,500,737,24,2,0.000,0.000,0.104642,4778.2,1.00,1.00,10944,3390911,0,1
dotmatch_scan,synthetic_barcode,exact,500,737,24,2,0.000,0.000,0.046760,10692.9,737.00,737.00,10944,3390911,0,1
edlib_native_scan,synthetic_barcode,exact,500,737,24,2,0.000,0.000,0.153132,3265.2,737.00,737.00,10944,3390911,0,1
dotmatch_indexed,synthetic_barcode,one_substitution,500,737,24,2,0.000,0.000,0.103001,4854.3,1.00,1.00,10944,3274695,0,1
dotmatch_scan,synthetic_barcode,one_substitution,500,737,24,2,0.000,0.000,0.046531,10745.5,737.00,737.00,10944,3274695,0,1
edlib_native_scan,synthetic_barcode,one_substitution,500,737,24,2,0.000,0.000,0.153353,3260.5,737.00,737.00,10944,3274695,0,1
dotmatch_indexed,synthetic_barcode,one_substitution,500,737,24,2,0.005,0.000,0.103115,4849.0,1.00,1.00,10944,3254788,0,1
dotmatch_scan,synthetic_barcode,one_substitution,500,737,24,2,0.005,0.000,0.046639,10720.6,737.00,737.00,10944,3254788,0,1
edlib_native_scan,synthetic_barcode,one_substitution,500,737,24,2,0.005,0.000,0.152761,3273.1,737.00,737.00,10944,3254788,0,1
dotmatch_indexed,synthetic_barcode,one_substitution,500,737,24,2,0.010,0.000,0.102394,4883.1,1.00,1.00,10944,3287564,0,1
dotmatch_scan,synthetic_barcode,one_substitution,500,737,24,2,0.010,0.000,0.046579,10734.5,737.00,737.00,10944,3287564,0,1
edlib_native_scan,synthetic_barcode,one_substitution,500,737,24,2,0.010,0.000,0.153251,3262.6,737.00,737.00,10944,3287564,0,1
dotmatch_indexed,synthetic_barcode,one_substitution,500,737,24,2,0.030,0.000,0.103012,4853.8,1.00,1.00,10944,3124636,0,1
dotmatch_scan,synthetic_barcode,one_substitution,500,737,24,2,0.030,0.000,0.046801,10683.5,737.00,737.00,10944,3124636,0,1
edlib_native_scan,synthetic_barcode,one_substitution,500,737,24,2,0.030,0.000,0.153345,3260.6,737.00,737.00,10944,3124636,0,1
dotmatch_indexed,synthetic_barcode,one_insertion,500,737,24,2,0.000,0.042,0.109651,4559.9,1.00,1.00,10944,3291134,0,1
dotmatch_scan,synthetic_barcode,one_insertion,500,737,24,2,0.000,0.042,0.047882,10442.3,737.00,737.00,10944,3291134,0,1
edlib_native_scan,synthetic_barcode,one_insertion,500,737,24,2,0.000,0.042,0.155509,3215.2,737.00,737.00,10944,3291134,0,1
dotmatch_indexed,synthetic_barcode,one_deletion,500,737,24,2,0.000,0.042,0.096247,5195.0,1.00,1.00,10944,3085842,0,1
dotmatch_scan,synthetic_barcode,one_deletion,500,737,24,2,0.000,0.042,0.045074,11092.9,737.00,737.00,10944,3085842,0,1
edlib_native_scan,synthetic_barcode,one_deletion,500,737,24,2,0.000,0.042,0.155796,3209.3,737.00,737.00,10944,3085842,0,1
dotmatch_indexed,synthetic_barcode,exact,500,4096,24,0,0.000,0.000,0.000059,8474578.6,1.00,1.00,11984,16735316,0,1
dotmatch_exact_direct,synthetic_barcode,exact,500,4096,24,0,0.000,0.000,0.000054,9259268.6,1.00,1.00,11984,16735316,0,1
dotmatch_exact_batch,synthetic_barcode,exact,500,4096,24,0,0.000,0.000,0.000052,9615376.0,1.00,1.00,11984,16735316,0,1
dotmatch_scan,synthetic_barcode,exact,500,4096,24,0,0.000,0.000,0.003373,148236.0,4096.00,4096.00,11984,16735316,0,1
edlib_native_scan,synthetic_barcode,exact,500,4096,24,0,0.000,0.000,0.574189,870.8,4096.00,4096.00,11984,16735316,0,1
exact_hash_lookup,synthetic_barcode,exact,500,4096,24,0,0.000,0.000,0.000292,1712328.7,1.00,1.00,11984,16735316,0,1
dotmatch_indexed,synthetic_barcode,one_substitution,500,4096,24,0,0.000,0.000,0.000068,7352948.1,0.00,0.00,14448,0,0,1
dotmatch_exact_direct,synthetic_barcode,one_substitution,500,4096,24,0,0.000,0.000,0.000056,8928559.1,0.00,0.00,14448,0,0,1
dotmatch_exact_batch,synthetic_barcode,one_substitution,500,4096,24,0,0.000,0.000,0.000054,9259268.6,0.00,0.00,14448,0,0,1
dotmatch_scan,synthetic_barcode,one_substitution,500,4096,24,0,0.000,0.000,0.003376,148104.3,4096.00,4096.00,14448,0,0,1
edlib_native_scan,synthetic_barcode,one_substitution,500,4096,24,0,0.000,0.000,0.573633,871.6,4096.00,4096.00,14448,0,0,1
exact_hash_lookup,synthetic_barcode,one_substitution,500,4096,24,0,0.000,0.000,0.000270,1851852.1,0.00,0.00,14464,0,0,1
dotmatch_indexed,synthetic_barcode,one_substitution,500,4096,24,0,0.005,0.000,0.000060,8333334.6,0.00,0.00,14464,0,0,1
dotmatch_exact_direct,synthetic_barcode,one_substitution,500,4096,24,0,0.005,0.000,0.000055,9090916.8,0.00,0.00,14464,0,0,1
dotmatch_exact_batch,synthetic_barcode,one_substitution,500,4096,24,0,0.005,0.000,0.000054,9259248.6,0.00,0.00,14464,0,0,1
dotmatch_scan,synthetic_barcode,one_substitution,500,4096,24,0,0.005,0.000,0.003368,148456.1,4096.00,4096.00,14464,0,0,1
edlib_native_scan,synthetic_barcode,one_substitution,500,4096,24,0,0.005,0.000,0.574624,870.1,4096.00,4096.00,14464,0,0,1
exact_hash_lookup,synthetic_barcode,one_substitution,500,4096,24,0,0.005,0.000,0.000286,1748251.2,0.00,0.00,14464,0,0,1
dotmatch_indexed,synthetic_barcode,one_substitution,500,4096,24,0,0.010,0.000,0.000060,8333334.6,0.00,0.00,14464,0,0,1
dotmatch_exact_direct,synthetic_barcode,one_substitution,500,4096,24,0,0.010,0.000,0.000055,9090897.6,0.00,0.00,14464,0,0,1
dotmatch_exact_batch,synthetic_barcode,one_substitution,500,4096,24,0,0.010,0.000,0.000055,9090916.8,0.00,0.00,14464,0,0,1
dotmatch_scan,synthetic_barcode,one_substitution,500,4096,24,0,0.010,0.000,0.003398,147145.4,4096.00,4096.00,14464,0,0,1
edlib_native_scan,synthetic_barcode,one_substitution,500,4096,24,0,0.010,0.000,0.579575,862.7,4096.00,4096.00,14464,0,0,1
exact_hash_lookup,synthetic_barcode,one_substitution,500,4096,24,0,0.010,0.000,0.000257,1945525.5,0.00,0.00,14464,0,0,1
dotmatch_indexed,synthetic_barcode,one_substitution,500,4096,24,0,0.030,0.000,0.000060,8333334.6,0.00,0.00,14464,0,0,1
dotmatch_exact_direct,synthetic_barcode,one_substitution,500,4096,24,0,0.030,0.000,0.000055,9090916.8,0.00,0.00,14464,0,0,1
dotmatch_exact_batch,synthetic_barcode,one_substitution,500,4096,24,0,0.030,0.000,0.000054,9259248.6,0.00,0.00,14464,0,0,1
dotmatch_scan,synthetic_barcode,one_substitution,500,4096,24,0,0.030,0.000,0.003330,150150.2,4096.00,4096.00,14464,0,0,1
edlib_native_scan,synthetic_barcode,one_substitution,500,4096,24,0,0.030,0.000,0.574251,870.7,4096.00,4096.00,14464,0,0,1
exact_hash_lookup,synthetic_barcode,one_substitution,500,4096,24,0,0.030,0.000,0.000263,1901140.5,0.00,0.00,14464,0,0,1
dotmatch_indexed,synthetic_barcode,exact,500,4096,24,1,0.000,0.000,0.000767,651890.5,1.00,1.00,14464,17524371,0,1
dotmatch_scan,synthetic_barcode,exact,500,4096,24,1,0.000,0.000,0.003090,161812.3,4096.00,4096.00,14464,17524371,0,1
edlib_native_scan,synthetic_barcode,exact,500,4096,24,1,0.000,0.000,0.865529,577.7,4096.00,4096.00,14464,17524371,0,1
bk_tree,synthetic_barcode,exact,500,4096,24,1,0.000,0.000,0.013717,36451.1,160.08,160.08,14496,17524371,0,1
neighbor_lookup,synthetic_barcode,exact,500,4096,24,1,0.000,0.000,0.004181,119588.6,1.00,1.00,14608,17524371,0,1
dotmatch_indexed,synthetic_barcode,one_substitution,500,4096,24,1,0.000,0.000,0.000714,700280.1,1.00,1.00,14608,17658956,0,1
dotmatch_scan,synthetic_barcode,one_substitution,500,4096,24,1,0.000,0.000,0.003054,163719.7,4096.00,4096.00,14608,17658956,0,1
edlib_native_scan,synthetic_barcode,one_substitution,500,4096,24,1,0.000,0.000,0.861676,580.3,4096.00,4096.00,14608,17658956,0,1
bk_tree,synthetic_barcode,one_substitution,500,4096,24,1,0.000,0.000,0.013876,36033.4,163.57,163.57,14608,17658956,0,1
neighbor_lookup,synthetic_barcode,one_substitution,500,4096,24,1,0.000,0.000,0.004112,121595.3,1.00,1.00,14608,17658956,0,1
dotmatch_indexed,synthetic_barcode,one_substitution,500,4096,24,1,0.005,0.000,0.000748,668449.2,1.00,1.00,14608,16977256,0,1
dotmatch_scan,synthetic_barcode,one_substitution,500,4096,24,1,0.005,0.000,0.002862,174703.0,4096.00,4096.00,14608,16977256,0,1
edlib_native_scan,synthetic_barcode,one_substitution,500,4096,24,1,0.005,0.000,0.860687,580.9,4096.00,4096.00,14608,16977256,0,1
bk_tree,synthetic_barcode,one_substitution,500,4096,24,1,0.005,0.000,0.013755,36350.4,160.60,160.60,14640,16977256,0,1
neighbor_lookup,synthetic_barcode,one_substitution,500,4096,24,1,0.005,0.000,0.004181,119588.6,1.00,1.00,14640,16977256,0,1
dotmatch_indexed,synthetic_barcode,one_substitution,500,4096,24,1,0.010,0.000,0.000741,674763.9,1.00,1.00,14640,16960800,0,1
dotmatch_scan,synthetic_barcode,one_substitution,500,4096,24,1,0.010,0.000,0.002846,175685.2,4096.00,4096.00,14640,16960800,0,1
edlib_native_scan,synthetic_barcode,one_substitution,500,4096,24,1,0.010,0.000,0.863409,579.1,4096.00,4096.00,14640,16960800,0,1
bk_tree,synthetic_barcode,one_substitution,500,4096,24,1,0.010,0.000,0.013937,35875.7,164.69,164.69,14640,16960800,0,1
neighbor_lookup,synthetic_barcode,one_substitution,500,4096,24,1,0.010,0.000,0.004014,124564.0,1.00,1.00,14656,16960800,0,1
dotmatch_indexed,synthetic_barcode,one_substitution,500,4096,24,1,0.030,0.000,0.000744,672043.0,1.00,1.00,14656,16601862,0,1
dotmatch_scan,synthetic_barcode,one_substitution,500,4096,24,1,0.030,0.000,0.002903,172235.6,4096.00,4096.00,14656,16601862,0,1
edlib_native_scan,synthetic_barcode,one_substitution,500,4096,24,1,0.030,0.000,0.861415,580.4,4096.00,4096.00,14656,16601862,0,1
bk_tree,synthetic_barcode,one_substitution,500,4096,24,1,0.030,0.000,0.014293,34982.2,168.44,168.44,14656,16601862,0,1
neighbor_lookup,synthetic_barcode,one_substitution,500,4096,24,1,0.030,0.000,0.004010,124688.3,1.00,1.00,14656,16601862,0,1
dotmatch_indexed,synthetic_barcode,exact,500,4096,24,2,0.000,0.000,0.093450,5350.5,1.00,1.00,14656,17440663,0,1
dotmatch_scan,synthetic_barcode,exact,500,4096,24,2,0.000,0.000,0.258313,1935.6,4096.00,4096.00,14656,17440663,0,1
edlib_native_scan,synthetic_barcode,exact,500,4096,24,2,0.000,0.000,0.846265,590.8,4096.00,4096.00,14656,17440663,0,1
dotmatch_indexed,synthetic_barcode,one_substitution,500,4096,24,2,0.000,0.000,0.091418,5469.4,1.00,1.00,14656,17298556,0,1
dotmatch_scan,synthetic_barcode,one_substitution,500,4096,24,2,0.000,0.000,0.257775,1939.7,4096.00,4096.00,14656,17298556,0,1
edlib_native_scan,synthetic_barcode,one_substitution,500,4096,24,2,0.000,0.000,0.846137,590.9,4096.00,4096.00,14656,17298556,0,1
dotmatch_indexed,synthetic_barcode,one_substitution,500,4096,24,2,0.005,0.000,0.091730,5450.8,1.00,1.00,14656,17631705,0,1
dotmatch_scan,synthetic_barcode,one_substitution,500,4096,24,2,0.005,0.000,0.257917,1938.6,4096.00,4096.00,14656,17631705,0,1
edlib_native_scan,synthetic_barcode,one_substitution,500,4096,24,2,0.005,0.000,0.845746,591.2,4096.00,4096.00,14656,17631705,0,1
dotmatch_indexed,synthetic_barcode,one_substitution,500,4096,24,2,0.010,0.000,0.091475,5466.0,1.00,1.00,14656,17520236,0,1
dotmatch_scan,synthetic_barcode,one_substitution,500,4096,24,2,0.010,0.000,0.257118,1944.6,4096.00,4096.00,14656,17520236,0,1
edlib_native_scan,synthetic_barcode,one_substitution,500,4096,24,2,0.010,0.000,0.846355,590.8,4096.00,4096.00,14656,17520236,0,1
dotmatch_indexed,synthetic_barcode,one_substitution,500,4096,24,2,0.030,0.000,0.091242,5479.9,1.00,1.00,14656,17471174,0,1
dotmatch_scan,synthetic_barcode,one_substitution,500,4096,24,2,0.030,0.000,0.256602,1948.5,4096.00,4096.00,14656,17471174,0,1
edlib_native_scan,synthetic_barcode,one_substitution,500,4096,24,2,0.030,0.000,0.847025,590.3,4096.00,4096.00,14656,17471174,0,1
dotmatch_indexed,synthetic_barcode,one_insertion,500,4096,24,2,0.000,0.042,0.096897,5160.1,1.00,1.00,14656,17590973,0,1
dotmatch_scan,synthetic_barcode,one_insertion,500,4096,24,2,0.000,0.042,0.265967,1879.9,4096.00,4096.00,14656,17590973,0,1
edlib_native_scan,synthetic_barcode,one_insertion,500,4096,24,2,0.000,0.042,0.859934,581.4,4096.00,4096.00,14656,17590973,0,1
dotmatch_indexed,synthetic_barcode,one_deletion,500,4096,24,2,0.000,0.042,0.085538,5845.4,1.00,1.00,14656,18008204,0,1
dotmatch_scan,synthetic_barcode,one_deletion,500,4096,24,2,0.000,0.042,0.248701,2010.4,4096.00,4096.00,14656,18008204,0,1
edlib_native_scan,synthetic_barcode,one_deletion,500,4096,24,2,0.000,0.042,0.857996,582.8,4096.00,4096.00,14656,18008204,0,1
dotmatch_indexed,synthetic_barcode,exact,500,96,32,0,0.000,0.000,0.000043,11627912.9,1.00,1.00,14784,449520,0,1
dotmatch_exact_direct,synthetic_barcode,exact,500,96,32,0,0.000,0.000,0.000030,16666669.1,1.00,1.00,14784,449520,0,1
dotmatch_exact_batch,synthetic_barcode,exact,500,96,32,0,0.000,0.000,0.000029,17241386.5,1.00,1.00,14784,449520,0,1
dotmatch_scan,synthetic_barcode,exact,500,96,32,0,0.000,0.000,0.000085,5882356.5,96.00,96.00,14784,449520,0,1
edlib_native_scan,synthetic_barcode,exact,500,96,32,0,0.000,0.000,0.014621,34197.4,96.00,96.00,14784,449520,0,1
exact_hash_lookup,synthetic_barcode,exact,500,96,32,0,0.000,0.000,0.000023,21739074.9,1.00,1.00,14800,449520,0,1
dotmatch_indexed,synthetic_barcode,one_substitution,500,96,32,0,0.000,0.000,0.000060,8333334.6,0.00,0.00,14816,0,0,1
dotmatch_exact_direct,synthetic_barcode,one_substitution,500,96,32,0,0.000,0.000,0.000044,11363640.0,0.00,0.00,14816,0,0,1
dotmatch_exact_batch,synthetic_barcode,one_substitution,500,96,32,0,0.000,0.000,0.000040,12499977.6,0.00,0.00,14816,0,0,1
dotmatch_scan,synthetic_barcode,one_substitution,500,96,32,0,0.000,0.000,0.000083,6024101.2,96.00,96.00,14816,0,0,1
edlib_native_scan,synthetic_barcode,one_substitution,500,96,32,0,0.000,0.000,0.014505,34470.9,96.00,96.00,14816,0,0,1
exact_hash_lookup,synthetic_barcode,one_substitution,500,96,32,0,0.000,0.000,0.000020,24999955.2,0.00,0.00,14816,0,0,1
dotmatch_indexed,synthetic_barcode,one_substitution,500,96,32,0,0.005,0.000,0.000059,8474561.9,0.00,0.00,14816,0,0,1
dotmatch_exact_direct,synthetic_barcode,one_substitution,500,96,32,0,0.005,0.000,0.000046,10869565.0,0.00,0.00,14816,0,0,1
dotmatch_exact_batch,synthetic_barcode,one_substitution,500,96,32,0,0.005,0.000,0.000042,11904770.2,0.00,0.00,14816,0,0,1
dotmatch_scan,synthetic_barcode,one_substitution,500,96,32,0,0.005,0.000,0.000083,6024101.2,96.00,96.00,14816,0,0,1
edlib_native_scan,synthetic_barcode,one_substitution,500,96,32,0,0.005,0.000,0.014493,34499.4,96.00,96.00,14816,0,0,1
exact_hash_lookup,synthetic_barcode,one_substitution,500,96,32,0,0.005,0.000,0.000021,23809606.5,0.00,0.00,14816,0,0,1
dotmatch_indexed,synthetic_barcode,one_substitution,500,96,32,0,0.010,0.000,0.000059,8474578.6,0.00,0.00,14816,0,0,1
dotmatch_exact_direct,synthetic_barcode,one_substitution,500,96,32,0,0.010,0.000,0.000045,11111112.7,0.00,0.00,14816,0,0,1
dotmatch_exact_batch,synthetic_barcode,one_substitution,500,96,32,0,0.010,0.000,0.000041,12195098.3,0.00,0.00,14816,0,0,1
dotmatch_scan,synthetic_barcode,one_substitution,500,96,32,0,0.010,0.000,0.000083,6024101.2,96.00,96.00,14816,0,0,1
edlib_native_scan,synthetic_barcode,one_substitution,500,96,32,0,0.010,0.000,0.014508,34463.7,96.00,96.00,14816,0,0,1
exact_hash_lookup,synthetic_barcode,one_substitution,500,96,32,0,0.010,0.000,0.000020,25000100.7,0.00,0.00,14816,0,0,1
dotmatch_indexed,synthetic_barcode,one_substitution,500,96,32,0,0.030,0.000,0.000059,8474578.6,0.00,0.00,14816,0,0,1
dotmatch_exact_direct,synthetic_barcode,one_substitution,500,96,32,0,0.030,0.000,0.000044,11363640.0,0.00,0.00,14816,0,0,1
dotmatch_exact_batch,synthetic_barcode,one_substitution,500,96,32,0,0.030,0.000,0.000040,12499977.6,0.00,0.00,14816,0,0,1
dotmatch_scan,synthetic_barcode,one_substitution,500,96,32,0,0.030,0.000,0.000083,6024101.2,96.00,96.00,14816,0,0,1
edlib_native_scan,synthetic_barcode,one_substitution,500,96,32,0,0.030,0.000,0.014560,34340.7,96.00,96.00,14816,0,0,1
exact_hash_lookup,synthetic_barcode,one_substitution,500,96,32,0,0.030,0.000,0.000021,23809474.5,0.00,0.00,14816,0,0,1
dotmatch_indexed,synthetic_barcode,exact,500,96,32,1,0.000,0.000,0.001085,460829.5,1.00,1.00,14816,443757,0,1
dotmatch_scan,synthetic_barcode,exact,500,96,32,1,0.000,0.000,0.000085,5882348.4,96.00,96.00,14816,443757,0,1
edlib_native_scan,synthetic_barcode,exact,500,96,32,1,0.000,0.000,0.022661,22064.3,96.00,96.00,14816,443757,0,1
bk_tree,synthetic_barcode,exact,500,96,32,1,0.000,0.000,0.001328,376506.0,15.38,15.38,14816,443757,0,1
neighbor_lookup,synthetic_barcode,exact,500,96,32,1,0.000,0.000,0.005447,91793.6,1.00,1.00,14816,443757,0,1
dotmatch_indexed,synthetic_barcode,one_substitution,500,96,32,1,0.000,0.000,0.001174,425894.4,1.00,1.00,14816,471514,0,1
dotmatch_scan,synthetic_barcode,one_substitution,500,96,32,1,0.000,0.000,0.000085,5882356.5,96.00,96.00,14816,471514,0,1
edlib_native_scan,synthetic_barcode,one_substitution,500,96,32,1,0.000,0.000,0.022574,22149.4,96.00,96.00,14816,471514,0,1
bk_tree,synthetic_barcode,one_substitution,500,96,32,1,0.000,0.000,0.001320,378787.9,14.75,14.75,14816,471514,0,1
neighbor_lookup,synthetic_barcode,one_substitution,500,96,32,1,0.000,0.000,0.005852,85440.9,1.00,1.00,14816,471514,0,1
dotmatch_indexed,synthetic_barcode,one_substitution,500,96,32,1,0.005,0.000,0.001188,420875.4,1.00,1.00,14816,481425,0,1
dotmatch_scan,synthetic_barcode,one_substitution,500,96,32,1,0.005,0.000,0.000100,4999996.9,96.00,96.00,14816,481425,0,1
edlib_native_scan,synthetic_barcode,one_substitution,500,96,32,1,0.005,0.000,0.022578,22145.5,96.00,96.00,14816,481425,0,1
bk_tree,synthetic_barcode,one_substitution,500,96,32,1,0.005,0.000,0.001151,434404.9,13.31,13.31,14816,481425,0,1
neighbor_lookup,synthetic_barcode,one_substitution,500,96,32,1,0.005,0.000,0.005748,86986.8,1.00,1.00,14816,481425,0,1
dotmatch_indexed,synthetic_barcode,one_substitution,500,96,32,1,0.010,0.000,0.001142,437828.4,1.00,1.00,14816,467774,0,1
dotmatch_scan,synthetic_barcode,one_substitution,500,96,32,1,0.010,0.000,0.000085,5882356.5,96.00,96.00,14816,467774,0,1
edlib_native_scan,synthetic_barcode,one_substitution,500,96,32,1,0.010,0.000,0.022632,22092.6,96.00,96.00,14816,467774,0,1
bk_tree,synthetic_barcode,one_substitution,500,96,32,1,0.010,0.000,0.001251,399680.3,15.08,15.08,14816,467774,0,1
neighbor_lookup,synthetic_barcode,one_substitution,500,96,32,1,0.010,0.000,0.005943,84132.6,1.00,1.00,14816,467774,0,1
dotmatch_indexed,synthetic_barcode,one_substitution,500,96,32,1,0.030,0.000,0.001182,423011.9,1.00,1.00,14816,469474,0,1
dotmatch_scan,synthetic_barcode,one_substitution,500,96,32,1,0.030,0.000,0.000074,6756758.5,96.00,96.00,14816,469474,0,1
edlib_native_scan,synthetic_barcode,one_substitution,500,96,32,1,0.030,0.000,0.022690,22036.1,96.00,96.00,14816,469474,0,1
bk_tree,synthetic_barcode,one_substitution,500,96,32,1,0.030,0.000,0.001260,396825.4,15.13,15.13,14816,469474,0,1
neighbor_lookup,synthetic_barcode,one_substitution,500,96,32,1,0.030,0.000,0.005768,86685.2,1.00,1.00,14816,469474,0,1
dotmatch_indexed,synthetic_barcode,exact,500,96,32,2,0.000,0.000,0.057828,8646.3,1.00,1.00,14816,468050,0,1
dotmatch_scan,synthetic_barcode,exact,500,96,32,2,0.000,0.000,0.007728,64699.8,96.00,96.00,14816,468050,0,1
edlib_native_scan,synthetic_barcode,exact,500,96,32,2,0.000,0.000,0.022180,22542.8,96.00,96.00,14816,468050,0,1
dotmatch_indexed,synthetic_barcode,one_substitution,500,96,32,2,0.000,0.000,0.056983,8774.5,1.00,1.00,14816,452474,0,1
dotmatch_scan,synthetic_barcode,one_substitution,500,96,32,2,0.000,0.000,0.007834,63824.4,96.00,96.00,14816,452474,0,1
edlib_native_scan,synthetic_barcode,one_substitution,500,96,32,2,0.000,0.000,0.022367,22354.4,96.00,96.00,14816,452474,0,1
dotmatch_indexed,synthetic_barcode,one_substitution,500,96,32,2,0.005,0.000,0.056445,8858.2,1.00,1.00,14816,482411,0,1
dotmatch_scan,synthetic_barcode,one_substitution,500,96,32,2,0.005,0.000,0.007942,62956.4,96.00,96.00,14816,482411,0,1
edlib_native_scan,synthetic_barcode,one_substitution,500,96,32,2,0.005,0.000,0.022430,22291.6,96.00,96.00,14816,482411,0,1
dotmatch_indexed,synthetic_barcode,one_substitution,500,96,32,2,0.010,0.000,0.056149,8904.9,1.00,1.00,14816,454514,0,1
dotmatch_scan,synthetic_barcode,one_substitution,500,96,32,2,0.010,0.000,0.007733,64658.0,96.00,96.00,14816,454514,0,1
edlib_native_scan,synthetic_barcode,one_substitution,500,96,32,2,0.010,0.000,0.022200,22522.5,96.00,96.00,14816,454514,0,1
dotmatch_indexed,synthetic_barcode,one_substitution,500,96,32,2,0.030,0.000,0.056203,8896.3,1.00,1.00,14816,467825,0,1
dotmatch_scan,synthetic_barcode,one_substitution,500,96,32,2,0.030,0.000,0.007850,63694.3,96.00,96.00,14816,467825,0,1
edlib_native_scan,synthetic_barcode,one_substitution,500,96,32,2,0.030,0.000,0.022269,22452.7,96.00,96.00,14816,467825,0,1
dotmatch_indexed,synthetic_barcode,one_insertion,500,96,32,2,0.000,0.031,0.012926,38681.7,1.00,1.00,14816,482972,0,1
dotmatch_scan,synthetic_barcode,one_insertion,500,96,32,2,0.000,0.031,0.008132,61485.5,96.00,96.00,14816,482972,0,1
edlib_native_scan,synthetic_barcode,one_insertion,500,96,32,2,0.000,0.031,0.022682,22043.9,96.00,96.00,14816,482972,0,1
dotmatch_indexed,synthetic_barcode,one_deletion,500,96,32,2,0.000,0.031,0.127658,3916.7,1.00,1.00,14816,465530,0,1
dotmatch_scan,synthetic_barcode,one_deletion,500,96,32,2,0.000,0.031,0.007999,62507.8,96.00,96.00,14816,465530,0,1
edlib_native_scan,synthetic_barcode,one_deletion,500,96,32,2,0.000,0.031,0.022640,22084.8,96.00,96.00,14816,465530,0,1
dotmatch_indexed,synthetic_barcode,exact,500,737,32,0,0.000,0.000,0.000074,6756747.8,1.00,1.00,14816,3080610,0,1
dotmatch_exact_direct,synthetic_barcode,exact,500,737,32,0,0.000,0.000,0.000061,8196721.5,1.00,1.00,14816,3080610,0,1
dotmatch_exact_batch,synthetic_barcode,exact,500,737,32,0,0.000,0.000,0.000057,8771934.7,1.00,1.00,14816,3080610,0,1
dotmatch_scan,synthetic_barcode,exact,500,737,32,0,0.000,0.000,0.000603,829187.5,737.00,737.00,14816,3080610,0,1
edlib_native_scan,synthetic_barcode,exact,500,737,32,0,0.000,0.000,0.109515,4565.6,737.00,737.00,14816,3080610,0,1
exact_hash_lookup,synthetic_barcode,exact,500,737,32,0,0.000,0.000,0.000067,7462681.6,1.00,1.00,14864,3080610,0,1
dotmatch_indexed,synthetic_barcode,one_substitution,500,737,32,0,0.000,0.000,0.000078,6410255.4,0.00,0.00,14864,0,0,1
dotmatch_exact_direct,synthetic_barcode,one_substitution,500,737,32,0,0.000,0.000,0.000068,7352935.5,0.00,0.00,14864,0,0,1
dotmatch_exact_batch,synthetic_barcode,one_substitution,500,737,32,0,0.000,0.000,0.000065,7692318.0,0.00,0.00,14864,0,0,1
dotmatch_scan,synthetic_barcode,one_substitution,500,737,32,0,0.000,0.000,0.000601,831946.7,737.00,737.00,14864,0,0,1
edlib_native_scan,synthetic_barcode,one_substitution,500,737,32,0,0.000,0.000,0.109792,4554.1,737.00,737.00,14864,0,0,1
exact_hash_lookup,synthetic_barcode,one_substitution,500,737,32,0,0.000,0.000,0.000060,8333334.6,0.00,0.00,14864,0,0,1
dotmatch_indexed,synthetic_barcode,one_substitution,500,737,32,0,0.005,0.000,0.000077,6493506.1,0.00,0.00,14864,0,0,1
dotmatch_exact_direct,synthetic_barcode,one_substitution,500,737,32,0,0.005,0.000,0.000077,6493506.1,0.00,0.00,14864,0,0,1
dotmatch_exact_batch,synthetic_barcode,one_substitution,500,737,32,0,0.005,0.000,0.000077,6493506.1,0.00,0.00,14864,0,0,1
dotmatch_scan,synthetic_barcode,one_substitution,500,737,32,0,0.005,0.000,0.000631,792393.0,737.00,737.00,14864,0,0,1
edlib_native_scan,synthetic_barcode,one_substitution,500,737,32,0,0.005,0.000,0.109760,4555.4,737.00,737.00,14864,0,0,1
exact_hash_lookup,synthetic_barcode,one_substitution,500,737,32,0,0.005,0.000,0.000060,8333334.6,0.00,0.00,14864,0,0,1
dotmatch_indexed,synthetic_barcode,one_substitution,500,737,32,0,0.010,0.000,0.000077,6493506.1,0.00,0.00,14864,0,0,1
dotmatch_exact_direct,synthetic_barcode,one_substitution,500,737,32,0,0.010,0.000,0.000065,7692304.2,0.00,0.00,14864,0,0,1
dotmatch_exact_batch,synthetic_barcode,one_substitution,500,737,32,0,0.010,0.000,0.000062,8064515.3,0.00,0.00,14864,0,0,1
dotmatch_scan,synthetic_barcode,one_substitution,500,737,32,0,0.010,0.000,0.000592,844594.6,737.00,737.00,14864,0,0,1
edlib_native_scan,synthetic_barcode,one_substitution,500,737,32,0,0.010,0.000,0.110183,4537.9,737.00,737.00,14864,0,0,1
exact_hash_lookup,synthetic_barcode,one_substitution,500,737,32,0,0.010,0.000,0.000061,8196721.5,0.00,0.00,14864,0,0,1
dotmatch_indexed,synthetic_barcode,one_substitution,500,737,32,0,0.030,0.000,0.000078,6410265.0,0.00,0.00,14864,0,0,1
dotmatch_exact_direct,synthetic_barcode,one_substitution,500,737,32,0,0.030,0.000,0.000068,7352935.5,0.00,0.00,14864,0,0,1
dotmatch_exact_batch,synthetic_barcode,one_substitution,500,737,32,0,0.030,0.000,0.000064,7812497.4,0.00,0.00,14864,0,0,1
dotmatch_scan,synthetic_barcode,one_substitution,500,737,32,0,0.030,0.000,0.000601,831946.9,737.00,737.00,14864,0,0,1
edlib_native_scan,synthetic_barcode,one_substitution,500,737,32,0,0.030,0.000,0.109950,4547.5,737.00,737.00,14864,0,0,1
exact_hash_lookup,synthetic_barcode,one_substitution,500,737,32,0,0.030,0.000,0.000063,7936506.2,0.00,0.00,14864,0,0,1
dotmatch_indexed,synthetic_barcode,exact,500,737,32,1,0.000,0.000,0.001226,407830.4,1.00,1.00,14864,3181964,0,1
dotmatch_scan,synthetic_barcode,exact,500,737,32,1,0.000,0.000,0.000597,837520.9,737.00,737.00,14864,3181964,0,1
edlib_native_scan,synthetic_barcode,exact,500,737,32,1,0.000,0.000,0.172174,2904.0,737.00,737.00,14864,3181964,0,1
bk_tree,synthetic_barcode,exact,500,737,32,1,0.000,0.000,0.004356,114784.2,46.39,46.39,14864,3181964,0,1
neighbor_lookup,synthetic_barcode,exact,500,737,32,1,0.000,0.000,0.005870,85178.9,1.00,1.00,14864,3181964,0,1
dotmatch_indexed,synthetic_barcode,one_substitution,500,737,32,1,0.000,0.000,0.001169,427716.0,1.00,1.00,14864,3182062,0,1
dotmatch_scan,synthetic_barcode,one_substitution,500,737,32,1,0.000,0.000,0.000603,829187.5,737.00,737.00,14864,3182062,0,1
edlib_native_scan,synthetic_barcode,one_substitution,500,737,32,1,0.000,0.000,0.171785,2910.6,737.00,737.00,14864,3182062,0,1
bk_tree,synthetic_barcode,one_substitution,500,737,32,1,0.000,0.000,0.004350,114942.5,45.74,45.74,14864,3182062,0,1
neighbor_lookup,synthetic_barcode,one_substitution,500,737,32,1,0.000,0.000,0.005948,84061.9,1.00,1.00,14864,3182062,0,1
dotmatch_indexed,synthetic_barcode,one_substitution,500,737,32,1,0.005,0.000,0.001166,428816.5,1.00,1.00,14864,3069046,0,1
dotmatch_scan,synthetic_barcode,one_substitution,500,737,32,1,0.005,0.000,0.000589,848896.5,737.00,737.00,14864,3069046,0,1
edlib_native_scan,synthetic_barcode,one_substitution,500,737,32,1,0.005,0.000,0.171809,2910.2,737.00,737.00,14864,3069046,0,1
bk_tree,synthetic_barcode,one_substitution,500,737,32,1,0.005,0.000,0.004591,108908.7,49.26,49.26,14864,3069046,0,1
neighbor_lookup,synthetic_barcode,one_substitution,500,737,32,1,0.005,0.000,0.006023,83015.1,1.00,1.00,14864,3069046,0,1
dotmatch_indexed,synthetic_barcode,one_substitution,500,737,32,1,0.010,0.000,0.001175,425531.9,1.00,1.00,14864,3242837,0,1
dotmatch_scan,synthetic_barcode,one_substitution,500,737,32,1,0.010,0.000,0.000603,829187.5,737.00,737.00,14864,3242837,0,1
edlib_native_scan,synthetic_barcode,one_substitution,500,737,32,1,0.010,0.000,0.172022,2906.6,737.00,737.00,14864,3242837,0,1
bk_tree,synthetic_barcode,one_substitution,500,737,32,1,0.010,0.000,0.004468,111906.9,48.02,48.02,14864,3242837,0,1
neighbor_lookup,synthetic_barcode,one_substitution,500,737,32,1,0.010,0.000,0.005913,84559.4,1.00,1.00,14864,3242837,0,1
dotmatch_indexed,synthetic_barcode,one_substitution,500,737,32,1,0.030,0.000,0.001168,428082.2,1.00,1.00,14864,3098014,0,1
dotmatch_scan,synthetic_barcode,one_substitution,500,737,32,1,0.030,0.000,0.000620,806451.7,737.00,737.00,14864,3098014,0,1
edlib_native_scan,synthetic_barcode,one_substitution,500,737,32,1,0.030,0.000,0.171938,2908.0,737.00,737.00,14864,3098014,0,1
bk_tree,synthetic_barcode,one_substitution,500,737,32,1,0.030,0.000,0.004642,107712.2,49.96,49.96,14864,3098014,0,1
neighbor_lookup,synthetic_barcode,one_substitution,500,737,32,1,0.030,0.000,0.005834,85704.5,1.00,1.00,14864,3098014,0,1
dotmatch_indexed,synthetic_barcode,exact,500,737,32,2,0.000,0.000,0.058430,8557.2,1.00,1.00,14864,3239951,0,1
dotmatch_scan,synthetic_barcode,exact,500,737,32,2,0.000,0.000,0.059865,8352.1,737.00,737.00,14864,3239951,0,1
edlib_native_scan,synthetic_barcode,exact,500,737,32,2,0.000,0.000,0.169445,2950.8,737.00,737.00,14864,3239951,0,1
dotmatch_indexed,synthetic_barcode,one_substitution,500,737,32,2,0.000,0.000,0.056928,8783.0,1.00,1.00,14864,3169193,0,1
dotmatch_scan,synthetic_barcode,one_substitution,500,737,32,2,0.000,0.000,0.060100,8319.5,737.00,737.00,14864,3169193,0,1
edlib_native_scan,synthetic_barcode,one_substitution,500,737,32,2,0.000,0.000,0.169104,2956.8,737.00,737.00,14864,3169193,0,1
dotmatch_indexed,synthetic_barcode,one_substitution,500,737,32,2,0.005,0.000,0.056725,8814.5,1.00,1.00,14864,3165283,0,1
dotmatch_scan,synthetic_barcode,one_substitution,500,737,32,2,0.005,0.000,0.060115,8317.4,737.00,737.00,14864,3165283,0,1
edlib_native_scan,synthetic_barcode,one_substitution,500,737,32,2,0.005,0.000,0.169679,2946.7,737.00,737.00,14864,3165283,0,1
dotmatch_indexed,synthetic_barcode,one_substitution,500,737,32,2,0.010,0.000,0.056980,8775.0,1.00,1.00,14864,3218629,0,1
dotmatch_scan,synthetic_barcode,one_substitution,500,737,32,2,0.010,0.000,0.060187,8307.4,737.00,737.00,14864,3218629,0,1
edlib_native_scan,synthetic_barcode,one_substitution,500,737,32,2,0.010,0.000,0.169761,2945.3,737.00,737.00,14864,3218629,0,1
dotmatch_indexed,synthetic_barcode,one_substitution,500,737,32,2,0.030,0.000,0.057478,8699.0,1.00,1.00,14864,3202105,0,1
dotmatch_scan,synthetic_barcode,one_substitution,500,737,32,2,0.030,0.000,0.060144,8313.4,737.00,737.00,14864,3202105,0,1
edlib_native_scan,synthetic_barcode,one_substitution,500,737,32,2,0.030,0.000,0.170215,2937.5,737.00,737.00,14864,3202105,0,1
dotmatch_indexed,synthetic_barcode,one_insertion,500,737,32,2,0.000,0.031,0.012843,38931.7,1.00,1.00,14864,3230478,0,1
dotmatch_scan,synthetic_barcode,one_insertion,500,737,32,2,0.000,0.031,0.060887,8211.9,737.00,737.00,14864,3230478,0,1
edlib_native_scan,synthetic_barcode,one_insertion,500,737,32,2,0.000,0.031,0.174012,2873.4,737.00,737.00,14864,3230478,0,1
dotmatch_indexed,synthetic_barcode,one_deletion,500,737,32,2,0.000,0.031,0.129289,3867.3,1.00,1.00,14864,3255247,0,1
dotmatch_scan,synthetic_barcode,one_deletion,500,737,32,2,0.000,0.031,0.059236,8440.8,737.00,737.00,14864,3255247,0,1
edlib_native_scan,synthetic_barcode,one_deletion,500,737,32,2,0.000,0.031,0.171605,2913.7,737.00,737.00,14864,3255247,0,1
dotmatch_indexed,synthetic_barcode,exact,500,4096,32,0,0.000,0.000,0.000077,6493506.1,1.00,1.00,18992,16892872,0,1
dotmatch_exact_direct,synthetic_barcode,exact,500,4096,32,0,0.000,0.000,0.000071,7042257.6,1.00,1.00,18992,16892872,0,1
dotmatch_exact_batch,synthetic_barcode,exact,500,4096,32,0,0.000,0.000,0.000069,7246370.5,1.00,1.00,18992,16892872,0,1
dotmatch_scan,synthetic_barcode,exact,500,4096,32,0,0.000,0.000,0.003329,150195.3,4096.00,4096.00,18992,16892872,0,1
edlib_native_scan,synthetic_barcode,exact,500,4096,32,0,0.000,0.000,0.610174,819.4,4096.00,4096.00,18992,16892872,0,1
exact_hash_lookup,synthetic_barcode,exact,500,4096,32,0,0.000,0.000,0.000297,1683501.4,1.00,1.00,19328,16892872,0,1
dotmatch_indexed,synthetic_barcode,one_substitution,500,4096,32,0,0.000,0.000,0.000079,6329112.4,0.00,0.00,19328,0,0,1
dotmatch_exact_direct,synthetic_barcode,one_substitution,500,4096,32,0,0.000,0.000,0.000073,6849317.5,0.00,0.00,19328,0,0,1
dotmatch_exact_batch,synthetic_barcode,one_substitution,500,4096,32,0,0.000,0.000,0.000071,7042257.6,0.00,0.00,19328,0,0,1
dotmatch_scan,synthetic_barcode,one_substitution,500,4096,32,0,0.000,0.000,0.003398,147145.4,4096.00,4096.00,19328,0,0,1
edlib_native_scan,synthetic_barcode,one_substitution,500,4096,32,0,0.000,0.000,0.609440,820.4,4096.00,4096.00,19328,0,0,1
exact_hash_lookup,synthetic_barcode,one_substitution,500,4096,32,0,0.000,0.000,0.000280,1785714.1,0.00,0.00,19328,0,0,1
dotmatch_indexed,synthetic_barcode,one_substitution,500,4096,32,0,0.005,0.000,0.000079,6329121.7,0.00,0.00,19328,0,0,1
dotmatch_exact_direct,synthetic_barcode,one_substitution,500,4096,32,0,0.005,0.000,0.000074,6756747.8,0.00,0.00,19328,0,0,1
dotmatch_exact_batch,synthetic_barcode,one_substitution,500,4096,32,0,0.005,0.000,0.000072,6944447.7,0.00,0.00,19328,0,0,1
dotmatch_scan,synthetic_barcode,one_substitution,500,4096,32,0,0.005,0.000,0.003419,146241.6,4096.00,4096.00,19328,0,0,1
edlib_native_scan,synthetic_barcode,one_substitution,500,4096,32,0,0.005,0.000,0.608419,821.8,4096.00,4096.00,19328,0,0,1
exact_hash_lookup,synthetic_barcode,one_substitution,500,4096,32,0,0.005,0.000,0.000275,1818181.8,0.00,0.00,19328,0,0,1
dotmatch_indexed,synthetic_barcode,one_substitution,500,4096,32,0,0.010,0.000,0.000080,6249997.9,0.00,0.00,19328,0,0,1
dotmatch_exact_direct,synthetic_barcode,one_substitution,500,4096,32,0,0.010,0.000,0.000076,6578947.7,0.00,0.00,19328,0,0,1
dotmatch_exact_batch,synthetic_barcode,one_substitution,500,4096,32,0,0.010,0.000,0.000071,7042257.6,0.00,0.00,19328,0,0,1
dotmatch_scan,synthetic_barcode,one_substitution,500,4096,32,0,0.010,0.000,0.003335,149925.0,4096.00,4096.00,19328,0,0,1
edlib_native_scan,synthetic_barcode,one_substitution,500,4096,32,0,0.010,0.000,0.608714,821.4,4096.00,4096.00,19328,0,0,1
exact_hash_lookup,synthetic_barcode,one_substitution,500,4096,32,0,0.010,0.000,0.000276,1811594.2,0.00,0.00,19328,0,0,1
dotmatch_indexed,synthetic_barcode,one_substitution,500,4096,32,0,0.030,0.000,0.000080,6249997.9,0.00,0.00,19328,0,0,1
dotmatch_exact_direct,synthetic_barcode,one_substitution,500,4096,32,0,0.030,0.000,0.000068,7352935.5,0.00,0.00,19328,0,0,1
dotmatch_exact_batch,synthetic_barcode,one_substitution,500,4096,32,0,0.030,0.000,0.000074,6756747.8,0.00,0.00,19328,0,0,1
dotmatch_scan,synthetic_barcode,one_substitution,500,4096,32,0,0.030,0.000,0.003342,149611.0,4096.00,4096.00,19328,0,0,1
edlib_native_scan,synthetic_barcode,one_substitution,500,4096,32,0,0.030,0.000,0.609327,820.6,4096.00,4096.00,19328,0,0,1
exact_hash_lookup,synthetic_barcode,one_substitution,500,4096,32,0,0.030,0.000,0.000278,1798561.0,0.00,0.00,19344,0,0,1
dotmatch_indexed,synthetic_barcode,exact,500,4096,32,1,0.000,0.000,0.001183,422654.3,1.00,1.00,19344,17197495,0,1
dotmatch_scan,synthetic_barcode,exact,500,4096,32,1,0.000,0.000,0.003290,151975.7,4096.00,4096.00,19344,17197495,0,1
edlib_native_scan,synthetic_barcode,exact,500,4096,32,1,0.000,0.000,0.953593,524.3,4096.00,4096.00,19344,17197495,0,1
bk_tree,synthetic_barcode,exact,500,4096,32,1,0.000,0.000,0.014610,34223.1,128.86,128.86,19376,17197495,0,1
neighbor_lookup,synthetic_barcode,exact,500,4096,32,1,0.000,0.000,0.006196,80697.2,1.00,1.00,19376,17197495,0,1
dotmatch_indexed,synthetic_barcode,one_substitution,500,4096,32,1,0.000,0.000,0.001145,436681.2,1.00,1.00,19376,16482233,0,1
dotmatch_scan,synthetic_barcode,one_substitution,500,4096,32,1,0.000,0.000,0.003607,138619.4,4096.00,4096.00,19376,16482233,0,1
edlib_native_scan,synthetic_barcode,one_substitution,500,4096,32,1,0.000,0.000,0.953187,524.6,4096.00,4096.00,19376,16482233,0,1
bk_tree,synthetic_barcode,one_substitution,500,4096,32,1,0.000,0.000,0.014692,34032.1,128.33,128.33,19376,16482233,0,1
neighbor_lookup,synthetic_barcode,one_substitution,500,4096,32,1,0.000,0.000,0.006122,81672.7,1.00,1.00,19376,16482233,0,1
dotmatch_indexed,synthetic_barcode,one_substitution,500,4096,32,1,0.005,0.000,0.001209,413564.9,1.00,1.00,19376,17811667,0,1
dotmatch_scan,synthetic_barcode,one_substitution,500,4096,32,1,0.005,0.000,0.003142,159134.3,4096.00,4096.00,19376,17811667,0,1
edlib_native_scan,synthetic_barcode,one_substitution,500,4096,32,1,0.005,0.000,0.956134,522.9,4096.00,4096.00,19376,17811667,0,1
bk_tree,synthetic_barcode,one_substitution,500,4096,32,1,0.005,0.000,0.013861,36072.4,121.89,121.89,19376,17811667,0,1
neighbor_lookup,synthetic_barcode,one_substitution,500,4096,32,1,0.005,0.000,0.006199,80658.2,1.00,1.00,19376,17811667,0,1
dotmatch_indexed,synthetic_barcode,one_substitution,500,4096,32,1,0.010,0.000,0.001192,419463.1,1.00,1.00,19376,16902626,0,1
dotmatch_scan,synthetic_barcode,one_substitution,500,4096,32,1,0.010,0.000,0.002982,167672.7,4096.00,4096.00,19376,16902626,0,1
edlib_native_scan,synthetic_barcode,one_substitution,500,4096,32,1,0.010,0.000,0.955632,523.2,4096.00,4096.00,19376,16902626,0,1
bk_tree,synthetic_barcode,one_substitution,500,4096,32,1,0.010,0.000,0.014085,35498.8,125.29,125.29,19376,16902626,0,1
neighbor_lookup,synthetic_barcode,one_substitution,500,4096,32,1,0.010,0.000,0.006229,80269.7,1.00,1.00,19376,16902626,0,1
dotmatch_indexed,synthetic_barcode,one_substitution,500,4096,32,1,0.030,0.000,0.001160,431034.5,1.00,1.00,19376,17750773,0,1
dotmatch_scan,synthetic_barcode,one_substitution,500,4096,32,1,0.030,0.000,0.003274,152718.4,4096.00,4096.00,19376,17750773,0,1
edlib_native_scan,synthetic_barcode,one_substitution,500,4096,32,1,0.030,0.000,0.954486,523.8,4096.00,4096.00,19376,17750773,0,1
bk_tree,synthetic_barcode,one_substitution,500,4096,32,1,0.030,0.000,0.015090,33134.5,134.18,134.18,19376,17750773,0,1
neighbor_lookup,synthetic_barcode,one_substitution,500,4096,32,1,0.030,0.000,0.006235,80192.5,1.00,1.00,19376,17750773,0,1
dotmatch_indexed,synthetic_barcode,exact,500,4096,32,2,0.000,0.000,0.052144,9588.8,1.00,1.00,19376,17145050,0,1
dotmatch_scan,synthetic_barcode,exact,500,4096,32,2,0.000,0.000,0.334572,1494.4,4096.00,4096.00,19376,17145050,0,1
edlib_native_scan,synthetic_barcode,exact,500,4096,32,2,0.000,0.000,0.942744,530.4,4096.00,4096.00,19376,17145050,0,1
dotmatch_indexed,synthetic_barcode,one_substitution,500,4096,32,2,0.000,0.000,0.050529,9895.3,1.00,1.00,19376,17731971,0,1
dotmatch_scan,synthetic_barcode,one_substitution,500,4096,32,2,0.000,0.000,0.333966,1497.2,4096.00,4096.00,19376,17731971,0,1
edlib_native_scan,synthetic_barcode,one_substitution,500,4096,32,2,0.000,0.000,0.940197,531.8,4096.00,4096.00,19376,17731971,0,1
dotmatch_indexed,synthetic_barcode,one_substitution,500,4096,32,2,0.005,0.000,0.050320,9936.4,1.00,1.00,19376,17804272,0,1
dotmatch_scan,synthetic_barcode,one_substitution,500,4096,32,2,0.005,0.000,0.334712,1493.8,4096.00,4096.00,19376,17804272,0,1
edlib_native_scan,synthetic_barcode,one_substitution,500,4096,32,2,0.005,0.000,0.940209,531.8,4096.00,4096.00,19376,17804272,0,1
dotmatch_indexed,synthetic_barcode,one_substitution,500,4096,32,2,0.010,0.000,0.050277,9944.9,1.00,1.00,19376,16947030,0,1
dotmatch_scan,synthetic_barcode,one_substitution,500,4096,32,2,0.010,0.000,0.333885,1497.5,4096.00,4096.00,19376,16947030,0,1
edlib_native_scan,synthetic_barcode,one_substitution,500,4096,32,2,0.010,0.000,0.943876,529.7,4096.00,4096.00,19376,16947030,0,1
dotmatch_indexed,synthetic_barcode,one_substitution,500,4096,32,2,0.030,0.000,0.050231,9954.0,1.00,1.00,19376,17137277,0,1
dotmatch_scan,synthetic_barcode,one_substitution,500,4096,32,2,0.030,0.000,0.334183,1496.2,4096.00,4096.00,19376,17137277,0,1
edlib_native_scan,synthetic_barcode,one_substitution,500,4096,32,2,0.030,0.000,0.940960,531.4,4096.00,4096.00,19376,17137277,0,1
dotmatch_indexed,synthetic_barcode,one_insertion,500,4096,32,2,0.000,0.031,0.011674,42830.2,1.00,1.00,19376,17043403,0,1
dotmatch_scan,synthetic_barcode,one_insertion,500,4096,32,2,0.000,0.031,0.336751,1484.8,4096.00,4096.00,19376,17043403,0,1
edlib_native_scan,synthetic_barcode,one_insertion,500,4096,32,2,0.000,0.031,0.952604,524.9,4096.00,4096.00,19376,17043403,0,1
dotmatch_indexed,synthetic_barcode,one_deletion,500,4096,32,2,0.000,0.031,0.114286,4375.0,1.00,1.00,19376,18048358,0,1
dotmatch_scan,synthetic_barcode,one_deletion,500,4096,32,2,0.000,0.031,0.331289,1509.3,4096.00,4096.00,19376,18048358,0,1
edlib_native_scan,synthetic_barcode,one_deletion,500,4096,32,2,0.000,0.031,0.948972,526.9,4096.00,4096.00,19376,18048358,0,1
dotmatch_indexed,synthetic_barcode,exact,500,96,16,0,0.000,0.000,0.000027,18518537.2,1.00,1.00,1776,454433,0,2
dotmatch_exact_direct,synthetic_barcode,exact,500,96,16,0,0.000,0.000,0.000024,20833275.8,1.00,1.00,1776,454433,0,2
dotmatch_exact_batch,synthetic_barcode,exact,500,96,16,0,0.000,0.000,0.000020,25000100.7,1.00,1.00,1776,454433,0,2
dotmatch_scan,synthetic_barcode,exact,500,96,16,0,0.000,0.000,0.000089,5617978.8,96.00,96.00,1776,454433,0,2
edlib_native_scan,synthetic_barcode,exact,500,96,16,0,0.000,0.000,0.013110,38138.8,96.00,96.00,1776,454433,0,2
exact_hash_lookup,synthetic_barcode,exact,500,96,16,0,0.000,0.000,0.000010,50000201.4,1.00,1.00,1792,454433,0,2
dotmatch_indexed,synthetic_barcode,one_substitution,500,96,16,0,0.000,0.000,0.000040,12500014.0,0.00,0.00,1840,0,0,2
dotmatch_exact_direct,synthetic_barcode,one_substitution,500,96,16,0,0.000,0.000,0.000034,14705871.1,0.00,0.00,1840,0,0,2
dotmatch_exact_batch,synthetic_barcode,one_substitution,500,96,16,0,0.000,0.000,0.000032,15624994.7,0.00,0.00,1840,0,0,2
dotmatch_scan,synthetic_barcode,one_substitution,500,96,16,0,0.000,0.000,0.000091,5494505.8,96.00,96.00,1840,0,0,2
edlib_native_scan,synthetic_barcode,one_substitution,500,96,16,0,0.000,0.000,0.013260,37707.4,96.00,96.00,1840,0,0,2
exact_hash_lookup,synthetic_barcode,one_substitution,500,96,16,0,0.000,0.000,0.000009,55555132.5,0.00,0.00,1840,0,0,2
dotmatch_indexed,synthetic_barcode,one_substitution,500,96,16,0,0.005,0.000,0.000036,13888917.9,0.00,0.00,1888,0,0,2
dotmatch_exact_direct,synthetic_barcode,one_substitution,500,96,16,0,0.005,0.000,0.000029,17241317.2,0.00,0.00,1888,0,0,2
dotmatch_exact_batch,synthetic_barcode,one_substitution,500,96,16,0,0.005,0.000,0.000028,17857155.4,0.00,0.00,1888,0,0,2
dotmatch_scan,synthetic_barcode,one_substitution,500,96,16,0,0.005,0.000,0.000091,5494505.8,96.00,96.00,1888,0,0,2
edlib_native_scan,synthetic_barcode,one_substitution,500,96,16,0,0.005,0.000,0.012628,39594.6,96.00,96.00,1888,0,0,2
exact_hash_lookup,synthetic_barcode,one_substitution,500,96,16,0,0.005,0.000,0.000009,55555851.1,0.00,0.00,1888,0,0,2
dotmatch_indexed,synthetic_barcode,one_substitution,500,96,16,0,0.010,0.000,0.000040,12500014.0,0.00,0.00,1888,0,0,2
dotmatch_exact_direct,synthetic_barcode,one_substitution,500,96,16,0,0.010,0.000,0.000033,15151506.7,0.00,0.00,1888,0,0,2
dotmatch_exact_batch,synthetic_barcode,one_substitution,500,96,16,0,0.010,0.000,0.000032,15624994.7,0.00,0.00,1888,0,0,2
dotmatch_scan,synthetic_barcode,one_substitution,500,96,16,0,0.010,0.000,0.000091,5494505.8,96.00,96.00,1888,0,0,2
edlib_native_scan,synthetic_barcode,one_substitution,500,96,16,0,0.010,0.000,0.013037,38352.4,96.00,96.00,1888,0,0,2
exact_hash_lookup,synthetic_barcode,one_substitution,500,96,16,0,0.010,0.000,0.000008,62500433.6,0.00,0.00,1888,0,0,2
dotmatch_indexed,synthetic_barcode,one_substitution,500,96,16,0,0.030,0.000,0.000035,14285700.5,0.00,0.00,1936,0,0,2
dotmatch_exact_direct,synthetic_barcode,one_substitution,500,96,16,0,0.030,0.000,0.000029,17241386.5,0.00,0.00,1936,0,0,2
dotmatch_exact_batch,synthetic_barcode,one_substitution,500,96,16,0,0.030,0.000,0.000028,17857155.4,0.00,0.00,1936,0,0,2
dotmatch_scan,synthetic_barcode,one_substitution,500,96,16,0,0.030,0.000,0.000092,5434782.5,96.00,96.00,1936,0,0,2
edlib_native_scan,synthetic_barcode,one_substitution,500,96,16,0,0.030,0.000,0.012556,39821.6,96.00,96.00,1936,0,0,2
exact_hash_lookup,synthetic_barcode,one_substitution,500,96,16,0,0.030,0.000,0.000009,55555132.5,0.00,0.00,1936,0,0,2
dotmatch_indexed,synthetic_barcode,exact,500,96,16,1,0.000,0.000,0.000343,1457726.2,1.00,1.00,1952,443383,0,2
dotmatch_scan,synthetic_barcode,exact,500,96,16,1,0.000,0.000,0.000095,5263156.5,96.00,96.00,1952,443383,0,2
edlib_native_scan,synthetic_barcode,exact,500,96,16,1,0.000,0.000,0.018445,27107.6,96.00,96.00,1952,443383,0,2
bk_tree,synthetic_barcode,exact,500,96,16,1,0.000,0.000,0.001048,477099.2,21.95,21.95,1952,443383,0,2
neighbor_lookup,synthetic_barcode,exact,500,96,16,1,0.000,0.000,0.001254,398724.1,1.00,1.00,1968,443383,0,2
dotmatch_indexed,synthetic_barcode,one_substitution,500,96,16,1,0.000,0.000,0.000411,1216545.1,1.00,1.00,1968,470171,0,2
dotmatch_scan,synthetic_barcode,one_substitution,500,96,16,1,0.000,0.000,0.000080,6249997.9,96.00,96.00,1968,470171,0,2
edlib_native_scan,synthetic_barcode,one_substitution,500,96,16,1,0.000,0.000,0.018195,27480.1,96.00,96.00,1968,470171,0,2
bk_tree,synthetic_barcode,one_substitution,500,96,16,1,0.000,0.000,0.000932,536480.7,20.07,20.07,1984,470171,0,2
neighbor_lookup,synthetic_barcode,one_substitution,500,96,16,1,0.000,0.000,0.001373,364166.1,1.00,1.00,1984,470171,0,2
dotmatch_indexed,synthetic_barcode,one_substitution,500,96,16,1,0.005,0.000,0.000420,1190476.4,1.00,1.00,1984,450876,0,2
dotmatch_scan,synthetic_barcode,one_substitution,500,96,16,1,0.005,0.000,0.000094,5319148.0,96.00,96.00,1984,450876,0,2
edlib_native_scan,synthetic_barcode,one_substitution,500,96,16,1,0.005,0.000,0.018250,27397.3,96.00,96.00,1984,450876,0,2
bk_tree,synthetic_barcode,one_substitution,500,96,16,1,0.005,0.000,0.001036,482625.5,20.71,20.71,2000,450876,0,2
neighbor_lookup,synthetic_barcode,one_substitution,500,96,16,1,0.005,0.000,0.001442,346740.6,1.00,1.00,2000,450876,0,2
dotmatch_indexed,synthetic_barcode,one_substitution,500,96,16,1,0.010,0.000,0.000428,1168224.3,1.00,1.00,2000,477685,0,2
dotmatch_scan,synthetic_barcode,one_substitution,500,96,16,1,0.010,0.000,0.000095,5263156.5,96.00,96.00,2000,477685,0,2
edlib_native_scan,synthetic_barcode,one_substitution,500,96,16,1,0.010,0.000,0.018176,27508.8,96.00,96.00,2000,477685,0,2
bk_tree,synthetic_barcode,one_substitution,500,96,16,1,0.010,0.000,0.000950,526315.8,20.51,20.51,2000,477685,0,2
neighbor_lookup,synthetic_barcode,one_substitution,500,96,16,1,0.010,0.000,0.001350,370370.4,1.00,1.00,2000,477685,0,2
dotmatch_indexed,synthetic_barcode,one_substitution,500,96,16,1,0.030,0.000,0.000407,1228501.4,1.00,1.00,2016,467774,0,2
dotmatch_scan,synthetic_barcode,one_substitution,500,96,16,1,0.030,0.000,0.000085,5882356.5,96.00,96.00,2016,467774,0,2
edlib_native_scan,synthetic_barcode,one_substitution,500,96,16,1,0.030,0.000,0.018313,27303.0,96.00,96.00,2016,467774,0,2
bk_tree,synthetic_barcode,one_substitution,500,96,16,1,0.030,0.000,0.001015,492610.8,21.31,21.31,2032,467774,0,2
neighbor_lookup,synthetic_barcode,one_substitution,500,96,16,1,0.030,0.000,0.001329,376222.7,1.00,1.00,2032,467774,0,2
dotmatch_indexed,synthetic_barcode,exact,500,96,16,2,0.000,0.000,0.048794,10247.2,1.00,1.00,2048,448279,0,2
dotmatch_scan,synthetic_barcode,exact,500,96,16,2,0.000,0.000,0.004204,118934.3,96.00,96.00,2048,448279,0,2
edlib_native_scan,synthetic_barcode,exact,500,96,16,2,0.000,0.000,0.017768,28140.5,96.00,96.00,2048,448279,0,2
dotmatch_indexed,synthetic_barcode,one_substitution,500,96,16,2,0.000,0.000,0.048340,10343.4,1.00,1.00,2048,464408,0,2
dotmatch_scan,synthetic_barcode,one_substitution,500,96,16,2,0.000,0.000,0.004185,119474.3,96.00,96.00,2048,464408,0,2
edlib_native_scan,synthetic_barcode,one_substitution,500,96,16,2,0.000,0.000,0.018207,27462.0,96.00,96.00,2048,464408,0,2
dotmatch_indexed,synthetic_barcode,one_substitution,500,96,16,2,0.005,0.000,0.048035,10409.1,1.00,1.00,2048,486423,0,2
dotmatch_scan,synthetic_barcode,one_substitution,500,96,16,2,0.005,0.000,0.004190,119331.7,96.00,96.00,2048,486423,0,2
edlib_native_scan,synthetic_barcode,one_substitution,500,96,16,2,0.005,0.000,0.017727,28205.6,96.00,96.00,2048,486423,0,2
dotmatch_indexed,synthetic_barcode,one_substitution,500,96,16,2,0.010,0.000,0.047727,10476.3,1.00,1.00,2048,487460,0,2
dotmatch_scan,synthetic_barcode,one_substitution,500,96,16,2,0.010,0.000,0.004304,116171.0,96.00,96.00,2048,487460,0,2
edlib_native_scan,synthetic_barcode,one_substitution,500,96,16,2,0.010,0.000,0.018004,27771.6,96.00,96.00,2048,487460,0,2
dotmatch_indexed,synthetic_barcode,one_substitution,500,96,16,2,0.030,0.000,0.068298,7320.9,1.00,1.00,2048,464425,0,2
dotmatch_scan,synthetic_barcode,one_substitution,500,96,16,2,0.030,0.000,0.004360,114678.9,96.00,96.00,2048,464425,0,2
edlib_native_scan,synthetic_barcode,one_substitution,500,96,16,2,0.030,0.000,0.018017,27751.6,96.00,96.00,2048,464425,0,2
dotmatch_indexed,synthetic_barcode,one_insertion,500,96,16,2,0.000,0.062,0.085225,5866.8,1.00,1.00,2048,471837,0,2
dotmatch_scan,synthetic_barcode,one_insertion,500,96,16,2,0.000,0.062,0.004541,110107.9,96.00,96.00,2048,471837,0,2
edlib_native_scan,synthetic_barcode,one_insertion,500,96,16,2,0.000,0.062,0.020731,24118.5,96.00,96.00,2048,471837,0,2
dotmatch_indexed,synthetic_barcode,one_deletion,500,96,16,2,0.000,0.062,0.046908,10659.2,1.00,1.00,2048,469168,0,2
dotmatch_scan,synthetic_barcode,one_deletion,500,96,16,2,0.000,0.062,0.004374,114311.8,96.00,96.00,2048,469168,0,2
edlib_native_scan,synthetic_barcode,one_deletion,500,96,16,2,0.000,0.062,0.018242,27409.3,96.00,96.00,2048,469168,0,2
dotmatch_indexed,synthetic_barcode,exact,500,737,16,0,0.000,0.000,0.000038,13157915.5,1.00,1.00,3200,3180213,0,2
dotmatch_exact_direct,synthetic_barcode,exact,500,737,16,0,0.000,0.000,0.000033,15151506.7,1.00,1.00,3200,3180213,0,2
dotmatch_exact_batch,synthetic_barcode,exact,500,737,16,0,0.000,0.000,0.000030,16666669.1,1.00,1.00,3200,3180213,0,2
dotmatch_scan,synthetic_barcode,exact,500,737,16,0,0.000,0.000,0.000688,726744.2,737.00,737.00,3200,3180213,0,2
edlib_native_scan,synthetic_barcode,exact,500,737,16,0,0.000,0.000,0.097540,5126.1,737.00,737.00,3200,3180213,0,2
exact_hash_lookup,synthetic_barcode,exact,500,737,16,0,0.000,0.000,0.000034,14705871.1,1.00,1.00,3264,3180213,0,2
dotmatch_indexed,synthetic_barcode,one_substitution,500,737,16,0,0.000,0.000,0.000042,11904770.2,0.00,0.00,3280,0,0,2
dotmatch_exact_direct,synthetic_barcode,one_substitution,500,737,16,0,0.000,0.000,0.000039,12820530.0,0.00,0.00,3280,0,0,2
dotmatch_exact_batch,synthetic_barcode,one_substitution,500,737,16,0,0.000,0.000,0.000036,13888873.0,0.00,0.00,3280,0,0,2
dotmatch_scan,synthetic_barcode,one_substitution,500,737,16,0,0.000,0.000,0.000706,708215.3,737.00,737.00,3280,0,0,2
edlib_native_scan,synthetic_barcode,one_substitution,500,737,16,0,0.000,0.000,0.094884,5269.6,737.00,737.00,3280,0,0,2
exact_hash_lookup,synthetic_barcode,one_substitution,500,737,16,0,0.000,0.000,0.000027,18518537.2,0.00,0.00,3280,0,0,2
dotmatch_indexed,synthetic_barcode,one_substitution,500,737,16,0,0.005,0.000,0.000041,12195133.0,0.00,0.00,3280,0,0,2
dotmatch_exact_direct,synthetic_barcode,one_substitution,500,737,16,0,0.005,0.000,0.000037,13513495.7,0.00,0.00,3280,0,0,2
dotmatch_exact_batch,synthetic_barcode,one_substitution,500,737,16,0,0.005,0.000,0.000035,14285748.1,0.00,0.00,3280,0,0,2
dotmatch_scan,synthetic_barcode,one_substitution,500,737,16,0,0.005,0.000,0.000683,732064.3,737.00,737.00,3280,0,0,2
edlib_native_scan,synthetic_barcode,one_substitution,500,737,16,0,0.005,0.000,0.096247,5195.0,737.00,737.00,3280,0,0,2
exact_hash_lookup,synthetic_barcode,one_substitution,500,737,16,0,0.005,0.000,0.000031,16129030.6,0.00,0.00,3280,0,0,2
dotmatch_indexed,synthetic_barcode,one_substitution,500,737,16,0,0.010,0.000,0.000044,11363640.0,0.00,0.00,3280,0,0,2
dotmatch_exact_direct,synthetic_barcode,one_substitution,500,737,16,0,0.010,0.000,0.000038,13157875.2,0.00,0.00,3280,0,0,2
dotmatch_exact_batch,synthetic_barcode,one_substitution,500,737,16,0,0.010,0.000,0.000038,13157915.5,0.00,0.00,3280,0,0,2
dotmatch_scan,synthetic_barcode,one_substitution,500,737,16,0,0.010,0.000,0.000707,707213.6,737.00,737.00,3280,0,0,2
edlib_native_scan,synthetic_barcode,one_substitution,500,737,16,0,0.010,0.000,0.099008,5050.1,737.00,737.00,3280,0,0,2
exact_hash_lookup,synthetic_barcode,one_substitution,500,737,16,0,0.010,0.000,0.000031,16129030.6,0.00,0.00,3280,0,0,2
dotmatch_indexed,synthetic_barcode,one_substitution,500,737,16,0,0.030,0.000,0.000045,11111084.0,0.00,0.00,3280,0,0,2
dotmatch_exact_direct,synthetic_barcode,one_substitution,500,737,16,0,0.030,0.000,0.000038,13157915.5,0.00,0.00,3280,0,0,2
dotmatch_exact_batch,synthetic_barcode,one_substitution,500,737,16,0,0.030,0.000,0.000040,12500014.0,0.00,0.00,3280,0,0,2
dotmatch_scan,synthetic_barcode,one_substitution,500,737,16,0,0.030,0.000,0.000718,696378.8,737.00,737.00,3280,0,0,2
edlib_native_scan,synthetic_barcode,one_substitution,500,737,16,0,0.030,0.000,0.096128,5201.4,737.00,737.00,3280,0,0,2
exact_hash_lookup,synthetic_barcode,one_substitution,500,737,16,0,0.030,0.000,0.000026,19230795.0,0.00,0.00,3280,0,0,2
dotmatch_indexed,synthetic_barcode,exact,500,737,16,1,0.000,0.000,0.000403,1240694.7,1.00,1.00,3280,3120781,0,2
dotmatch_scan,synthetic_barcode,exact,500,737,16,1,0.000,0.000,0.000520,961538.5,737.00,737.00,3280,3120781,0,2
edlib_native_scan,synthetic_barcode,exact,500,737,16,1,0.000,0.000,0.137918,3625.3,737.00,737.00,3280,3120781,0,2
bk_tree,synthetic_barcode,exact,500,737,16,1,0.000,0.000,0.003946,126710.6,74.84,74.84,3360,3120781,0,2
neighbor_lookup,synthetic_barcode,exact,500,737,16,1,0.000,0.000,0.001450,344827.6,1.00,1.00,3408,3120781,0,2
dotmatch_indexed,synthetic_barcode,one_substitution,500,737,16,1,0.000,0.000,0.000439,1138951.9,1.00,1.00,3408,3167646,0,2
dotmatch_scan,synthetic_barcode,one_substitution,500,737,16,1,0.000,0.000,0.000651,768049.2,737.00,737.00,3408,3167646,0,2
edlib_native_scan,synthetic_barcode,one_substitution,500,737,16,1,0.000,0.000,0.138850,3601.0,737.00,737.00,3408,3167646,0,2
bk_tree,synthetic_barcode,one_substitution,500,737,16,1,0.000,0.000,0.003948,126646.4,76.75,76.75,3408,3167646,0,2
neighbor_lookup,synthetic_barcode,one_substitution,500,737,16,1,0.000,0.000,0.001475,338983.0,1.00,1.00,3408,3167646,0,2
dotmatch_indexed,synthetic_barcode,one_substitution,500,737,16,1,0.005,0.000,0.000457,1094091.9,1.00,1.00,3408,3286442,0,2
dotmatch_scan,synthetic_barcode,one_substitution,500,737,16,1,0.005,0.000,0.000696,718390.7,737.00,737.00,3408,3286442,0,2
edlib_native_scan,synthetic_barcode,one_substitution,500,737,16,1,0.005,0.000,0.136012,3676.1,737.00,737.00,3408,3286442,0,2
bk_tree,synthetic_barcode,one_substitution,500,737,16,1,0.005,0.000,0.003830,130548.3,74.93,74.93,3408,3286442,0,2
neighbor_lookup,synthetic_barcode,one_substitution,500,737,16,1,0.005,0.000,0.001538,325097.5,1.00,1.00,3408,3286442,0,2
dotmatch_indexed,synthetic_barcode,one_substitution,500,737,16,1,0.010,0.000,0.000412,1213592.3,1.00,1.00,3408,3223729,0,2
dotmatch_scan,synthetic_barcode,one_substitution,500,737,16,1,0.010,0.000,0.000609,821018.1,737.00,737.00,3408,3223729,0,2
edlib_native_scan,synthetic_barcode,one_substitution,500,737,16,1,0.010,0.000,0.135605,3687.2,737.00,737.00,3408,3223729,0,2
bk_tree,synthetic_barcode,one_substitution,500,737,16,1,0.010,0.000,0.003983,125533.5,77.99,77.99,3408,3223729,0,2
neighbor_lookup,synthetic_barcode,one_substitution,500,737,16,1,0.010,0.000,0.001453,344115.6,1.00,1.00,3408,3223729,0,2
dotmatch_indexed,synthetic_barcode,one_substitution,500,737,16,1,0.030,0.000,0.000420,1190476.4,1.00,1.00,3408,3307505,0,2
dotmatch_scan,synthetic_barcode,one_substitution,500,737,16,1,0.030,0.000,0.000605,826446.2,737.00,737.00,3408,3307505,0,2
edlib_native_scan,synthetic_barcode,one_substitution,500,737,16,1,0.030,0.000,0.135683,3685.1,737.00,737.00,3408,3307505,0,2
bk_tree,synthetic_barcode,one_substitution,500,737,16,1,0.030,0.000,0.004037,123854.3,77.58,77.58,3408,3307505,0,2
neighbor_lookup,synthetic_barcode,one_substitution,500,737,16,1,0.030,0.000,0.001415,353356.9,1.00,1.00,3408,3307505,0,2
dotmatch_indexed,synthetic_barcode,exact,500,737,16,2,0.000,0.000,0.049549,10091.0,1.00,1.00,3408,3165644,0,2
dotmatch_scan,synthetic_barcode,exact,500,737,16,2,0.000,0.000,0.032545,15363.3,737.00,737.00,3408,3165644,0,2
edlib_native_scan,synthetic_barcode,exact,500,737,16,2,0.000,0.000,0.132633,3769.8,737.00,737.00,3408,3165644,0,2
dotmatch_indexed,synthetic_barcode,one_substitution,500,737,16,2,0.000,0.000,0.048604,10287.2,1.00,1.00,3408,3165453,0,2
dotmatch_scan,synthetic_barcode,one_substitution,500,737,16,2,0.000,0.000,0.032554,15359.1,737.00,737.00,3408,3165453,0,2
edlib_native_scan,synthetic_barcode,one_substitution,500,737,16,2,0.000,0.000,0.132618,3770.2,737.00,737.00,3408,3165453,0,2
dotmatch_indexed,synthetic_barcode,one_substitution,500,737,16,2,0.005,0.000,0.048495,10310.3,1.00,1.00,3408,3014942,0,2
dotmatch_scan,synthetic_barcode,one_substitution,500,737,16,2,0.005,0.000,0.032752,15266.2,737.00,737.00,3408,3014942,0,2
edlib_native_scan,synthetic_barcode,one_substitution,500,737,16,2,0.005,0.000,0.131935,3789.7,737.00,737.00,3408,3014942,0,2
dotmatch_indexed,synthetic_barcode,one_substitution,500,737,16,2,0.010,0.000,0.048670,10273.3,1.00,1.00,3408,3303075,0,2
dotmatch_scan,synthetic_barcode,one_substitution,500,737,16,2,0.010,0.000,0.032711,15285.4,737.00,737.00,3408,3303075,0,2
edlib_native_scan,synthetic_barcode,one_substitution,500,737,16,2,0.010,0.000,0.132053,3786.4,737.00,737.00,3408,3303075,0,2
dotmatch_indexed,synthetic_barcode,one_substitution,500,737,16,2,0.030,0.000,0.048257,10361.2,1.00,1.00,3408,3141184,0,2
dotmatch_scan,synthetic_barcode,one_substitution,500,737,16,2,0.030,0.000,0.033239,15042.6,737.00,737.00,3408,3141184,0,2
edlib_native_scan,synthetic_barcode,one_substitution,500,737,16,2,0.030,0.000,0.132408,3776.2,737.00,737.00,3408,3141184,0,2
dotmatch_indexed,synthetic_barcode,one_insertion,500,737,16,2,0.000,0.062,0.053394,9364.3,1.00,1.00,3408,3087287,0,2
dotmatch_scan,synthetic_barcode,one_insertion,500,737,16,2,0.000,0.062,0.034091,14666.6,737.00,737.00,3408,3087287,0,2
edlib_native_scan,synthetic_barcode,one_insertion,500,737,16,2,0.000,0.062,0.134852,3707.8,737.00,737.00,3408,3087287,0,2
dotmatch_indexed,synthetic_barcode,one_deletion,500,737,16,2,0.000,0.062,0.043773,11422.6,1.00,1.00,3408,3187757,0,2
dotmatch_scan,synthetic_barcode,one_deletion,500,737,16,2,0.000,0.062,0.032389,15437.3,737.00,737.00,3408,3187757,0,2
edlib_native_scan,synthetic_barcode,one_deletion,500,737,16,2,0.000,0.062,0.134711,3711.6,737.00,737.00,3408,3187757,0,2
dotmatch_indexed,synthetic_barcode,exact,500,4096,16,0,0.000,0.000,0.000040,12500014.0,1.00,1.00,9872,17073701,0,2
dotmatch_exact_direct,synthetic_barcode,exact,500,4096,16,0,0.000,0.000,0.000036,13888873.0,1.00,1.00,9872,17073701,0,2
dotmatch_exact_batch,synthetic_barcode,exact,500,4096,16,0,0.000,0.000,0.000035,14285748.1,1.00,1.00,9872,17073701,0,2
dotmatch_scan,synthetic_barcode,exact,500,4096,16,0,0.000,0.000,0.003872,129132.2,4096.00,4096.00,9872,17073701,0,2
edlib_native_scan,synthetic_barcode,exact,500,4096,16,0,0.000,0.000,0.530033,943.3,4096.00,4096.00,9872,17073701,0,2
exact_hash_lookup,synthetic_barcode,exact,500,4096,16,0,0.000,0.000,0.000145,3448277.3,1.00,1.00,10096,17073701,0,2
dotmatch_indexed,synthetic_barcode,one_substitution,500,4096,16,0,0.000,0.000,0.000050,9999993.7,0.00,0.00,10112,0,0,2
dotmatch_exact_direct,synthetic_barcode,one_substitution,500,4096,16,0,0.000,0.000,0.000039,12820530.0,0.00,0.00,10112,0,0,2
dotmatch_exact_batch,synthetic_barcode,one_substitution,500,4096,16,0,0.000,0.000,0.000039,12820491.7,0.00,0.00,10112,0,0,2
dotmatch_scan,synthetic_barcode,one_substitution,500,4096,16,0,0.000,0.000,0.003858,129600.8,4096.00,4096.00,10112,0,0,2
edlib_native_scan,synthetic_barcode,one_substitution,500,4096,16,0,0.000,0.000,0.528085,946.8,4096.00,4096.00,10112,0,0,2
exact_hash_lookup,synthetic_barcode,one_substitution,500,4096,16,0,0.000,0.000,0.000125,4000003.1,0.00,0.00,10112,0,0,2
dotmatch_indexed,synthetic_barcode,one_substitution,500,4096,16,0,0.005,0.000,0.000042,11904737.3,0.00,0.00,10112,0,0,2
dotmatch_exact_direct,synthetic_barcode,one_substitution,500,4096,16,0,0.005,0.000,0.000040,12500014.0,0.00,0.00,10112,0,0,2
dotmatch_exact_batch,synthetic_barcode,one_substitution,500,4096,16,0,0.005,0.000,0.000037,13513495.7,0.00,0.00,10112,0,0,2
dotmatch_scan,synthetic_barcode,one_substitution,500,4096,16,0,0.005,0.000,0.003887,128633.9,4096.00,4096.00,10112,0,0,2
edlib_native_scan,synthetic_barcode,one_substitution,500,4096,16,0,0.005,0.000,0.523446,955.2,4096.00,4096.00,10112,0,0,2
exact_hash_lookup,synthetic_barcode,one_substitution,500,4096,16,0,0.005,0.000,0.000128,3906252.2,0.00,0.00,10112,0,0,2
dotmatch_indexed,synthetic_barcode,one_substitution,500,4096,16,0,0.010,0.000,0.000039,12820530.0,0.00,0.00,10112,0,0,2
dotmatch_exact_direct,synthetic_barcode,one_substitution,500,4096,16,0,0.010,0.000,0.000036,13888873.0,0.00,0.00,10112,0,0,2
dotmatch_exact_batch,synthetic_barcode,one_substitution,500,4096,16,0,0.010,0.000,0.000036,13888917.9,0.00,0.00,10112,0,0,2
dotmatch_scan,synthetic_barcode,one_substitution,500,4096,16,0,0.010,0.000,0.003797,131682.9,4096.00,4096.00,10112,0,0,2
edlib_native_scan,synthetic_barcode,one_substitution,500,4096,16,0,0.010,0.000,0.523277,955.5,4096.00,4096.00,10112,0,0,2
exact_hash_lookup,synthetic_barcode,one_substitution,500,4096,16,0,0.010,0.000,0.000127,3937010.4,0.00,0.00,10112,0,0,2
dotmatch_indexed,synthetic_barcode,one_substitution,500,4096,16,0,0.030,0.000,0.000041,12195133.0,0.00,0.00,10112,0,0,2
dotmatch_exact_direct,synthetic_barcode,one_substitution,500,4096,16,0,0.030,0.000,0.000039,12820530.0,0.00,0.00,10112,0,0,2
dotmatch_exact_batch,synthetic_barcode,one_substitution,500,4096,16,0,0.030,0.000,0.000037,13513495.7,0.00,0.00,10112,0,0,2
dotmatch_scan,synthetic_barcode,one_substitution,500,4096,16,0,0.030,0.000,0.003874,129065.6,4096.00,4096.00,10112,0,0,2
edlib_native_scan,synthetic_barcode,one_substitution,500,4096,16,0,0.030,0.000,0.524464,953.4,4096.00,4096.00,10112,0,0,2
exact_hash_lookup,synthetic_barcode,one_substitution,500,4096,16,0,0.030,0.000,0.000119,4201681.6,0.00,0.00,10112,0,0,2
dotmatch_indexed,synthetic_barcode,exact,500,4096,16,1,0.000,0.000,0.000402,1243781.3,1.00,1.00,10112,18472869,0,2
dotmatch_scan,synthetic_barcode,exact,500,4096,16,1,0.000,0.000,0.003258,153468.4,4096.00,4096.00,10112,18472869,0,2
edlib_native_scan,synthetic_barcode,exact,500,4096,16,1,0.000,0.000,0.748463,668.0,4096.00,4096.00,10112,18472869,0,2
bk_tree,synthetic_barcode,exact,500,4096,16,1,0.000,0.000,0.013487,37072.7,228.76,228.76,10368,18472869,0,2
neighbor_lookup,synthetic_barcode,exact,500,4096,16,1,0.000,0.000,0.001662,300842.4,1.00,1.00,10624,18472869,0,2
dotmatch_indexed,synthetic_barcode,one_substitution,500,4096,16,1,0.000,0.000,0.000412,1213592.3,1.00,1.00,10624,17867359,0,2
dotmatch_scan,synthetic_barcode,one_substitution,500,4096,16,1,0.000,0.000,0.003132,159642.4,4096.00,4096.00,10624,17867359,0,2
edlib_native_scan,synthetic_barcode,one_substitution,500,4096,16,1,0.000,0.000,0.748988,667.6,4096.00,4096.00,10624,17867359,0,2
bk_tree,synthetic_barcode,one_substitution,500,4096,16,1,0.000,0.000,0.012747,39224.9,212.85,212.85,10624,17867359,0,2
neighbor_lookup,synthetic_barcode,one_substitution,500,4096,16,1,0.000,0.000,0.001560,320512.8,1.00,1.00,10624,17867359,0,2
dotmatch_indexed,synthetic_barcode,one_substitution,500,4096,16,1,0.005,0.000,0.000400,1249999.9,1.00,1.00,10624,17460787,0,2
dotmatch_scan,synthetic_barcode,one_substitution,500,4096,16,1,0.005,0.000,0.003264,153186.3,4096.00,4096.00,10624,17460787,0,2
edlib_native_scan,synthetic_barcode,one_substitution,500,4096,16,1,0.005,0.000,0.751591,665.3,4096.00,4096.00,10624,17460787,0,2
bk_tree,synthetic_barcode,one_substitution,500,4096,16,1,0.005,0.000,0.013573,36837.8,233.00,233.00,10624,17460787,0,2
neighbor_lookup,synthetic_barcode,one_substitution,500,4096,16,1,0.005,0.000,0.001608,310945.3,1.00,1.00,10640,17460787,0,2
dotmatch_indexed,synthetic_barcode,one_substitution,500,4096,16,1,0.010,0.000,0.000473,1057082.5,1.00,1.00,10640,17259252,0,2
dotmatch_scan,synthetic_barcode,one_substitution,500,4096,16,1,0.010,0.000,0.003314,150875.1,4096.00,4096.00,10640,17259252,0,2
edlib_native_scan,synthetic_barcode,one_substitution,500,4096,16,1,0.010,0.000,0.746143,670.1,4096.00,4096.00,10640,17259252,0,2
bk_tree,synthetic_barcode,one_substitution,500,4096,16,1,0.010,0.000,0.013196,37890.3,221.51,221.51,10640,17259252,0,2
neighbor_lookup,synthetic_barcode,one_substitution,500,4096,16,1,0.010,0.000,0.001599,312695.4,1.00,1.00,10640,17259252,0,2
dotmatch_indexed,synthetic_barcode,one_substitution,500,4096,16,1,0.030,0.000,0.000408,1225490.3,1.00,1.00,10640,17872119,0,2
dotmatch_scan,synthetic_barcode,one_substitution,500,4096,16,1,0.030,0.000,0.003685,135685.2,4096.00,4096.00,10640,17872119,0,2
edlib_native_scan,synthetic_barcode,one_substitution,500,4096,16,1,0.030,0.000,0.747083,669.3,4096.00,4096.00,10640,17872119,0,2
bk_tree,synthetic_barcode,one_substitution,500,4096,16,1,0.030,0.000,0.013198,37884.5,223.69,223.69,10640,17872119,0,2
neighbor_lookup,synthetic_barcode,one_substitution,500,4096,16,1,0.030,0.000,0.001569,318674.3,1.00,1.00,10640,17872119,0,2
dotmatch_indexed,synthetic_barcode,exact,500,4096,16,2,0.000,0.000,0.044287,11290.0,1.00,1.00,10640,17924211,0,2
dotmatch_scan,synthetic_barcode,exact,500,4096,16,2,0.000,0.000,0.181046,2761.7,4096.00,4096.00,10640,17924211,0,2
edlib_native_scan,synthetic_barcode,exact,500,4096,16,2,0.000,0.000,0.733266,681.9,4096.00,4096.00,10640,17924211,0,2
dotmatch_indexed,synthetic_barcode,one_substitution,500,4096,16,2,0.000,0.000,0.043653,11454.0,1.00,1.00,10640,17070586,0,2
dotmatch_scan,synthetic_barcode,one_substitution,500,4096,16,2,0.000,0.000,0.181501,2754.8,4096.00,4096.00,10640,17070586,0,2
edlib_native_scan,synthetic_barcode,one_substitution,500,4096,16,2,0.000,0.000,0.736947,678.5,4096.00,4096.00,10640,17070586,0,2
dotmatch_indexed,synthetic_barcode,one_substitution,500,4096,16,2,0.005,0.000,0.042947,11642.3,1.00,1.00,10640,16453799,0,2
dotmatch_scan,synthetic_barcode,one_substitution,500,4096,16,2,0.005,0.000,0.180897,2764.0,4096.00,4096.00,10640,16453799,0,2
edlib_native_scan,synthetic_barcode,one_substitution,500,4096,16,2,0.005,0.000,0.741303,674.5,4096.00,4096.00,10640,16453799,0,2
dotmatch_indexed,synthetic_barcode,one_substitution,500,4096,16,2,0.010,0.000,0.042868,11663.7,1.00,1.00,10640,16901790,0,2
dotmatch_scan,synthetic_barcode,one_substitution,500,4096,16,2,0.010,0.000,0.182470,2740.2,4096.00,4096.00,10640,16901790,0,2
edlib_native_scan,synthetic_barcode,one_substitution,500,4096,16,2,0.010,0.000,0.737309,678.1,4096.00,4096.00,10640,16901790,0,2
dotmatch_indexed,synthetic_barcode,one_substitution,500,4096,16,2,0.030,0.000,0.042824,11675.7,1.00,1.00,10640,17435831,0,2
dotmatch_scan,synthetic_barcode,one_substitution,500,4096,16,2,0.030,0.000,0.181158,2760.0,4096.00,4096.00,10640,17435831,0,2
edlib_native_scan,synthetic_barcode,one_substitution,500,4096,16,2,0.030,0.000,0.734242,681.0,4096.00,4096.00,10640,17435831,0,2
dotmatch_indexed,synthetic_barcode,one_insertion,500,4096,16,2,0.000,0.062,0.046922,10656.0,1.00,1.00,10640,17548490,0,2
dotmatch_scan,synthetic_barcode,one_insertion,500,4096,16,2,0.000,0.062,0.188698,2649.7,4096.00,4096.00,10640,17548490,0,2
edlib_native_scan,synthetic_barcode,one_insertion,500,4096,16,2,0.000,0.062,0.756712,660.8,4096.00,4096.00,10640,17548490,0,2
dotmatch_indexed,synthetic_barcode,one_deletion,500,4096,16,2,0.000,0.062,0.038697,12920.9,1.00,1.00,10640,17937117,0,2
dotmatch_scan,synthetic_barcode,one_deletion,500,4096,16,2,0.000,0.062,0.177771,2812.6,4096.00,4096.00,10640,17937117,0,2
edlib_native_scan,synthetic_barcode,one_deletion,500,4096,16,2,0.000,0.062,0.747357,669.0,4096.00,4096.00,10640,17937117,0,2
dotmatch_indexed,synthetic_barcode,exact,500,96,24,0,0.000,0.000,0.000034,14705921.4,1.00,1.00,10640,463613,0,2
dotmatch_exact_direct,synthetic_barcode,exact,500,96,24,0,0.000,0.000,0.000023,21739074.9,1.00,1.00,10640,463613,0,2
dotmatch_exact_batch,synthetic_barcode,exact,500,96,24,0,0.000,0.000,0.000023,21739185.0,1.00,1.00,10640,463613,0,2
dotmatch_scan,synthetic_barcode,exact,500,96,24,0,0.000,0.000,0.000086,5813948.6,96.00,96.00,10640,463613,0,2
edlib_native_scan,synthetic_barcode,exact,500,96,24,0,0.000,0.000,0.013728,36421.9,96.00,96.00,10640,463613,0,2
exact_hash_lookup,synthetic_barcode,exact,500,96,24,0,0.000,0.000,0.000022,22727219.9,1.00,1.00,10640,463613,0,2
dotmatch_indexed,synthetic_barcode,one_substitution,500,96,24,0,0.000,0.000,0.000048,10416663.1,0.00,0.00,10640,0,0,2
dotmatch_exact_direct,synthetic_barcode,one_substitution,500,96,24,0,0.000,0.000,0.000037,13513538.2,0.00,0.00,10640,0,0,2
dotmatch_exact_batch,synthetic_barcode,one_substitution,500,96,24,0,0.000,0.000,0.000033,15151506.7,0.00,0.00,10640,0,0,2
dotmatch_scan,synthetic_barcode,one_substitution,500,96,24,0,0.000,0.000,0.000082,6097557.8,96.00,96.00,10640,0,0,2
edlib_native_scan,synthetic_barcode,one_substitution,500,96,24,0,0.000,0.000,0.013643,36648.8,96.00,96.00,10640,0,0,2
exact_hash_lookup,synthetic_barcode,one_substitution,500,96,24,0,0.000,0.000,0.000022,22727340.2,0.00,0.00,10640,0,0,2
dotmatch_indexed,synthetic_barcode,one_substitution,500,96,24,0,0.005,0.000,0.000048,10416663.1,0.00,0.00,10640,0,0,2
dotmatch_exact_direct,synthetic_barcode,one_substitution,500,96,24,0,0.005,0.000,0.000037,13513538.2,0.00,0.00,10640,0,0,2
dotmatch_exact_batch,synthetic_barcode,one_substitution,500,96,24,0,0.005,0.000,0.000034,14705871.1,0.00,0.00,10640,0,0,2
dotmatch_scan,synthetic_barcode,one_substitution,500,96,24,0,0.005,0.000,0.000082,6097557.8,96.00,96.00,10640,0,0,2
edlib_native_scan,synthetic_barcode,one_substitution,500,96,24,0,0.005,0.000,0.013848,36106.3,96.00,96.00,10640,0,0,2
exact_hash_lookup,synthetic_barcode,one_substitution,500,96,24,0,0.005,0.000,0.000020,24999955.2,0.00,0.00,10640,0,0,2
dotmatch_indexed,synthetic_barcode,one_substitution,500,96,24,0,0.010,0.000,0.000044,11363640.0,0.00,0.00,10640,0,0,2
dotmatch_exact_direct,synthetic_barcode,one_substitution,500,96,24,0,0.010,0.000,0.000034,14705871.1,0.00,0.00,10640,0,0,2
dotmatch_exact_batch,synthetic_barcode,one_substitution,500,96,24,0,0.010,0.000,0.000033,15151506.7,0.00,0.00,10640,0,0,2
dotmatch_scan,synthetic_barcode,one_substitution,500,96,24,0,0.010,0.000,0.000082,6097557.8,96.00,96.00,10640,0,0,2
edlib_native_scan,synthetic_barcode,one_substitution,500,96,24,0,0.010,0.000,0.013667,36584.5,96.00,96.00,10640,0,0,2
exact_hash_lookup,synthetic_barcode,one_substitution,500,96,24,0,0.010,0.000,0.000022,22727219.9,0.00,0.00,10640,0,0,2
dotmatch_indexed,synthetic_barcode,one_substitution,500,96,24,0,0.030,0.000,0.000048,10416663.1,0.00,0.00,10640,0,0,2
dotmatch_exact_direct,synthetic_barcode,one_substitution,500,96,24,0,0.030,0.000,0.000036,13888873.0,0.00,0.00,10640,0,0,2
dotmatch_exact_batch,synthetic_barcode,one_substitution,500,96,24,0,0.030,0.000,0.000032,15624994.7,0.00,0.00,10640,0,0,2
dotmatch_scan,synthetic_barcode,one_substitution,500,96,24,0,0.030,0.000,0.000080,6249997.9,96.00,96.00,10640,0,0,2
edlib_native_scan,synthetic_barcode,one_substitution,500,96,24,0,0.030,0.000,0.013693,36515.0,96.00,96.00,10640,0,0,2
exact_hash_lookup,synthetic_barcode,one_substitution,500,96,24,0,0.030,0.000,0.000024,20833275.8,0.00,0.00,10640,0,0,2
dotmatch_indexed,synthetic_barcode,exact,500,96,24,1,0.000,0.000,0.000679,736377.1,1.00,1.00,10640,442448,0,2
dotmatch_scan,synthetic_barcode,exact,500,96,24,1,0.000,0.000,0.000086,5813948.6,96.00,96.00,10640,442448,0,2
edlib_native_scan,synthetic_barcode,exact,500,96,24,1,0.000,0.000,0.021706,23035.1,96.00,96.00,10640,442448,0,2
bk_tree,synthetic_barcode,exact,500,96,24,1,0.000,0.000,0.001177,424808.8,17.69,17.69,10640,442448,0,2
neighbor_lookup,synthetic_barcode,exact,500,96,24,1,0.000,0.000,0.003761,132943.4,1.00,1.00,10640,442448,0,2
dotmatch_indexed,synthetic_barcode,one_substitution,500,96,24,1,0.000,0.000,0.000905,552486.2,1.00,1.00,10640,465105,0,2
dotmatch_scan,synthetic_barcode,one_substitution,500,96,24,1,0.000,0.000,0.000087,5747128.8,96.00,96.00,10640,465105,0,2
edlib_native_scan,synthetic_barcode,one_substitution,500,96,24,1,0.000,0.000,0.021402,23362.3,96.00,96.00,10640,465105,0,2
bk_tree,synthetic_barcode,one_substitution,500,96,24,1,0.000,0.000,0.001088,459558.8,16.52,16.52,10640,465105,0,2
neighbor_lookup,synthetic_barcode,one_substitution,500,96,24,1,0.000,0.000,0.003897,128303.8,1.00,1.00,10640,465105,0,2
dotmatch_indexed,synthetic_barcode,one_substitution,500,96,24,1,0.005,0.000,0.000760,657894.8,1.00,1.00,10640,475509,0,2
dotmatch_scan,synthetic_barcode,one_substitution,500,96,24,1,0.005,0.000,0.000071,7042246.1,96.00,96.00,10640,475509,0,2
edlib_native_scan,synthetic_barcode,one_substitution,500,96,24,1,0.005,0.000,0.020639,24226.0,96.00,96.00,10640,475509,0,2
bk_tree,synthetic_barcode,one_substitution,500,96,24,1,0.005,0.000,0.001080,462963.0,16.36,16.36,10640,475509,0,2
neighbor_lookup,synthetic_barcode,one_substitution,500,96,24,1,0.005,0.000,0.003838,130276.2,1.00,1.00,10640,475509,0,2
dotmatch_indexed,synthetic_barcode,one_substitution,500,96,24,1,0.010,0.000,0.000764,654450.3,1.00,1.00,10640,461246,0,2
dotmatch_scan,synthetic_barcode,one_substitution,500,96,24,1,0.010,0.000,0.000086,5813956.4,96.00,96.00,10640,461246,0,2
edlib_native_scan,synthetic_barcode,one_substitution,500,96,24,1,0.010,0.000,0.020215,24734.1,96.00,96.00,10640,461246,0,2
bk_tree,synthetic_barcode,one_substitution,500,96,24,1,0.010,0.000,0.001157,432152.1,17.75,17.75,10640,461246,0,2
neighbor_lookup,synthetic_barcode,one_substitution,500,96,24,1,0.010,0.000,0.003871,129165.6,1.00,1.00,10640,461246,0,2
dotmatch_indexed,synthetic_barcode,one_substitution,500,96,24,1,0.030,0.000,0.000743,672947.4,1.00,1.00,10640,472211,0,2
dotmatch_scan,synthetic_barcode,one_substitution,500,96,24,1,0.030,0.000,0.000085,5882356.5,96.00,96.00,10640,472211,0,2
edlib_native_scan,synthetic_barcode,one_substitution,500,96,24,1,0.030,0.000,0.020131,24837.3,96.00,96.00,10640,472211,0,2
bk_tree,synthetic_barcode,one_substitution,500,96,24,1,0.030,0.000,0.001152,434027.8,17.58,17.58,10640,472211,0,2
neighbor_lookup,synthetic_barcode,one_substitution,500,96,24,1,0.030,0.000,0.003761,132943.4,1.00,1.00,10640,472211,0,2
dotmatch_indexed,synthetic_barcode,exact,500,96,24,2,0.000,0.000,0.106474,4696.0,1.00,1.00,10640,449418,0,2
dotmatch_scan,synthetic_barcode,exact,500,96,24,2,0.000,0.000,0.006024,83001.3,96.00,96.00,10640,449418,0,2
edlib_native_scan,synthetic_barcode,exact,500,96,24,2,0.000,0.000,0.019948,25065.2,96.00,96.00,10640,449418,0,2
dotmatch_indexed,synthetic_barcode,one_substitution,500,96,24,2,0.000,0.000,0.104123,4802.0,1.00,1.00,10640,481391,0,2
dotmatch_scan,synthetic_barcode,one_substitution,500,96,24,2,0.000,0.000,0.006043,82740.4,96.00,96.00,10640,481391,0,2
edlib_native_scan,synthetic_barcode,one_substitution,500,96,24,2,0.000,0.000,0.019888,25140.8,96.00,96.00,10640,481391,0,2
dotmatch_indexed,synthetic_barcode,one_substitution,500,96,24,2,0.005,0.000,0.104800,4771.0,1.00,1.00,10640,481408,0,2
dotmatch_scan,synthetic_barcode,one_substitution,500,96,24,2,0.005,0.000,0.006045,82713.0,96.00,96.00,10640,481408,0,2
edlib_native_scan,synthetic_barcode,one_substitution,500,96,24,2,0.005,0.000,0.019890,25138.3,96.00,96.00,10640,481408,0,2
dotmatch_indexed,synthetic_barcode,one_substitution,500,96,24,2,0.010,0.000,0.105346,4746.3,1.00,1.00,10640,474115,0,2
dotmatch_scan,synthetic_barcode,one_substitution,500,96,24,2,0.010,0.000,0.006025,82987.6,96.00,96.00,10640,474115,0,2
edlib_native_scan,synthetic_barcode,one_substitution,500,96,24,2,0.010,0.000,0.019926,25092.8,96.00,96.00,10640,474115,0,2
dotmatch_indexed,synthetic_barcode,one_substitution,500,96,24,2,0.030,0.000,0.104473,4785.9,1.00,1.00,10640,486219,0,2
dotmatch_scan,synthetic_barcode,one_substitution,500,96,24,2,0.030,0.000,0.006150,81300.8,96.00,96.00,10640,486219,0,2
edlib_native_scan,synthetic_barcode,one_substitution,500,96,24,2,0.030,0.000,0.020165,24795.4,96.00,96.00,10640,486219,0,2
dotmatch_indexed,synthetic_barcode,one_insertion,500,96,24,2,0.000,0.042,0.110825,4511.6,1.00,1.00,10640,471429,0,2
dotmatch_scan,synthetic_barcode,one_insertion,500,96,24,2,0.000,0.042,0.006353,78703.0,96.00,96.00,10640,471429,0,2
edlib_native_scan,synthetic_barcode,one_insertion,500,96,24,2,0.000,0.042,0.020352,24567.6,96.00,96.00,10640,471429,0,2
dotmatch_indexed,synthetic_barcode,one_deletion,500,96,24,2,0.000,0.042,0.097786,5113.2,1.00,1.00,10640,474710,0,2
dotmatch_scan,synthetic_barcode,one_deletion,500,96,24,2,0.000,0.042,0.005951,84019.5,96.00,96.00,10640,474710,0,2
edlib_native_scan,synthetic_barcode,one_deletion,500,96,24,2,0.000,0.042,0.020467,24429.6,96.00,96.00,10640,474710,0,2
dotmatch_indexed,synthetic_barcode,exact,500,737,24,0,0.000,0.000,0.000055,9090916.8,1.00,1.00,10640,3159966,0,2
dotmatch_exact_direct,synthetic_barcode,exact,500,737,24,0,0.000,0.000,0.000045,11111112.7,1.00,1.00,10640,3159966,0,2
dotmatch_exact_batch,synthetic_barcode,exact,500,737,24,0,0.000,0.000,0.000048,10416663.1,1.00,1.00,10640,3159966,0,2
dotmatch_scan,synthetic_barcode,exact,500,737,24,0,0.000,0.000,0.000604,827814.6,737.00,737.00,10640,3159966,0,2
edlib_native_scan,synthetic_barcode,exact,500,737,24,0,0.000,0.000,0.102708,4868.2,737.00,737.00,10640,3159966,0,2
exact_hash_lookup,synthetic_barcode,exact,500,737,24,0,0.000,0.000,0.000067,7462694.6,1.00,1.00,10640,3159966,0,2
dotmatch_indexed,synthetic_barcode,one_substitution,500,737,24,0,0.000,0.000,0.000058,8620693.2,0.00,0.00,10640,0,0,2
dotmatch_exact_direct,synthetic_barcode,one_substitution,500,737,24,0,0.000,0.000,0.000051,9803914.1,0.00,0.00,10640,0,0,2
dotmatch_exact_batch,synthetic_barcode,one_substitution,500,737,24,0,0.000,0.000,0.000047,10638295.9,0.00,0.00,10640,0,0,2
dotmatch_scan,synthetic_barcode,one_substitution,500,737,24,0,0.000,0.000,0.000653,765696.8,737.00,737.00,10640,0,0,2
edlib_native_scan,synthetic_barcode,one_substitution,500,737,24,0,0.000,0.000,0.102459,4880.0,737.00,737.00,10640,0,0,2
exact_hash_lookup,synthetic_barcode,one_substitution,500,737,24,0,0.000,0.000,0.000060,8333334.6,0.00,0.00,10640,0,0,2
dotmatch_indexed,synthetic_barcode,one_substitution,500,737,24,0,0.005,0.000,0.000059,8474561.9,0.00,0.00,10640,0,0,2
dotmatch_exact_direct,synthetic_barcode,one_substitution,500,737,24,0,0.005,0.000,0.000052,9615397.5,0.00,0.00,10640,0,0,2
dotmatch_exact_batch,synthetic_barcode,one_substitution,500,737,24,0,0.005,0.000,0.000048,10416663.1,0.00,0.00,10640,0,0,2
dotmatch_scan,synthetic_barcode,one_substitution,500,737,24,0,0.005,0.000,0.000620,806451.5,737.00,737.00,10640,0,0,2
edlib_native_scan,synthetic_barcode,one_substitution,500,737,24,0,0.005,0.000,0.102463,4879.8,737.00,737.00,10640,0,0,2
exact_hash_lookup,synthetic_barcode,one_substitution,500,737,24,0,0.005,0.000,0.000066,7575766.7,0.00,0.00,10640,0,0,2
dotmatch_indexed,synthetic_barcode,one_substitution,500,737,24,0,0.010,0.000,0.000059,8474578.6,0.00,0.00,10640,0,0,2
dotmatch_exact_direct,synthetic_barcode,one_substitution,500,737,24,0,0.010,0.000,0.000053,9433952.6,0.00,0.00,10640,0,0,2
dotmatch_exact_batch,synthetic_barcode,one_substitution,500,737,24,0,0.010,0.000,0.000050,10000017.0,0.00,0.00,10640,0,0,2
dotmatch_scan,synthetic_barcode,one_substitution,500,737,24,0,0.010,0.000,0.000619,807754.4,737.00,737.00,10640,0,0,2
edlib_native_scan,synthetic_barcode,one_substitution,500,737,24,0,0.010,0.000,0.102338,4885.8,737.00,737.00,10640,0,0,2
exact_hash_lookup,synthetic_barcode,one_substitution,500,737,24,0,0.010,0.000,0.000059,8474578.6,0.00,0.00,10640,0,0,2
dotmatch_indexed,synthetic_barcode,one_substitution,500,737,24,0,0.030,0.000,0.000059,8474578.6,0.00,0.00,10640,0,0,2
dotmatch_exact_direct,synthetic_barcode,one_substitution,500,737,24,0,0.030,0.000,0.000051,9803914.1,0.00,0.00,10640,0,0,2
dotmatch_exact_batch,synthetic_barcode,one_substitution,500,737,24,0,0.030,0.000,0.000048,10416663.1,0.00,0.00,10640,0,0,2
dotmatch_scan,synthetic_barcode,one_substitution,500,737,24,0,0.030,0.000,0.000602,830564.7,737.00,737.00,10640,0,0,2
edlib_native_scan,synthetic_barcode,one_substitution,500,737,24,0,0.030,0.000,0.103740,4819.7,737.00,737.00,10640,0,0,2
exact_hash_lookup,synthetic_barcode,one_substitution,500,737,24,0,0.030,0.000,0.000056,8928559.1,0.00,0.00,10640,0,0,2
dotmatch_indexed,synthetic_barcode,exact,500,737,24,1,0.000,0.000,0.000742,673854.5,1.00,1.00,10640,3227660,0,2
dotmatch_scan,synthetic_barcode,exact,500,737,24,1,0.000,0.000,0.000687,727802.0,737.00,737.00,10640,3227660,0,2
edlib_native_scan,synthetic_barcode,exact,500,737,24,1,0.000,0.000,0.153420,3259.0,737.00,737.00,10640,3227660,0,2
bk_tree,synthetic_barcode,exact,500,737,24,1,0.000,0.000,0.004237,118008.0,57.95,57.95,10640,3227660,0,2
neighbor_lookup,synthetic_barcode,exact,500,737,24,1,0.000,0.000,0.003889,128567.8,1.00,1.00,10640,3227660,0,2
dotmatch_indexed,synthetic_barcode,one_substitution,500,737,24,1,0.000,0.000,0.000732,683060.1,1.00,1.00,10640,3121508,0,2
dotmatch_scan,synthetic_barcode,one_substitution,500,737,24,1,0.000,0.000,0.000515,970873.6,737.00,737.00,10640,3121508,0,2
edlib_native_scan,synthetic_barcode,one_substitution,500,737,24,1,0.000,0.000,0.153414,3259.2,737.00,737.00,10640,3121508,0,2
bk_tree,synthetic_barcode,one_substitution,500,737,24,1,0.000,0.000,0.004278,116877.0,58.85,58.85,10640,3121508,0,2
neighbor_lookup,synthetic_barcode,one_substitution,500,737,24,1,0.000,0.000,0.003802,131509.7,1.00,1.00,10640,3121508,0,2
dotmatch_indexed,synthetic_barcode,one_substitution,500,737,24,1,0.005,0.000,0.000738,677506.7,1.00,1.00,10640,3115694,0,2
dotmatch_scan,synthetic_barcode,one_substitution,500,737,24,1,0.005,0.000,0.000653,765696.8,737.00,737.00,10640,3115694,0,2
edlib_native_scan,synthetic_barcode,one_substitution,500,737,24,1,0.005,0.000,0.153358,3260.3,737.00,737.00,10640,3115694,0,2
bk_tree,synthetic_barcode,one_substitution,500,737,24,1,0.005,0.000,0.004106,121773.0,56.23,56.23,10640,3115694,0,2
neighbor_lookup,synthetic_barcode,one_substitution,500,737,24,1,0.005,0.000,0.003722,134336.4,1.00,1.00,10640,3115694,0,2
dotmatch_indexed,synthetic_barcode,one_substitution,500,737,24,1,0.010,0.000,0.000746,670241.3,1.00,1.00,10640,3173256,0,2
dotmatch_scan,synthetic_barcode,one_substitution,500,737,24,1,0.010,0.000,0.000518,965251.0,737.00,737.00,10640,3173256,0,2
edlib_native_scan,synthetic_barcode,one_substitution,500,737,24,1,0.010,0.000,0.153315,3261.3,737.00,737.00,10640,3173256,0,2
bk_tree,synthetic_barcode,one_substitution,500,737,24,1,0.010,0.000,0.004148,120540.0,56.84,56.84,10640,3173256,0,2
neighbor_lookup,synthetic_barcode,one_substitution,500,737,24,1,0.010,0.000,0.003796,131717.6,1.00,1.00,10640,3173256,0,2
dotmatch_indexed,synthetic_barcode,one_substitution,500,737,24,1,0.030,0.000,0.000818,611247.0,1.00,1.00,10640,3089004,0,2
dotmatch_scan,synthetic_barcode,one_substitution,500,737,24,1,0.030,0.000,0.000520,961538.5,737.00,737.00,10640,3089004,0,2
edlib_native_scan,synthetic_barcode,one_substitution,500,737,24,1,0.030,0.000,0.152851,3271.2,737.00,737.00,10640,3089004,0,2
bk_tree,synthetic_barcode,one_substitution,500,737,24,1,0.030,0.000,0.004144,120656.4,57.69,57.69,10640,3089004,0,2
neighbor_lookup,synthetic_barcode,one_substitution,500,737,24,1,0.030,0.000,0.003857,129634.4,1.00,1.00,10640,3089004,0,2
dotmatch_indexed,synthetic_barcode,exact,500,737,24,2,0.000,0.000,0.105513,4738.8,1.00,1.00,10640,3390911,0,2
dotmatch_scan,synthetic_barcode,exact,500,737,24,2,0.000,0.000,0.046656,10716.7,737.00,737.00,10640,3390911,0,2
edlib_native_scan,synthetic_barcode,exact,500,737,24,2,0.000,0.000,0.150454,3323.3,737.00,737.00,10640,3390911,0,2
dotmatch_indexed,synthetic_barcode,one_substitution,500,737,24,2,0.000,0.000,0.104019,4806.8,1.00,1.00,10640,3274695,0,2
dotmatch_scan,synthetic_barcode,one_substitution,500,737,24,2,0.000,0.000,0.046733,10699.1,737.00,737.00,10640,3274695,0,2
edlib_native_scan,synthetic_barcode,one_substitution,500,737,24,2,0.000,0.000,0.150594,3320.2,737.00,737.00,10640,3274695,0,2
dotmatch_indexed,synthetic_barcode,one_substitution,500,737,24,2,0.005,0.000,0.103267,4841.8,1.00,1.00,10640,3254788,0,2
dotmatch_scan,synthetic_barcode,one_substitution,500,737,24,2,0.005,0.000,0.046398,10776.3,737.00,737.00,10640,3254788,0,2
edlib_native_scan,synthetic_barcode,one_substitution,500,737,24,2,0.005,0.000,0.151654,3297.0,737.00,737.00,10640,3254788,0,2
dotmatch_indexed,synthetic_barcode,one_substitution,500,737,24,2,0.010,0.000,0.103145,4847.5,1.00,1.00,10640,3287564,0,2
dotmatch_scan,synthetic_barcode,one_substitution,500,737,24,2,0.010,0.000,0.046431,10768.7,737.00,737.00,10640,3287564,0,2
edlib_native_scan,synthetic_barcode,one_substitution,500,737,24,2,0.010,0.000,0.152013,3289.2,737.00,737.00,10640,3287564,0,2
dotmatch_indexed,synthetic_barcode,one_substitution,500,737,24,2,0.030,0.000,0.103400,4835.6,1.00,1.00,10640,3124636,0,2
dotmatch_scan,synthetic_barcode,one_substitution,500,737,24,2,0.030,0.000,0.046935,10653.0,737.00,737.00,10640,3124636,0,2
edlib_native_scan,synthetic_barcode,one_substitution,500,737,24,2,0.030,0.000,0.150224,3328.4,737.00,737.00,10640,3124636,0,2
dotmatch_indexed,synthetic_barcode,one_insertion,500,737,24,2,0.000,0.042,0.110481,4525.7,1.00,1.00,10640,3291134,0,2
dotmatch_scan,synthetic_barcode,one_insertion,500,737,24,2,0.000,0.042,0.047594,10505.5,737.00,737.00,10640,3291134,0,2
edlib_native_scan,synthetic_barcode,one_insertion,500,737,24,2,0.000,0.042,0.153274,3262.1,737.00,737.00,10640,3291134,0,2
dotmatch_indexed,synthetic_barcode,one_deletion,500,737,24,2,0.000,0.042,0.096518,5180.4,1.00,1.00,10640,3085842,0,2
dotmatch_scan,synthetic_barcode,one_deletion,500,737,24,2,0.000,0.042,0.044980,11116.1,737.00,737.00,10640,3085842,0,2
edlib_native_scan,synthetic_barcode,one_deletion,500,737,24,2,0.000,0.042,0.152555,3277.5,737.00,737.00,10640,3085842,0,2
dotmatch_indexed,synthetic_barcode,exact,500,4096,24,0,0.000,0.000,0.000058,8620693.2,1.00,1.00,11648,16735316,0,2
dotmatch_exact_direct,synthetic_barcode,exact,500,4096,24,0,0.000,0.000,0.000054,9259268.6,1.00,1.00,11648,16735316,0,2
dotmatch_exact_batch,synthetic_barcode,exact,500,4096,24,0,0.000,0.000,0.000053,9433952.6,1.00,1.00,11648,16735316,0,2
dotmatch_scan,synthetic_barcode,exact,500,4096,24,0,0.000,0.000,0.003341,149655.8,4096.00,4096.00,11648,16735316,0,2
edlib_native_scan,synthetic_barcode,exact,500,4096,24,0,0.000,0.000,0.567972,880.3,4096.00,4096.00,11648,16735316,0,2
exact_hash_lookup,synthetic_barcode,exact,500,4096,24,0,0.000,0.000,0.000316,1582278.1,1.00,1.00,11664,16735316,0,2
dotmatch_indexed,synthetic_barcode,one_substitution,500,4096,24,0,0.000,0.000,0.000060,8333334.6,0.00,0.00,14128,0,0,2
dotmatch_exact_direct,synthetic_barcode,one_substitution,500,4096,24,0,0.000,0.000,0.000054,9259248.6,0.00,0.00,14128,0,0,2
dotmatch_exact_batch,synthetic_barcode,one_substitution,500,4096,24,0,0.000,0.000,0.000051,9803914.1,0.00,0.00,14128,0,0,2
dotmatch_scan,synthetic_barcode,one_substitution,500,4096,24,0,0.000,0.000,0.003343,149566.3,4096.00,4096.00,14128,0,0,2
edlib_native_scan,synthetic_barcode,one_substitution,500,4096,24,0,0.000,0.000,0.568456,879.6,4096.00,4096.00,14128,0,0,2
exact_hash_lookup,synthetic_barcode,one_substitution,500,4096,24,0,0.000,0.000,0.000268,1865671.2,0.00,0.00,14128,0,0,2
dotmatch_indexed,synthetic_barcode,one_substitution,500,4096,24,0,0.005,0.000,0.000060,8333334.6,0.00,0.00,14160,0,0,2
dotmatch_exact_direct,synthetic_barcode,one_substitution,500,4096,24,0,0.005,0.000,0.000056,8928577.7,0.00,0.00,14160,0,0,2
dotmatch_exact_batch,synthetic_barcode,one_substitution,500,4096,24,0,0.005,0.000,0.000054,9259248.6,0.00,0.00,14160,0,0,2
dotmatch_scan,synthetic_barcode,one_substitution,500,4096,24,0,0.005,0.000,0.003376,148104.3,4096.00,4096.00,14160,0,0,2
edlib_native_scan,synthetic_barcode,one_substitution,500,4096,24,0,0.005,0.000,0.568075,880.2,4096.00,4096.00,14160,0,0,2
exact_hash_lookup,synthetic_barcode,one_substitution,500,4096,24,0,0.005,0.000,0.000296,1689188.9,0.00,0.00,14160,0,0,2
dotmatch_indexed,synthetic_barcode,one_substitution,500,4096,24,0,0.010,0.000,0.000060,8333334.6,0.00,0.00,14160,0,0,2
dotmatch_exact_direct,synthetic_barcode,one_substitution,500,4096,24,0,0.010,0.000,0.000052,9615397.5,0.00,0.00,14160,0,0,2
dotmatch_exact_batch,synthetic_barcode,one_substitution,500,4096,24,0,0.010,0.000,0.000051,9803914.1,0.00,0.00,14160,0,0,2
dotmatch_scan,synthetic_barcode,one_substitution,500,4096,24,0,0.010,0.000,0.003340,149700.6,4096.00,4096.00,14160,0,0,2
edlib_native_scan,synthetic_barcode,one_substitution,500,4096,24,0,0.010,0.000,0.569134,878.5,4096.00,4096.00,14160,0,0,2
exact_hash_lookup,synthetic_barcode,one_substitution,500,4096,24,0,0.010,0.000,0.000279,1792114.5,0.00,0.00,14176,0,0,2
dotmatch_indexed,synthetic_barcode,one_substitution,500,4096,24,0,0.030,0.000,0.000060,8333334.6,0.00,0.00,14176,0,0,2
dotmatch_exact_direct,synthetic_barcode,one_substitution,500,4096,24,0,0.030,0.000,0.000056,8928559.1,0.00,0.00,14176,0,0,2
dotmatch_exact_batch,synthetic_barcode,one_substitution,500,4096,24,0,0.030,0.000,0.000055,9090916.8,0.00,0.00,14176,0,0,2
dotmatch_scan,synthetic_barcode,one_substitution,500,4096,24,0,0.030,0.000,0.003354,149075.7,4096.00,4096.00,14176,0,0,2
edlib_native_scan,synthetic_barcode,one_substitution,500,4096,24,0,0.030,0.000,0.569348,878.2,4096.00,4096.00,14176,0,0,2
exact_hash_lookup,synthetic_barcode,one_substitution,500,4096,24,0,0.030,0.000,0.000290,1724138.0,0.00,0.00,14176,0,0,2
dotmatch_indexed,synthetic_barcode,exact,500,4096,24,1,0.000,0.000,0.000728,686813.2,1.00,1.00,14176,17524371,0,2
dotmatch_scan,synthetic_barcode,exact,500,4096,24,1,0.000,0.000,0.003731,134012.3,4096.00,4096.00,14176,17524371,0,2
edlib_native_scan,synthetic_barcode,exact,500,4096,24,1,0.000,0.000,0.852648,586.4,4096.00,4096.00,14176,17524371,0,2
bk_tree,synthetic_barcode,exact,500,4096,24,1,0.000,0.000,0.013706,36480.4,160.08,160.08,14208,17524371,0,2
neighbor_lookup,synthetic_barcode,exact,500,4096,24,1,0.000,0.000,0.004131,121036.1,1.00,1.00,14336,17524371,0,2
dotmatch_indexed,synthetic_barcode,one_substitution,500,4096,24,1,0.000,0.000,0.000738,677506.9,1.00,1.00,14336,17658956,0,2
dotmatch_scan,synthetic_barcode,one_substitution,500,4096,24,1,0.000,0.000,0.003322,150511.7,4096.00,4096.00,14336,17658956,0,2
edlib_native_scan,synthetic_barcode,one_substitution,500,4096,24,1,0.000,0.000,0.858822,582.2,4096.00,4096.00,14336,17658956,0,2
bk_tree,synthetic_barcode,one_substitution,500,4096,24,1,0.000,0.000,0.013940,35868.0,163.57,163.57,14336,17658956,0,2
neighbor_lookup,synthetic_barcode,one_substitution,500,4096,24,1,0.000,0.000,0.004227,118287.2,1.00,1.00,14336,17658956,0,2
dotmatch_indexed,synthetic_barcode,one_substitution,500,4096,24,1,0.005,0.000,0.000740,675675.7,1.00,1.00,14336,16977256,0,2
dotmatch_scan,synthetic_barcode,one_substitution,500,4096,24,1,0.005,0.000,0.003308,151148.7,4096.00,4096.00,14336,16977256,0,2
edlib_native_scan,synthetic_barcode,one_substitution,500,4096,24,1,0.005,0.000,0.853226,586.0,4096.00,4096.00,14336,16977256,0,2
bk_tree,synthetic_barcode,one_substitution,500,4096,24,1,0.005,0.000,0.013617,36718.8,160.60,160.60,14368,16977256,0,2
neighbor_lookup,synthetic_barcode,one_substitution,500,4096,24,1,0.005,0.000,0.004085,122399.0,1.00,1.00,14368,16977256,0,2
dotmatch_indexed,synthetic_barcode,one_substitution,500,4096,24,1,0.010,0.000,0.000697,717360.2,1.00,1.00,14368,16960800,0,2
dotmatch_scan,synthetic_barcode,one_substitution,500,4096,24,1,0.010,0.000,0.003766,132766.9,4096.00,4096.00,14368,16960800,0,2
edlib_native_scan,synthetic_barcode,one_substitution,500,4096,24,1,0.010,0.000,0.851470,587.2,4096.00,4096.00,14368,16960800,0,2
bk_tree,synthetic_barcode,one_substitution,500,4096,24,1,0.010,0.000,0.013817,36187.3,164.69,164.69,14368,16960800,0,2
neighbor_lookup,synthetic_barcode,one_substitution,500,4096,24,1,0.010,0.000,0.004137,120860.5,1.00,1.00,14368,16960800,0,2
dotmatch_indexed,synthetic_barcode,one_substitution,500,4096,24,1,0.030,0.000,0.000756,661375.7,1.00,1.00,14368,16601862,0,2
dotmatch_scan,synthetic_barcode,one_substitution,500,4096,24,1,0.030,0.000,0.003328,150240.4,4096.00,4096.00,14368,16601862,0,2
edlib_native_scan,synthetic_barcode,one_substitution,500,4096,24,1,0.030,0.000,0.855989,584.1,4096.00,4096.00,14368,16601862,0,2
bk_tree,synthetic_barcode,one_substitution,500,4096,24,1,0.030,0.000,0.014157,35318.2,168.44,168.44,14368,16601862,0,2
neighbor_lookup,synthetic_barcode,one_substitution,500,4096,24,1,0.030,0.000,0.003982,125565.0,1.00,1.00,14368,16601862,0,2
dotmatch_indexed,synthetic_barcode,exact,500,4096,24,2,0.000,0.000,0.093943,5322.4,1.00,1.00,14368,17440663,0,2
dotmatch_scan,synthetic_barcode,exact,500,4096,24,2,0.000,0.000,0.259918,1923.7,4096.00,4096.00,14368,17440663,0,2
edlib_native_scan,synthetic_barcode,exact,500,4096,24,2,0.000,0.000,0.837160,597.3,4096.00,4096.00,14368,17440663,0,2
dotmatch_indexed,synthetic_barcode,one_substitution,500,4096,24,2,0.000,0.000,0.092077,5430.2,1.00,1.00,14368,17298556,0,2
dotmatch_scan,synthetic_barcode,one_substitution,500,4096,24,2,0.000,0.000,0.256760,1947.3,4096.00,4096.00,14368,17298556,0,2
edlib_native_scan,synthetic_barcode,one_substitution,500,4096,24,2,0.000,0.000,0.837179,597.2,4096.00,4096.00,14368,17298556,0,2
dotmatch_indexed,synthetic_barcode,one_substitution,500,4096,24,2,0.005,0.000,0.092068,5430.8,1.00,1.00,14368,17631705,0,2
dotmatch_scan,synthetic_barcode,one_substitution,500,4096,24,2,0.005,0.000,0.257212,1943.9,4096.00,4096.00,14368,17631705,0,2
edlib_native_scan,synthetic_barcode,one_substitution,500,4096,24,2,0.005,0.000,0.837304,597.2,4096.00,4096.00,14368,17631705,0,2
dotmatch_indexed,synthetic_barcode,one_substitution,500,4096,24,2,0.010,0.000,0.091884,5441.6,1.00,1.00,14368,17520236,0,2
dotmatch_scan,synthetic_barcode,one_substitution,500,4096,24,2,0.010,0.000,0.255943,1953.6,4096.00,4096.00,14368,17520236,0,2
edlib_native_scan,synthetic_barcode,one_substitution,500,4096,24,2,0.010,0.000,0.835290,598.6,4096.00,4096.00,14368,17520236,0,2
dotmatch_indexed,synthetic_barcode,one_substitution,500,4096,24,2,0.030,0.000,0.092014,5434.0,1.00,1.00,14368,17471174,0,2
dotmatch_scan,synthetic_barcode,one_substitution,500,4096,24,2,0.030,0.000,0.255331,1958.2,4096.00,4096.00,14368,17471174,0,2
edlib_native_scan,synthetic_barcode,one_substitution,500,4096,24,2,0.030,0.000,0.841553,594.1,4096.00,4096.00,14368,17471174,0,2
dotmatch_indexed,synthetic_barcode,one_insertion,500,4096,24,2,0.000,0.042,0.098094,5097.2,1.00,1.00,14368,17590973,0,2
dotmatch_scan,synthetic_barcode,one_insertion,500,4096,24,2,0.000,0.042,0.262616,1903.9,4096.00,4096.00,14368,17590973,0,2
edlib_native_scan,synthetic_barcode,one_insertion,500,4096,24,2,0.000,0.042,0.854770,585.0,4096.00,4096.00,14368,17590973,0,2
dotmatch_indexed,synthetic_barcode,one_deletion,500,4096,24,2,0.000,0.042,0.088683,5638.1,1.00,1.00,14368,18008204,0,2
dotmatch_scan,synthetic_barcode,one_deletion,500,4096,24,2,0.000,0.042,0.255059,1960.3,4096.00,4096.00,14368,18008204,0,2
edlib_native_scan,synthetic_barcode,one_deletion,500,4096,24,2,0.000,0.042,0.855480,584.5,4096.00,4096.00,14368,18008204,0,2
dotmatch_indexed,synthetic_barcode,exact,500,96,32,0,0.000,0.000,0.000042,11904770.2,1.00,1.00,14464,449520,0,2
dotmatch_exact_direct,synthetic_barcode,exact,500,96,32,0,0.000,0.000,0.000027,18518537.2,1.00,1.00,14464,449520,0,2
dotmatch_exact_batch,synthetic_barcode,exact,500,96,32,0,0.000,0.000,0.000028,17857155.4,1.00,1.00,14464,449520,0,2
dotmatch_scan,synthetic_barcode,exact,500,96,32,0,0.000,0.000,0.000085,5882348.4,96.00,96.00,14464,449520,0,2
edlib_native_scan,synthetic_barcode,exact,500,96,32,0,0.000,0.000,0.014602,34241.9,96.00,96.00,14464,449520,0,2
exact_hash_lookup,synthetic_barcode,exact,500,96,32,0,0.000,0.000,0.000026,19230795.0,1.00,1.00,14480,449520,0,2
dotmatch_indexed,synthetic_barcode,one_substitution,500,96,32,0,0.000,0.000,0.000065,7692318.0,0.00,0.00,14496,0,0,2
dotmatch_exact_direct,synthetic_barcode,one_substitution,500,96,32,0,0.000,0.000,0.000052,9615376.0,0.00,0.00,14496,0,0,2
dotmatch_exact_batch,synthetic_barcode,one_substitution,500,96,32,0,0.000,0.000,0.000050,9999993.7,0.00,0.00,14496,0,0,2
dotmatch_scan,synthetic_barcode,one_substitution,500,96,32,0,0.000,0.000,0.000082,6097566.5,96.00,96.00,14496,0,0,2
edlib_native_scan,synthetic_barcode,one_substitution,500,96,32,0,0.000,0.000,0.014553,34357.2,96.00,96.00,14496,0,0,2
exact_hash_lookup,synthetic_barcode,one_substitution,500,96,32,0,0.000,0.000,0.000021,23809606.5,0.00,0.00,14496,0,0,2
dotmatch_indexed,synthetic_barcode,one_substitution,500,96,32,0,0.005,0.000,0.000058,8620693.2,0.00,0.00,14496,0,0,2
dotmatch_exact_direct,synthetic_barcode,one_substitution,500,96,32,0,0.005,0.000,0.000045,11111112.7,0.00,0.00,14496,0,0,2
dotmatch_exact_batch,synthetic_barcode,one_substitution,500,96,32,0,0.005,0.000,0.000041,12195098.3,0.00,0.00,14496,0,0,2
dotmatch_scan,synthetic_barcode,one_substitution,500,96,32,0,0.005,0.000,0.000083,6024101.2,96.00,96.00,14496,0,0,2
edlib_native_scan,synthetic_barcode,one_substitution,500,96,32,0,0.005,0.000,0.014626,34185.7,96.00,96.00,14496,0,0,2
exact_hash_lookup,synthetic_barcode,one_substitution,500,96,32,0,0.005,0.000,0.000020,25000100.7,0.00,0.00,14496,0,0,2
dotmatch_indexed,synthetic_barcode,one_substitution,500,96,32,0,0.010,0.000,0.000061,8196721.5,0.00,0.00,14496,0,0,2
dotmatch_exact_direct,synthetic_barcode,one_substitution,500,96,32,0,0.010,0.000,0.000044,11363640.0,0.00,0.00,14496,0,0,2
dotmatch_exact_batch,synthetic_barcode,one_substitution,500,96,32,0,0.010,0.000,0.000042,11904737.3,0.00,0.00,14496,0,0,2
dotmatch_scan,synthetic_barcode,one_substitution,500,96,32,0,0.010,0.000,0.000082,6097566.5,96.00,96.00,14496,0,0,2
edlib_native_scan,synthetic_barcode,one_substitution,500,96,32,0,0.010,0.000,0.014530,34411.6,96.00,96.00,14496,0,0,2
exact_hash_lookup,synthetic_barcode,one_substitution,500,96,32,0,0.010,0.000,0.000020,24999955.2,0.00,0.00,14496,0,0,2
dotmatch_indexed,synthetic_barcode,one_substitution,500,96,32,0,0.030,0.000,0.000059,8474578.6,0.00,0.00,14496,0,0,2
dotmatch_exact_direct,synthetic_barcode,one_substitution,500,96,32,0,0.030,0.000,0.000049,10204076.7,0.00,0.00,14496,0,0,2
dotmatch_exact_batch,synthetic_barcode,one_substitution,500,96,32,0,0.030,0.000,0.000048,10416663.1,0.00,0.00,14496,0,0,2
dotmatch_scan,synthetic_barcode,one_substitution,500,96,32,0,0.030,0.000,0.000088,5681820.0,96.00,96.00,14496,0,0,2
edlib_native_scan,synthetic_barcode,one_substitution,500,96,32,0,0.030,0.000,0.014622,34195.0,96.00,96.00,14496,0,0,2
exact_hash_lookup,synthetic_barcode,one_substitution,500,96,32,0,0.030,0.000,0.000021,23809606.5,0.00,0.00,14496,0,0,2
dotmatch_indexed,synthetic_barcode,exact,500,96,32,1,0.000,0.000,0.001100,454545.5,1.00,1.00,14496,443757,0,2
dotmatch_scan,synthetic_barcode,exact,500,96,32,1,0.000,0.000,0.000095,5263156.5,96.00,96.00,14496,443757,0,2
edlib_native_scan,synthetic_barcode,exact,500,96,32,1,0.000,0.000,0.022246,22476.0,96.00,96.00,14496,443757,0,2
bk_tree,synthetic_barcode,exact,500,96,32,1,0.000,0.000,0.001302,384024.6,15.38,15.38,14496,443757,0,2
neighbor_lookup,synthetic_barcode,exact,500,96,32,1,0.000,0.000,0.005672,88152.3,1.00,1.00,14496,443757,0,2
dotmatch_indexed,synthetic_barcode,one_substitution,500,96,32,1,0.000,0.000,0.001174,425894.4,1.00,1.00,14496,471514,0,2
dotmatch_scan,synthetic_barcode,one_substitution,500,96,32,1,0.000,0.000,0.000093,5376343.5,96.00,96.00,14496,471514,0,2
edlib_native_scan,synthetic_barcode,one_substitution,500,96,32,1,0.000,0.000,0.022296,22425.5,96.00,96.00,14496,471514,0,2
bk_tree,synthetic_barcode,one_substitution,500,96,32,1,0.000,0.000,0.001204,415282.4,14.75,14.75,14496,471514,0,2
neighbor_lookup,synthetic_barcode,one_substitution,500,96,32,1,0.000,0.000,0.005797,86251.5,1.00,1.00,14496,471514,0,2
dotmatch_indexed,synthetic_barcode,one_substitution,500,96,32,1,0.005,0.000,0.001167,428449.0,1.00,1.00,14496,481425,0,2
dotmatch_scan,synthetic_barcode,one_substitution,500,96,32,1,0.005,0.000,0.000095,5263156.5,96.00,96.00,14496,481425,0,2
edlib_native_scan,synthetic_barcode,one_substitution,500,96,32,1,0.005,0.000,0.022281,22440.6,96.00,96.00,14496,481425,0,2
bk_tree,synthetic_barcode,one_substitution,500,96,32,1,0.005,0.000,0.001106,452079.5,13.31,13.31,14496,481425,0,2
neighbor_lookup,synthetic_barcode,one_substitution,500,96,32,1,0.005,0.000,0.005737,87153.6,1.00,1.00,14496,481425,0,2
dotmatch_indexed,synthetic_barcode,one_substitution,500,96,32,1,0.010,0.000,0.001181,423370.0,1.00,1.00,14496,467774,0,2
dotmatch_scan,synthetic_barcode,one_substitution,500,96,32,1,0.010,0.000,0.000084,5952385.1,96.00,96.00,14496,467774,0,2
edlib_native_scan,synthetic_barcode,one_substitution,500,96,32,1,0.010,0.000,0.022397,22324.4,96.00,96.00,14496,467774,0,2
bk_tree,synthetic_barcode,one_substitution,500,96,32,1,0.010,0.000,0.001243,402252.6,15.08,15.08,14496,467774,0,2
neighbor_lookup,synthetic_barcode,one_substitution,500,96,32,1,0.010,0.000,0.005727,87305.7,1.00,1.00,14496,467774,0,2
dotmatch_indexed,synthetic_barcode,one_substitution,500,96,32,1,0.030,0.000,0.001211,412881.9,1.00,1.00,14496,469474,0,2
dotmatch_scan,synthetic_barcode,one_substitution,500,96,32,1,0.030,0.000,0.000095,5263156.5,96.00,96.00,14496,469474,0,2
edlib_native_scan,synthetic_barcode,one_substitution,500,96,32,1,0.030,0.000,0.022422,22299.5,96.00,96.00,14496,469474,0,2
bk_tree,synthetic_barcode,one_substitution,500,96,32,1,0.030,0.000,0.001246,401284.1,15.13,15.13,14496,469474,0,2
neighbor_lookup,synthetic_barcode,one_substitution,500,96,32,1,0.030,0.000,0.005913,84559.4,1.00,1.00,14496,469474,0,2
dotmatch_indexed,synthetic_barcode,exact,500,96,32,2,0.000,0.000,0.058302,8576.0,1.00,1.00,14496,468050,0,2
dotmatch_scan,synthetic_barcode,exact,500,96,32,2,0.000,0.000,0.007772,64333.5,96.00,96.00,14496,468050,0,2
edlib_native_scan,synthetic_barcode,exact,500,96,32,2,0.000,0.000,0.021923,22807.1,96.00,96.00,14496,468050,0,2
dotmatch_indexed,synthetic_barcode,one_substitution,500,96,32,2,0.000,0.000,0.057512,8693.8,1.00,1.00,14496,452474,0,2
dotmatch_scan,synthetic_barcode,one_substitution,500,96,32,2,0.000,0.000,0.007773,64325.2,96.00,96.00,14496,452474,0,2
edlib_native_scan,synthetic_barcode,one_substitution,500,96,32,2,0.000,0.000,0.022192,22530.6,96.00,96.00,14496,452474,0,2
dotmatch_indexed,synthetic_barcode,one_substitution,500,96,32,2,0.005,0.000,0.057073,8760.7,1.00,1.00,14496,482411,0,2
dotmatch_scan,synthetic_barcode,one_substitution,500,96,32,2,0.005,0.000,0.007735,64641.2,96.00,96.00,14496,482411,0,2
edlib_native_scan,synthetic_barcode,one_substitution,500,96,32,2,0.005,0.000,0.022116,22608.1,96.00,96.00,14496,482411,0,2
dotmatch_indexed,synthetic_barcode,one_substitution,500,96,32,2,0.010,0.000,0.056632,8828.9,1.00,1.00,14496,454514,0,2
dotmatch_scan,synthetic_barcode,one_substitution,500,96,32,2,0.010,0.000,0.007799,64110.8,96.00,96.00,14496,454514,0,2
edlib_native_scan,synthetic_barcode,one_substitution,500,96,32,2,0.010,0.000,0.021903,22827.9,96.00,96.00,14496,454514,0,2
dotmatch_indexed,synthetic_barcode,one_substitution,500,96,32,2,0.030,0.000,0.056534,8844.2,1.00,1.00,14496,467825,0,2
dotmatch_scan,synthetic_barcode,one_substitution,500,96,32,2,0.030,0.000,0.007858,63629.4,96.00,96.00,14496,467825,0,2
edlib_native_scan,synthetic_barcode,one_substitution,500,96,32,2,0.030,0.000,0.022061,22664.4,96.00,96.00,14496,467825,0,2
dotmatch_indexed,synthetic_barcode,one_insertion,500,96,32,2,0.000,0.031,0.013036,38355.3,1.00,1.00,14496,482972,0,2
dotmatch_scan,synthetic_barcode,one_insertion,500,96,32,2,0.000,0.031,0.008122,61561.2,96.00,96.00,14496,482972,0,2
edlib_native_scan,synthetic_barcode,one_insertion,500,96,32,2,0.000,0.031,0.022371,22350.4,96.00,96.00,14496,482972,0,2
dotmatch_indexed,synthetic_barcode,one_deletion,500,96,32,2,0.000,0.031,0.129053,3874.4,1.00,1.00,14496,465530,0,2
dotmatch_scan,synthetic_barcode,one_deletion,500,96,32,2,0.000,0.031,0.007943,62948.5,96.00,96.00,14496,465530,0,2
edlib_native_scan,synthetic_barcode,one_deletion,500,96,32,2,0.000,0.031,0.022315,22406.5,96.00,96.00,14496,465530,0,2
dotmatch_indexed,synthetic_barcode,exact,500,737,32,0,0.000,0.000,0.000072,6944447.7,1.00,1.00,14528,3080610,0,2
dotmatch_exact_direct,synthetic_barcode,exact,500,737,32,0,0.000,0.000,0.000063,7936506.2,1.00,1.00,14528,3080610,0,2
dotmatch_exact_batch,synthetic_barcode,exact,500,737,32,0,0.000,0.000,0.000057,8771934.7,1.00,1.00,14528,3080610,0,2
dotmatch_scan,synthetic_barcode,exact,500,737,32,0,0.000,0.000,0.000611,818330.6,737.00,737.00,14528,3080610,0,2
edlib_native_scan,synthetic_barcode,exact,500,737,32,0,0.000,0.000,0.108938,4589.8,737.00,737.00,14528,3080610,0,2
exact_hash_lookup,synthetic_barcode,exact,500,737,32,0,0.000,0.000,0.000069,7246370.5,1.00,1.00,14576,3080610,0,2
dotmatch_indexed,synthetic_barcode,one_substitution,500,737,32,0,0.000,0.000,0.000077,6493506.1,0.00,0.00,14576,0,0,2
dotmatch_exact_direct,synthetic_barcode,one_substitution,500,737,32,0,0.000,0.000,0.000067,7462681.6,0.00,0.00,14576,0,0,2
dotmatch_exact_batch,synthetic_barcode,one_substitution,500,737,32,0,0.000,0.000,0.000064,7812497.4,0.00,0.00,14576,0,0,2
dotmatch_scan,synthetic_barcode,one_substitution,500,737,32,0,0.000,0.000,0.000657,761035.0,737.00,737.00,14576,0,0,2
edlib_native_scan,synthetic_barcode,one_substitution,500,737,32,0,0.000,0.000,0.109485,4566.8,737.00,737.00,14576,0,0,2
exact_hash_lookup,synthetic_barcode,one_substitution,500,737,32,0,0.000,0.000,0.000061,8196721.5,0.00,0.00,14576,0,0,2
dotmatch_indexed,synthetic_barcode,one_substitution,500,737,32,0,0.005,0.000,0.000078,6410255.4,0.00,0.00,14576,0,0,2
dotmatch_exact_direct,synthetic_barcode,one_substitution,500,737,32,0,0.005,0.000,0.000068,7352935.5,0.00,0.00,14576,0,0,2
dotmatch_exact_batch,synthetic_barcode,one_substitution,500,737,32,0,0.005,0.000,0.000073,6849317.5,0.00,0.00,14576,0,0,2
dotmatch_scan,synthetic_barcode,one_substitution,500,737,32,0,0.005,0.000,0.000607,823723.3,737.00,737.00,14576,0,0,2
edlib_native_scan,synthetic_barcode,one_substitution,500,737,32,0,0.005,0.000,0.109711,4557.4,737.00,737.00,14576,0,0,2
exact_hash_lookup,synthetic_barcode,one_substitution,500,737,32,0,0.005,0.000,0.000062,8064515.3,0.00,0.00,14576,0,0,2
dotmatch_indexed,synthetic_barcode,one_substitution,500,737,32,0,0.010,0.000,0.000077,6493506.1,0.00,0.00,14576,0,0,2
dotmatch_exact_direct,synthetic_barcode,one_substitution,500,737,32,0,0.010,0.000,0.000068,7352948.1,0.00,0.00,14576,0,0,2
dotmatch_exact_batch,synthetic_barcode,one_substitution,500,737,32,0,0.010,0.000,0.000064,7812497.4,0.00,0.00,14576,0,0,2
dotmatch_scan,synthetic_barcode,one_substitution,500,737,32,0,0.010,0.000,0.000615,813008.1,737.00,737.00,14576,0,0,2
edlib_native_scan,synthetic_barcode,one_substitution,500,737,32,0,0.010,0.000,0.109386,4571.0,737.00,737.00,14576,0,0,2
exact_hash_lookup,synthetic_barcode,one_substitution,500,737,32,0,0.010,0.000,0.000061,8196721.5,0.00,0.00,14576,0,0,2
dotmatch_indexed,synthetic_barcode,one_substitution,500,737,32,0,0.030,0.000,0.000078,6410255.4,0.00,0.00,14576,0,0,2
dotmatch_exact_direct,synthetic_barcode,one_substitution,500,737,32,0,0.030,0.000,0.000070,7142850.3,0.00,0.00,14576,0,0,2
dotmatch_exact_batch,synthetic_barcode,one_substitution,500,737,32,0,0.030,0.000,0.000067,7462694.6,0.00,0.00,14576,0,0,2
dotmatch_scan,synthetic_barcode,one_substitution,500,737,32,0,0.030,0.000,0.000600,833333.3,737.00,737.00,14576,0,0,2
edlib_native_scan,synthetic_barcode,one_substitution,500,737,32,0,0.030,0.000,0.109268,4575.9,737.00,737.00,14576,0,0,2
exact_hash_lookup,synthetic_barcode,one_substitution,500,737,32,0,0.030,0.000,0.000062,8064515.3,0.00,0.00,14576,0,0,2
dotmatch_indexed,synthetic_barcode,exact,500,737,32,1,0.000,0.000,0.001237,404203.7,1.00,1.00,14576,3181964,0,2
dotmatch_scan,synthetic_barcode,exact,500,737,32,1,0.000,0.000,0.000677,738552.4,737.00,737.00,14576,3181964,0,2
edlib_native_scan,synthetic_barcode,exact,500,737,32,1,0.000,0.000,0.170124,2939.0,737.00,737.00,14576,3181964,0,2
bk_tree,synthetic_barcode,exact,500,737,32,1,0.000,0.000,0.004429,112892.3,46.39,46.39,14576,3181964,0,2
neighbor_lookup,synthetic_barcode,exact,500,737,32,1,0.000,0.000,0.005714,87504.4,1.00,1.00,14576,3181964,0,2
dotmatch_indexed,synthetic_barcode,one_substitution,500,737,32,1,0.000,0.000,0.001245,401606.4,1.00,1.00,14576,3182062,0,2
dotmatch_scan,synthetic_barcode,one_substitution,500,737,32,1,0.000,0.000,0.000703,711237.6,737.00,737.00,14576,3182062,0,2
edlib_native_scan,synthetic_barcode,one_substitution,500,737,32,1,0.000,0.000,0.169887,2943.1,737.00,737.00,14576,3182062,0,2
bk_tree,synthetic_barcode,one_substitution,500,737,32,1,0.000,0.000,0.004421,113096.6,45.74,45.74,14576,3182062,0,2
neighbor_lookup,synthetic_barcode,one_substitution,500,737,32,1,0.000,0.000,0.005789,86370.7,1.00,1.00,14576,3182062,0,2
dotmatch_indexed,synthetic_barcode,one_substitution,500,737,32,1,0.005,0.000,0.001170,427350.4,1.00,1.00,14576,3069046,0,2
dotmatch_scan,synthetic_barcode,one_substitution,500,737,32,1,0.005,0.000,0.000689,725689.4,737.00,737.00,14576,3069046,0,2
edlib_native_scan,synthetic_barcode,one_substitution,500,737,32,1,0.005,0.000,0.169660,2947.1,737.00,737.00,14576,3069046,0,2
bk_tree,synthetic_barcode,one_substitution,500,737,32,1,0.005,0.000,0.004507,110938.5,49.26,49.26,14576,3069046,0,2
neighbor_lookup,synthetic_barcode,one_substitution,500,737,32,1,0.005,0.000,0.005946,84090.1,1.00,1.00,14576,3069046,0,2
dotmatch_indexed,synthetic_barcode,one_substitution,500,737,32,1,0.010,0.000,0.001172,426621.2,1.00,1.00,14576,3242837,0,2
dotmatch_scan,synthetic_barcode,one_substitution,500,737,32,1,0.010,0.000,0.000604,827814.6,737.00,737.00,14576,3242837,0,2
edlib_native_scan,synthetic_barcode,one_substitution,500,737,32,1,0.010,0.000,0.170197,2937.8,737.00,737.00,14576,3242837,0,2
bk_tree,synthetic_barcode,one_substitution,500,737,32,1,0.010,0.000,0.004466,111957.0,48.02,48.02,14576,3242837,0,2
neighbor_lookup,synthetic_barcode,one_substitution,500,737,32,1,0.010,0.000,0.005875,85106.4,1.00,1.00,14576,3242837,0,2
dotmatch_indexed,synthetic_barcode,one_substitution,500,737,32,1,0.030,0.000,0.001176,425170.1,1.00,1.00,14576,3098014,0,2
dotmatch_scan,synthetic_barcode,one_substitution,500,737,32,1,0.030,0.000,0.000682,733137.9,737.00,737.00,14576,3098014,0,2
edlib_native_scan,synthetic_barcode,one_substitution,500,737,32,1,0.030,0.000,0.169948,2942.1,737.00,737.00,14576,3098014,0,2
bk_tree,synthetic_barcode,one_substitution,500,737,32,1,0.030,0.000,0.004627,108061.4,49.96,49.96,14576,3098014,0,2
neighbor_lookup,synthetic_barcode,one_substitution,500,737,32,1,0.030,0.000,0.005821,85895.9,1.00,1.00,14576,3098014,0,2
dotmatch_indexed,synthetic_barcode,exact,500,737,32,2,0.000,0.000,0.058960,8480.3,1.00,1.00,14576,3239951,0,2
dotmatch_scan,synthetic_barcode,exact,500,737,32,2,0.000,0.000,0.060205,8305.0,737.00,737.00,14576,3239951,0,2
edlib_native_scan,synthetic_barcode,exact,500,737,32,2,0.000,0.000,0.167155,2991.2,737.00,737.00,14576,3239951,0,2
dotmatch_indexed,synthetic_barcode,one_substitution,500,737,32,2,0.000,0.000,0.057383,8713.4,1.00,1.00,14576,3169193,0,2
dotmatch_scan,synthetic_barcode,one_substitution,500,737,32,2,0.000,0.000,0.059877,8350.5,737.00,737.00,14576,3169193,0,2
edlib_native_scan,synthetic_barcode,one_substitution,500,737,32,2,0.000,0.000,0.167171,2990.9,737.00,737.00,14576,3169193,0,2
dotmatch_indexed,synthetic_barcode,one_substitution,500,737,32,2,0.005,0.000,0.057334,8720.8,1.00,1.00,14576,3165283,0,2
dotmatch_scan,synthetic_barcode,one_substitution,500,737,32,2,0.005,0.000,0.060099,8319.6,737.00,737.00,14576,3165283,0,2
edlib_native_scan,synthetic_barcode,one_substitution,500,737,32,2,0.005,0.000,0.167627,2982.8,737.00,737.00,14576,3165283,0,2
dotmatch_indexed,synthetic_barcode,one_substitution,500,737,32,2,0.010,0.000,0.057684,8667.9,1.00,1.00,14576,3218629,0,2
dotmatch_scan,synthetic_barcode,one_substitution,500,737,32,2,0.010,0.000,0.059693,8376.2,737.00,737.00,14576,3218629,0,2
edlib_native_scan,synthetic_barcode,one_substitution,500,737,32,2,0.010,0.000,0.167424,2986.4,737.00,737.00,14576,3218629,0,2
dotmatch_indexed,synthetic_barcode,one_substitution,500,737,32,2,0.030,0.000,0.057637,8675.0,1.00,1.00,14576,3202105,0,2
dotmatch_scan,synthetic_barcode,one_substitution,500,737,32,2,0.030,0.000,0.060214,8303.7,737.00,737.00,14576,3202105,0,2
edlib_native_scan,synthetic_barcode,one_substitution,500,737,32,2,0.030,0.000,0.167351,2987.7,737.00,737.00,14576,3202105,0,2
dotmatch_indexed,synthetic_barcode,one_insertion,500,737,32,2,0.000,0.031,0.013020,38402.5,1.00,1.00,14576,3230478,0,2
dotmatch_scan,synthetic_barcode,one_insertion,500,737,32,2,0.000,0.031,0.060566,8255.5,737.00,737.00,14576,3230478,0,2
edlib_native_scan,synthetic_barcode,one_insertion,500,737,32,2,0.000,0.031,0.168770,2962.6,737.00,737.00,14576,3230478,0,2
dotmatch_indexed,synthetic_barcode,one_deletion,500,737,32,2,0.000,0.031,0.130059,3844.4,1.00,1.00,14576,3255247,0,2
dotmatch_scan,synthetic_barcode,one_deletion,500,737,32,2,0.000,0.031,0.058877,8492.3,737.00,737.00,14576,3255247,0,2
edlib_native_scan,synthetic_barcode,one_deletion,500,737,32,2,0.000,0.031,0.169117,2956.5,737.00,737.00,14576,3255247,0,2
dotmatch_indexed,synthetic_barcode,exact,500,4096,32,0,0.000,0.000,0.000072,6944447.7,1.00,1.00,18688,16892872,0,2
dotmatch_exact_direct,synthetic_barcode,exact,500,4096,32,0,0.000,0.000,0.000071,7042257.6,1.00,1.00,18688,16892872,0,2
dotmatch_exact_batch,synthetic_barcode,exact,500,4096,32,0,0.000,0.000,0.000071,7042257.6,1.00,1.00,18688,16892872,0,2
dotmatch_scan,synthetic_barcode,exact,500,4096,32,0,0.000,0.000,0.003428,145857.6,4096.00,4096.00,18688,16892872,0,2
edlib_native_scan,synthetic_barcode,exact,500,4096,32,0,0.000,0.000,0.605544,825.7,4096.00,4096.00,18688,16892872,0,2
exact_hash_lookup,synthetic_barcode,exact,500,4096,32,0,0.000,0.000,0.000321,1557632.4,1.00,1.00,19024,16892872,0,2
dotmatch_indexed,synthetic_barcode,one_substitution,500,4096,32,0,0.000,0.000,0.000076,6578947.7,0.00,0.00,19024,0,0,2
dotmatch_exact_direct,synthetic_barcode,one_substitution,500,4096,32,0,0.000,0.000,0.000069,7246370.5,0.00,0.00,19024,0,0,2
dotmatch_exact_batch,synthetic_barcode,one_substitution,500,4096,32,0,0.000,0.000,0.000072,6944447.7,0.00,0.00,19024,0,0,2
dotmatch_scan,synthetic_barcode,one_substitution,500,4096,32,0,0.000,0.000,0.003348,149342.9,4096.00,4096.00,19024,0,0,2
edlib_native_scan,synthetic_barcode,one_substitution,500,4096,32,0,0.000,0.000,0.610575,818.9,4096.00,4096.00,19024,0,0,2
exact_hash_lookup,synthetic_barcode,one_substitution,500,4096,32,0,0.000,0.000,0.000308,1623377.1,0.00,0.00,19040,0,0,2
dotmatch_indexed,synthetic_barcode,one_substitution,500,4096,32,0,0.005,0.000,0.000081,6172836.9,0.00,0.00,19040,0,0,2
dotmatch_exact_direct,synthetic_barcode,one_substitution,500,4096,32,0,0.005,0.000,0.000070,7142862.1,0.00,0.00,19040,0,0,2
dotmatch_exact_batch,synthetic_barcode,one_substitution,500,4096,32,0,0.005,0.000,0.000063,7936506.2,0.00,0.00,19040,0,0,2
dotmatch_scan,synthetic_barcode,one_substitution,500,4096,32,0,0.005,0.000,0.003362,148721.0,4096.00,4096.00,19040,0,0,2
edlib_native_scan,synthetic_barcode,one_substitution,500,4096,32,0,0.005,0.000,0.605643,825.6,4096.00,4096.00,19040,0,0,2
exact_hash_lookup,synthetic_barcode,one_substitution,500,4096,32,0,0.005,0.000,0.000282,1773049.3,0.00,0.00,19040,0,0,2
dotmatch_indexed,synthetic_barcode,one_substitution,500,4096,32,0,0.010,0.000,0.000080,6250007.0,0.00,0.00,19040,0,0,2
dotmatch_exact_direct,synthetic_barcode,one_substitution,500,4096,32,0,0.010,0.000,0.000074,6756758.5,0.00,0.00,19040,0,0,2
dotmatch_exact_batch,synthetic_barcode,one_substitution,500,4096,32,0,0.010,0.000,0.000072,6944436.5,0.00,0.00,19040,0,0,2
dotmatch_scan,synthetic_barcode,one_substitution,500,4096,32,0,0.010,0.000,0.003331,150105.1,4096.00,4096.00,19040,0,0,2
edlib_native_scan,synthetic_barcode,one_substitution,500,4096,32,0,0.010,0.000,0.605431,825.9,4096.00,4096.00,19040,0,0,2
exact_hash_lookup,synthetic_barcode,one_substitution,500,4096,32,0,0.010,0.000,0.000280,1785714.1,0.00,0.00,19040,0,0,2
dotmatch_indexed,synthetic_barcode,one_substitution,500,4096,32,0,0.030,0.000,0.000079,6329112.4,0.00,0.00,19040,0,0,2
dotmatch_exact_direct,synthetic_barcode,one_substitution,500,4096,32,0,0.030,0.000,0.000072,6944447.7,0.00,0.00,19040,0,0,2
dotmatch_exact_batch,synthetic_barcode,one_substitution,500,4096,32,0,0.030,0.000,0.000071,7042246.1,0.00,0.00,19040,0,0,2
dotmatch_scan,synthetic_barcode,one_substitution,500,4096,32,0,0.030,0.000,0.003393,147362.2,4096.00,4096.00,19040,0,0,2
edlib_native_scan,synthetic_barcode,one_substitution,500,4096,32,0,0.030,0.000,0.608597,821.6,4096.00,4096.00,19040,0,0,2
exact_hash_lookup,synthetic_barcode,one_substitution,500,4096,32,0,0.030,0.000,0.000290,1724138.0,0.00,0.00,19040,0,0,2
dotmatch_indexed,synthetic_barcode,exact,500,4096,32,1,0.000,0.000,0.001120,446428.6,1.00,1.00,19040,17197495,0,2
dotmatch_scan,synthetic_barcode,exact,500,4096,32,1,0.000,0.000,0.003309,151103.1,4096.00,4096.00,19040,17197495,0,2
edlib_native_scan,synthetic_barcode,exact,500,4096,32,1,0.000,0.000,0.942855,530.3,4096.00,4096.00,19040,17197495,0,2
bk_tree,synthetic_barcode,exact,500,4096,32,1,0.000,0.000,0.014279,35016.5,128.86,128.86,19072,17197495,0,2
neighbor_lookup,synthetic_barcode,exact,500,4096,32,1,0.000,0.000,0.006244,80076.9,1.00,1.00,19072,17197495,0,2
dotmatch_indexed,synthetic_barcode,one_substitution,500,4096,32,1,0.000,0.000,0.001183,422654.3,1.00,1.00,19072,16482233,0,2
dotmatch_scan,synthetic_barcode,one_substitution,500,4096,32,1,0.000,0.000,0.003849,129903.9,4096.00,4096.00,19072,16482233,0,2
edlib_native_scan,synthetic_barcode,one_substitution,500,4096,32,1,0.000,0.000,0.946420,528.3,4096.00,4096.00,19072,16482233,0,2
bk_tree,synthetic_barcode,one_substitution,500,4096,32,1,0.000,0.000,0.014303,34957.7,128.33,128.33,19072,16482233,0,2
neighbor_lookup,synthetic_barcode,one_substitution,500,4096,32,1,0.000,0.000,0.006249,80012.8,1.00,1.00,19072,16482233,0,2
dotmatch_indexed,synthetic_barcode,one_substitution,500,4096,32,1,0.005,0.000,0.001171,426985.5,1.00,1.00,19072,17811667,0,2
dotmatch_scan,synthetic_barcode,one_substitution,500,4096,32,1,0.005,0.000,0.003872,129132.2,4096.00,4096.00,19072,17811667,0,2
edlib_native_scan,synthetic_barcode,one_substitution,500,4096,32,1,0.005,0.000,0.941626,531.0,4096.00,4096.00,19072,17811667,0,2
bk_tree,synthetic_barcode,one_substitution,500,4096,32,1,0.005,0.000,0.013809,36208.3,121.89,121.89,19072,17811667,0,2
neighbor_lookup,synthetic_barcode,one_substitution,500,4096,32,1,0.005,0.000,0.006184,80853.8,1.00,1.00,19072,17811667,0,2
dotmatch_indexed,synthetic_barcode,one_substitution,500,4096,32,1,0.010,0.000,0.001176,425170.1,1.00,1.00,19072,16902626,0,2
dotmatch_scan,synthetic_barcode,one_substitution,500,4096,32,1,0.010,0.000,0.003566,140213.1,4096.00,4096.00,19072,16902626,0,2
edlib_native_scan,synthetic_barcode,one_substitution,500,4096,32,1,0.010,0.000,0.948423,527.2,4096.00,4096.00,19072,16902626,0,2
bk_tree,synthetic_barcode,one_substitution,500,4096,32,1,0.010,0.000,0.014171,35283.3,125.29,125.29,19072,16902626,0,2
neighbor_lookup,synthetic_barcode,one_substitution,500,4096,32,1,0.010,0.000,0.006204,80593.2,1.00,1.00,19072,16902626,0,2
dotmatch_indexed,synthetic_barcode,one_substitution,500,4096,32,1,0.030,0.000,0.001152,434027.8,1.00,1.00,19072,17750773,0,2
dotmatch_scan,synthetic_barcode,one_substitution,500,4096,32,1,0.030,0.000,0.002971,168293.5,4096.00,4096.00,19072,17750773,0,2
edlib_native_scan,synthetic_barcode,one_substitution,500,4096,32,1,0.030,0.000,0.948633,527.1,4096.00,4096.00,19072,17750773,0,2
bk_tree,synthetic_barcode,one_substitution,500,4096,32,1,0.030,0.000,0.015381,32507.6,134.18,134.18,19072,17750773,0,2
neighbor_lookup,synthetic_barcode,one_substitution,500,4096,32,1,0.030,0.000,0.006254,79948.8,1.00,1.00,19072,17750773,0,2
dotmatch_indexed,synthetic_barcode,exact,500,4096,32,2,0.000,0.000,0.052835,9463.4,1.00,1.00,19072,17145050,0,2
dotmatch_scan,synthetic_barcode,exact,500,4096,32,2,0.000,0.000,0.332501,1503.8,4096.00,4096.00,19072,17145050,0,2
edlib_native_scan,synthetic_barcode,exact,500,4096,32,2,0.000,0.000,0.939028,532.5,4096.00,4096.00,19072,17145050,0,2
dotmatch_indexed,synthetic_barcode,one_substitution,500,4096,32,2,0.000,0.000,0.051641,9682.2,1.00,1.00,19072,17731971,0,2
dotmatch_scan,synthetic_barcode,one_substitution,500,4096,32,2,0.000,0.000,0.331849,1506.7,4096.00,4096.00,19072,17731971,0,2
edlib_native_scan,synthetic_barcode,one_substitution,500,4096,32,2,0.000,0.000,0.936470,533.9,4096.00,4096.00,19072,17731971,0,2
dotmatch_indexed,synthetic_barcode,one_substitution,500,4096,32,2,0.005,0.000,0.051364,9734.4,1.00,1.00,19072,17804272,0,2
dotmatch_scan,synthetic_barcode,one_substitution,500,4096,32,2,0.005,0.000,0.333376,1499.8,4096.00,4096.00,19072,17804272,0,2
edlib_native_scan,synthetic_barcode,one_substitution,500,4096,32,2,0.005,0.000,0.933823,535.4,4096.00,4096.00,19072,17804272,0,2
dotmatch_indexed,synthetic_barcode,one_substitution,500,4096,32,2,0.010,0.000,0.051447,9718.7,1.00,1.00,19072,16947030,0,2
dotmatch_scan,synthetic_barcode,one_substitution,500,4096,32,2,0.010,0.000,0.331654,1507.6,4096.00,4096.00,19072,16947030,0,2
edlib_native_scan,synthetic_barcode,one_substitution,500,4096,32,2,0.010,0.000,0.932820,536.0,4096.00,4096.00,19072,16947030,0,2
dotmatch_indexed,synthetic_barcode,one_substitution,500,4096,32,2,0.030,0.000,0.051097,9785.3,1.00,1.00,19072,17137277,0,2
dotmatch_scan,synthetic_barcode,one_substitution,500,4096,32,2,0.030,0.000,0.330752,1511.7,4096.00,4096.00,19072,17137277,0,2
edlib_native_scan,synthetic_barcode,one_substitution,500,4096,32,2,0.030,0.000,0.966871,517.1,4096.00,4096.00,19072,17137277,0,2
dotmatch_indexed,synthetic_barcode,one_insertion,500,4096,32,2,0.000,0.031,0.011884,42073.4,1.00,1.00,19072,17043403,0,2
dotmatch_scan,synthetic_barcode,one_insertion,500,4096,32,2,0.000,0.031,0.339329,1473.5,4096.00,4096.00,19072,17043403,0,2
edlib_native_scan,synthetic_barcode,one_insertion,500,4096,32,2,0.000,0.031,0.937435,533.4,4096.00,4096.00,19072,17043403,0,2
dotmatch_indexed,synthetic_barcode,one_deletion,500,4096,32,2,0.000,0.031,0.115779,4318.6,1.00,1.00,19072,18048358,0,2
dotmatch_scan,synthetic_barcode,one_deletion,500,4096,32,2,0.000,0.031,0.329032,1519.6,4096.00,4096.00,19072,18048358,0,2
edlib_native_scan,synthetic_barcode,one_deletion,500,4096,32,2,0.000,0.031,0.935806,534.3,4096.00,4096.00,19072,18048358,0,2
