tool,workload,error_mode,n_reads,n_targets,len,k,err,indel_rate,seconds,reads_per_sec,candidates_per_read,verified_per_read,peak_rss_kb,checksum,mismatches
dotmatch_indexed,synthetic_barcode,exact,1000,96,16,0,0.000,0.000,0.000097,10309286.5,1.00,1.00,1712,890047,0
dotmatch_scan,synthetic_barcode,exact,1000,96,16,0,0.000,0.000,0.000374,2673796.4,96.00,96.00,1712,890047,0
edlib_native_scan,synthetic_barcode,exact,1000,96,16,0,0.000,0.000,0.060568,16510.4,96.00,96.00,1712,890047,0
exact_hash_lookup,synthetic_barcode,exact,1000,96,16,0,0.000,0.000,0.000049,20408153.3,1.00,1.00,1760,890047,0
dotmatch_indexed,synthetic_barcode,one_substitution,1000,96,16,0,0.000,0.000,0.000107,9345794.4,0.00,0.00,1808,0,0
dotmatch_scan,synthetic_barcode,one_substitution,1000,96,16,0,0.000,0.000,0.000377,2652520.2,96.00,96.00,1808,0,0
edlib_native_scan,synthetic_barcode,one_substitution,1000,96,16,0,0.000,0.000,0.097999,10204.2,96.00,96.00,1808,0,0
exact_hash_lookup,synthetic_barcode,one_substitution,1000,96,16,0,0.000,0.000,0.000042,23809540.5,0.00,0.00,1808,0,0
dotmatch_indexed,synthetic_barcode,one_substitution,1000,96,16,0,0.005,0.000,0.000104,9615386.7,0.00,0.00,1808,0,0
dotmatch_scan,synthetic_barcode,one_substitution,1000,96,16,0,0.005,0.000,0.000385,2597402.5,96.00,96.00,1808,0,0
edlib_native_scan,synthetic_barcode,one_substitution,1000,96,16,0,0.005,0.000,0.115475,8659.9,96.00,96.00,1808,0,0
exact_hash_lookup,synthetic_barcode,one_substitution,1000,96,16,0,0.005,0.000,0.000030,33333338.2,0.00,0.00,1808,0,0
dotmatch_indexed,synthetic_barcode,one_substitution,1000,96,16,0,0.010,0.000,0.000131,7633583.9,0.00,0.00,1824,0,0
dotmatch_scan,synthetic_barcode,one_substitution,1000,96,16,0,0.010,0.000,0.005007,199720.4,96.00,96.00,1824,0,0
edlib_native_scan,synthetic_barcode,one_substitution,1000,96,16,0,0.010,0.000,0.095280,10495.4,96.00,96.00,1824,0,0
exact_hash_lookup,synthetic_barcode,one_substitution,1000,96,16,0,0.010,0.000,0.000030,33333338.2,0.00,0.00,1824,0,0
dotmatch_indexed,synthetic_barcode,one_substitution,1000,96,16,0,0.030,0.000,0.002314,432152.1,0.00,0.00,1856,0,0
dotmatch_scan,synthetic_barcode,one_substitution,1000,96,16,0,0.030,0.000,0.000379,2638522.6,96.00,96.00,1856,0,0
edlib_native_scan,synthetic_barcode,one_substitution,1000,96,16,0,0.030,0.000,0.090513,11048.1,96.00,96.00,1856,0,0
exact_hash_lookup,synthetic_barcode,one_substitution,1000,96,16,0,0.030,0.000,0.000060,16666669.1,0.00,0.00,1872,0,0
dotmatch_indexed,synthetic_barcode,exact,1000,96,16,1,0.000,0.000,0.001314,761035.0,1.00,1.00,1888,890268,0
dotmatch_scan,synthetic_barcode,exact,1000,96,16,1,0.000,0.000,0.000537,1862197.3,96.00,96.00,1888,890268,0
edlib_native_scan,synthetic_barcode,exact,1000,96,16,1,0.000,0.000,0.135263,7393.0,96.00,96.00,1888,890268,0
bk_tree,synthetic_barcode,exact,1000,96,16,1,0.000,0.000,0.003351,298418.4,19.84,19.84,1888,890268,0
neighbor_lookup,synthetic_barcode,exact,1000,96,16,1,0.000,0.000,0.005001,199960.0,1.00,1.00,1920,890268,0
dotmatch_indexed,synthetic_barcode,one_substitution,1000,96,16,1,0.000,0.000,0.001674,597371.5,1.00,1.00,1920,940053,0
dotmatch_scan,synthetic_barcode,one_substitution,1000,96,16,1,0.000,0.000,0.000693,1443001.6,96.00,96.00,1920,940053,0
edlib_native_scan,synthetic_barcode,one_substitution,1000,96,16,1,0.000,0.000,0.120508,8298.2,96.00,96.00,1920,940053,0
bk_tree,synthetic_barcode,one_substitution,1000,96,16,1,0.000,0.000,0.003934,254194.2,22.95,22.95,1936,940053,0
neighbor_lookup,synthetic_barcode,one_substitution,1000,96,16,1,0.000,0.000,0.006612,151240.2,1.00,1.00,1936,940053,0
dotmatch_indexed,synthetic_barcode,one_substitution,1000,96,16,1,0.005,0.000,0.001700,588235.3,1.00,1.00,1936,923563,0
dotmatch_scan,synthetic_barcode,one_substitution,1000,96,16,1,0.005,0.000,0.000698,1432664.6,96.00,96.00,1936,923563,0
edlib_native_scan,synthetic_barcode,one_substitution,1000,96,16,1,0.005,0.000,0.129969,7694.1,96.00,96.00,1936,923563,0
bk_tree,synthetic_barcode,one_substitution,1000,96,16,1,0.005,0.000,0.004885,204708.3,19.85,19.85,1936,923563,0
neighbor_lookup,synthetic_barcode,one_substitution,1000,96,16,1,0.005,0.000,0.006108,163719.7,1.00,1.00,1936,923563,0
dotmatch_indexed,synthetic_barcode,one_substitution,1000,96,16,1,0.010,0.000,0.002686,372300.8,1.00,1.00,1936,913125,0
dotmatch_scan,synthetic_barcode,one_substitution,1000,96,16,1,0.010,0.000,0.000943,1060445.4,96.00,96.00,1936,913125,0
edlib_native_scan,synthetic_barcode,one_substitution,1000,96,16,1,0.010,0.000,0.154193,6485.4,96.00,96.00,1936,913125,0
bk_tree,synthetic_barcode,one_substitution,1000,96,16,1,0.010,0.000,0.003936,254065.0,21.05,21.05,1952,913125,0
neighbor_lookup,synthetic_barcode,one_substitution,1000,96,16,1,0.010,0.000,0.011296,88526.9,1.00,1.00,1952,913125,0
dotmatch_indexed,synthetic_barcode,one_substitution,1000,96,16,1,0.030,0.000,0.001709,585137.5,1.00,1.00,1952,918905,0
dotmatch_scan,synthetic_barcode,one_substitution,1000,96,16,1,0.030,0.000,0.000653,1531393.6,96.00,96.00,1952,918905,0
edlib_native_scan,synthetic_barcode,one_substitution,1000,96,16,1,0.030,0.000,0.192516,5194.4,96.00,96.00,1952,918905,0
bk_tree,synthetic_barcode,one_substitution,1000,96,16,1,0.030,0.000,0.003529,283366.4,20.36,20.36,1952,918905,0
neighbor_lookup,synthetic_barcode,one_substitution,1000,96,16,1,0.030,0.000,0.006572,152160.7,1.00,1.00,1952,918905,0
dotmatch_indexed,synthetic_barcode,exact,1000,737,16,0,0.000,0.000,0.000153,6535947.7,1.00,1.00,2704,6571583,0
dotmatch_scan,synthetic_barcode,exact,1000,737,16,0,0.000,0.000,0.015170,65919.6,737.00,737.00,2704,6571583,0
edlib_native_scan,synthetic_barcode,exact,1000,737,16,0,0.000,0.000,0.442042,2262.2,737.00,737.00,2704,6571583,0
exact_hash_lookup,synthetic_barcode,exact,1000,737,16,0,0.000,0.000,0.000073,13698635.1,1.00,1.00,2752,6571583,0
dotmatch_indexed,synthetic_barcode,one_substitution,1000,737,16,0,0.000,0.000,0.000154,6493506.1,0.00,0.00,2800,0,0
dotmatch_scan,synthetic_barcode,one_substitution,1000,737,16,0,0.000,0.000,0.002689,371885.5,737.00,737.00,2800,0,0
edlib_native_scan,synthetic_barcode,one_substitution,1000,737,16,0,0.000,0.000,0.416357,2401.8,737.00,737.00,2800,0,0
exact_hash_lookup,synthetic_barcode,one_substitution,1000,737,16,0,0.000,0.000,0.000072,13888895.4,0.00,0.00,2800,0,0
dotmatch_indexed,synthetic_barcode,one_substitution,1000,737,16,0,0.005,0.000,0.000154,6493506.1,0.00,0.00,2800,0,0
dotmatch_scan,synthetic_barcode,one_substitution,1000,737,16,0,0.005,0.000,0.002685,372439.5,737.00,737.00,2800,0,0
edlib_native_scan,synthetic_barcode,one_substitution,1000,737,16,0,0.005,0.000,0.401447,2491.0,737.00,737.00,2800,0,0
exact_hash_lookup,synthetic_barcode,one_substitution,1000,737,16,0,0.005,0.000,0.000070,14285724.3,0.00,0.00,2800,0,0
dotmatch_indexed,synthetic_barcode,one_substitution,1000,737,16,0,0.010,0.000,0.000205,4878047.6,0.00,0.00,2800,0,0
dotmatch_scan,synthetic_barcode,one_substitution,1000,737,16,0,0.010,0.000,0.002759,362450.2,737.00,737.00,2800,0,0
edlib_native_scan,synthetic_barcode,one_substitution,1000,737,16,0,0.010,0.000,0.391462,2554.5,737.00,737.00,2800,0,0
exact_hash_lookup,synthetic_barcode,one_substitution,1000,737,16,0,0.010,0.000,0.000066,15151506.7,0.00,0.00,2800,0,0
dotmatch_indexed,synthetic_barcode,one_substitution,1000,737,16,0,0.030,0.000,0.000155,6451612.2,0.00,0.00,2800,0,0
dotmatch_scan,synthetic_barcode,one_substitution,1000,737,16,0,0.030,0.000,0.002698,370644.9,737.00,737.00,2800,0,0
edlib_native_scan,synthetic_barcode,one_substitution,1000,737,16,0,0.030,0.000,0.384967,2597.6,737.00,737.00,2800,0,0
exact_hash_lookup,synthetic_barcode,one_substitution,1000,737,16,0,0.030,0.000,0.000066,15151533.4,0.00,0.00,2800,0,0
dotmatch_indexed,synthetic_barcode,exact,1000,737,16,1,0.000,0.000,0.002124,470809.8,1.00,1.00,2800,6520413,0
dotmatch_scan,synthetic_barcode,exact,1000,737,16,1,0.000,0.000,0.006367,157059.8,737.00,737.00,2800,6520413,0
edlib_native_scan,synthetic_barcode,exact,1000,737,16,1,0.000,0.000,0.548426,1823.4,737.00,737.00,2800,6520413,0
bk_tree,synthetic_barcode,exact,1000,737,16,1,0.000,0.000,0.014338,69744.7,72.53,72.53,2896,6520413,0
neighbor_lookup,synthetic_barcode,exact,1000,737,16,1,0.000,0.000,0.005736,174337.5,1.00,1.00,2944,6520413,0
dotmatch_indexed,synthetic_barcode,one_substitution,1000,737,16,1,0.000,0.000,0.002099,476417.3,1.00,1.00,2960,6391358,0
dotmatch_scan,synthetic_barcode,one_substitution,1000,737,16,1,0.000,0.000,0.006273,159413.4,737.00,737.00,2960,6391358,0
edlib_native_scan,synthetic_barcode,one_substitution,1000,737,16,1,0.000,0.000,0.548144,1824.3,737.00,737.00,2960,6391358,0
bk_tree,synthetic_barcode,one_substitution,1000,737,16,1,0.000,0.000,0.015554,64292.1,79.20,79.20,2960,6391358,0
neighbor_lookup,synthetic_barcode,one_substitution,1000,737,16,1,0.000,0.000,0.007842,127518.5,1.00,1.00,2960,6391358,0
dotmatch_indexed,synthetic_barcode,one_substitution,1000,737,16,1,0.005,0.000,0.002846,351370.3,1.00,1.00,2960,6389539,0
dotmatch_scan,synthetic_barcode,one_substitution,1000,737,16,1,0.005,0.000,0.008061,124054.1,737.00,737.00,2960,6389539,0
edlib_native_scan,synthetic_barcode,one_substitution,1000,737,16,1,0.005,0.000,0.802634,1245.9,737.00,737.00,2960,6389539,0
bk_tree,synthetic_barcode,one_substitution,1000,737,16,1,0.005,0.000,0.017621,56750.5,77.15,77.15,3024,6389539,0
neighbor_lookup,synthetic_barcode,one_substitution,1000,737,16,1,0.005,0.000,0.008896,112410.1,1.00,1.00,3024,6389539,0
dotmatch_indexed,synthetic_barcode,one_substitution,1000,737,16,1,0.010,0.000,0.002144,466417.9,1.00,1.00,3616,6360214,0
dotmatch_scan,synthetic_barcode,one_substitution,1000,737,16,1,0.010,0.000,0.006915,144613.2,737.00,737.00,3616,6360214,0
edlib_native_scan,synthetic_barcode,one_substitution,1000,737,16,1,0.010,0.000,0.940275,1063.5,737.00,737.00,3616,6360214,0
bk_tree,synthetic_barcode,one_substitution,1000,737,16,1,0.010,0.000,0.019994,50015.0,77.59,77.59,3616,6360214,0
neighbor_lookup,synthetic_barcode,one_substitution,1000,737,16,1,0.010,0.000,0.007463,133994.4,1.00,1.00,3616,6360214,0
dotmatch_indexed,synthetic_barcode,one_substitution,1000,737,16,1,0.030,0.000,0.005374,186081.1,1.00,1.00,3616,6574193,0
dotmatch_scan,synthetic_barcode,one_substitution,1000,737,16,1,0.030,0.000,0.008325,120120.1,737.00,737.00,3616,6574193,0
edlib_native_scan,synthetic_barcode,one_substitution,1000,737,16,1,0.030,0.000,0.913789,1094.3,737.00,737.00,3616,6574193,0
bk_tree,synthetic_barcode,one_substitution,1000,737,16,1,0.030,0.000,0.019719,50712.5,76.19,76.19,3616,6574193,0
neighbor_lookup,synthetic_barcode,one_substitution,1000,737,16,1,0.030,0.000,0.007076,141322.8,1.00,1.00,3616,6574193,0
dotmatch_indexed,synthetic_barcode,exact,1000,4096,16,0,0.000,0.000,0.000161,6211177.7,1.00,1.00,7488,36488268,0
dotmatch_scan,synthetic_barcode,exact,1000,4096,16,0,0.000,0.000,0.028981,34505.4,4096.00,4096.00,7488,36488268,0
edlib_native_scan,synthetic_barcode,exact,1000,4096,16,0,0.000,0.000,3.323329,300.9,4096.00,4096.00,7488,36488268,0
exact_hash_lookup,synthetic_barcode,exact,1000,4096,16,0,0.000,0.000,0.000257,3891050.9,1.00,1.00,7712,36488268,0
dotmatch_indexed,synthetic_barcode,one_substitution,1000,4096,16,0,0.000,0.000,0.000159,6289310.9,0.00,0.00,7728,0,0
dotmatch_scan,synthetic_barcode,one_substitution,1000,4096,16,0,0.000,0.000,0.015390,64977.3,4096.00,4096.00,7728,0,0
edlib_native_scan,synthetic_barcode,one_substitution,1000,4096,16,0,0.000,0.000,2.123904,470.8,4096.00,4096.00,7728,0,0
exact_hash_lookup,synthetic_barcode,one_substitution,1000,4096,16,0,0.000,0.000,0.000255,3921569.2,0.00,0.00,7728,0,0
dotmatch_indexed,synthetic_barcode,one_substitution,1000,4096,16,0,0.005,0.000,0.000157,6369425.5,0.00,0.00,7728,0,0
dotmatch_scan,synthetic_barcode,one_substitution,1000,4096,16,0,0.005,0.000,0.015045,66467.3,4096.00,4096.00,7728,0,0
edlib_native_scan,synthetic_barcode,one_substitution,1000,4096,16,0,0.005,0.000,2.551604,391.9,4096.00,4096.00,7728,0,0
exact_hash_lookup,synthetic_barcode,one_substitution,1000,4096,16,0,0.005,0.000,0.000242,4132231.7,0.00,0.00,7728,0,0
dotmatch_indexed,synthetic_barcode,one_substitution,1000,4096,16,0,0.010,0.000,0.000158,6329112.4,0.00,0.00,7728,0,0
dotmatch_scan,synthetic_barcode,one_substitution,1000,4096,16,0,0.010,0.000,0.015175,65897.9,4096.00,4096.00,7728,0,0
edlib_native_scan,synthetic_barcode,one_substitution,1000,4096,16,0,0.010,0.000,2.848430,351.1,4096.00,4096.00,7728,0,0
exact_hash_lookup,synthetic_barcode,one_substitution,1000,4096,16,0,0.010,0.000,0.000326,3067484.3,0.00,0.00,7728,0,0
dotmatch_indexed,synthetic_barcode,one_substitution,1000,4096,16,0,0.030,0.000,0.000121,8264463.5,0.00,0.00,10976,0,0
dotmatch_scan,synthetic_barcode,one_substitution,1000,4096,16,0,0.030,0.000,0.020908,47828.6,4096.00,4096.00,10976,0,0
edlib_native_scan,synthetic_barcode,one_substitution,1000,4096,16,0,0.030,0.000,2.737613,365.3,4096.00,4096.00,10976,0,0
exact_hash_lookup,synthetic_barcode,one_substitution,1000,4096,16,0,0.030,0.000,0.000259,3861004.0,0.00,0.00,10976,0,0
dotmatch_indexed,synthetic_barcode,exact,1000,4096,16,1,0.000,0.000,0.005683,175963.4,1.00,1.00,11024,34946028,0
dotmatch_scan,synthetic_barcode,exact,1000,4096,16,1,0.000,0.000,0.049211,20320.7,4096.00,4096.00,11024,34946028,0
edlib_native_scan,synthetic_barcode,exact,1000,4096,16,1,0.000,0.000,4.156088,240.6,4096.00,4096.00,11024,34946028,0
bk_tree,synthetic_barcode,exact,1000,4096,16,1,0.000,0.000,0.055800,17921.1,247.77,247.77,11392,34946028,0
neighbor_lookup,synthetic_barcode,exact,1000,4096,16,1,0.000,0.000,0.007621,131216.4,1.00,1.00,11680,34946028,0
dotmatch_indexed,synthetic_barcode,one_substitution,1000,4096,16,1,0.000,0.000,0.004117,242895.3,1.00,1.00,11680,34874297,0
dotmatch_scan,synthetic_barcode,one_substitution,1000,4096,16,1,0.000,0.000,0.046689,21418.3,4096.00,4096.00,11680,34874297,0
edlib_native_scan,synthetic_barcode,one_substitution,1000,4096,16,1,0.000,0.000,3.902374,256.3,4096.00,4096.00,11680,34874297,0
bk_tree,synthetic_barcode,one_substitution,1000,4096,16,1,0.000,0.000,0.108445,9221.3,228.90,228.90,11680,34874297,0
neighbor_lookup,synthetic_barcode,one_substitution,1000,4096,16,1,0.000,0.000,0.012364,80880.0,1.00,1.00,11680,34874297,0
dotmatch_indexed,synthetic_barcode,one_substitution,1000,4096,16,1,0.005,0.000,0.007315,136705.4,1.00,1.00,11680,34416385,0
dotmatch_scan,synthetic_barcode,one_substitution,1000,4096,16,1,0.005,0.000,0.056342,17748.7,4096.00,4096.00,11680,34416385,0
edlib_native_scan,synthetic_barcode,one_substitution,1000,4096,16,1,0.005,0.000,3.272078,305.6,4096.00,4096.00,11680,34416385,0
bk_tree,synthetic_barcode,one_substitution,1000,4096,16,1,0.005,0.000,0.045803,21832.6,217.34,217.34,11696,34416385,0
neighbor_lookup,synthetic_barcode,one_substitution,1000,4096,16,1,0.005,0.000,0.006171,162048.3,1.00,1.00,11712,34416385,0
dotmatch_indexed,synthetic_barcode,one_substitution,1000,4096,16,1,0.010,0.000,0.003542,282326.4,1.00,1.00,11712,35000250,0
dotmatch_scan,synthetic_barcode,one_substitution,1000,4096,16,1,0.010,0.000,0.038594,25910.8,4096.00,4096.00,11712,35000250,0
edlib_native_scan,synthetic_barcode,one_substitution,1000,4096,16,1,0.010,0.000,3.492337,286.3,4096.00,4096.00,11712,35000250,0
bk_tree,synthetic_barcode,one_substitution,1000,4096,16,1,0.010,0.000,0.047216,21179.3,221.38,221.38,11824,35000250,0
neighbor_lookup,synthetic_barcode,one_substitution,1000,4096,16,1,0.010,0.000,0.006462,154750.8,1.00,1.00,11824,35000250,0
dotmatch_indexed,synthetic_barcode,one_substitution,1000,4096,16,1,0.030,0.000,0.003953,252972.4,1.00,1.00,11824,34594001,0
dotmatch_scan,synthetic_barcode,one_substitution,1000,4096,16,1,0.030,0.000,0.039170,25529.7,4096.00,4096.00,11824,34594001,0
edlib_native_scan,synthetic_barcode,one_substitution,1000,4096,16,1,0.030,0.000,3.428917,291.6,4096.00,4096.00,11824,34594001,0
bk_tree,synthetic_barcode,one_substitution,1000,4096,16,1,0.030,0.000,0.065179,15342.4,230.26,230.26,11824,34594001,0
neighbor_lookup,synthetic_barcode,one_substitution,1000,4096,16,1,0.030,0.000,0.009991,100090.1,1.00,1.00,11824,34594001,0
dotmatch_indexed,synthetic_barcode,exact,1000,96,24,0,0.000,0.000,0.000148,6756758.5,1.00,1.00,11936,921497,0
dotmatch_scan,synthetic_barcode,exact,1000,96,24,0,0.000,0.000,0.000332,3012048.5,96.00,96.00,11936,921497,0
edlib_native_scan,synthetic_barcode,exact,1000,96,24,0,0.000,0.000,0.058305,17151.2,96.00,96.00,11936,921497,0
exact_hash_lookup,synthetic_barcode,exact,1000,96,24,0,0.000,0.000,0.000075,13333335.3,1.00,1.00,11952,921497,0
dotmatch_indexed,synthetic_barcode,one_substitution,1000,96,24,0,0.000,0.000,0.000172,5813952.5,0.00,0.00,11968,0,0
dotmatch_scan,synthetic_barcode,one_substitution,1000,96,24,0,0.000,0.000,0.000322,3105590.0,96.00,96.00,11968,0,0
edlib_native_scan,synthetic_barcode,one_substitution,1000,96,24,0,0.000,0.000,0.058312,17149.1,96.00,96.00,11968,0,0
exact_hash_lookup,synthetic_barcode,one_substitution,1000,96,24,0,0.000,0.000,0.000068,14705871.1,0.00,0.00,11968,0,0
dotmatch_indexed,synthetic_barcode,one_substitution,1000,96,24,0,0.005,0.000,0.000171,5847952.5,0.00,0.00,11968,0,0
dotmatch_scan,synthetic_barcode,one_substitution,1000,96,24,0,0.005,0.000,0.000321,3115264.8,96.00,96.00,11968,0,0
edlib_native_scan,synthetic_barcode,one_substitution,1000,96,24,0,0.005,0.000,0.056098,17825.9,96.00,96.00,11968,0,0
exact_hash_lookup,synthetic_barcode,one_substitution,1000,96,24,0,0.005,0.000,0.000066,15151506.7,0.00,0.00,11968,0,0
dotmatch_indexed,synthetic_barcode,one_substitution,1000,96,24,0,0.010,0.000,0.000171,5847952.5,0.00,0.00,11968,0,0
dotmatch_scan,synthetic_barcode,one_substitution,1000,96,24,0,0.010,0.000,0.000321,3115264.8,96.00,96.00,11968,0,0
edlib_native_scan,synthetic_barcode,one_substitution,1000,96,24,0,0.010,0.000,0.053916,18547.4,96.00,96.00,11968,0,0
exact_hash_lookup,synthetic_barcode,one_substitution,1000,96,24,0,0.010,0.000,0.000067,14925389.2,0.00,0.00,11968,0,0
dotmatch_indexed,synthetic_barcode,one_substitution,1000,96,24,0,0.030,0.000,0.000172,5813956.4,0.00,0.00,11968,0,0
dotmatch_scan,synthetic_barcode,one_substitution,1000,96,24,0,0.030,0.000,0.000318,3144654.3,96.00,96.00,11968,0,0
edlib_native_scan,synthetic_barcode,one_substitution,1000,96,24,0,0.030,0.000,0.053777,18595.3,96.00,96.00,11968,0,0
exact_hash_lookup,synthetic_barcode,one_substitution,1000,96,24,0,0.030,0.000,0.000068,14705871.1,0.00,0.00,11968,0,0
dotmatch_indexed,synthetic_barcode,exact,1000,96,24,1,0.000,0.000,0.002673,374111.5,1.00,1.00,11968,903477,0
dotmatch_scan,synthetic_barcode,exact,1000,96,24,1,0.000,0.000,0.000571,1751313.4,96.00,96.00,11968,903477,0
edlib_native_scan,synthetic_barcode,exact,1000,96,24,1,0.000,0.000,0.079547,12571.2,96.00,96.00,11968,903477,0
bk_tree,synthetic_barcode,exact,1000,96,24,1,0.000,0.000,0.004469,223763.7,17.03,17.03,11968,903477,0
neighbor_lookup,synthetic_barcode,exact,1000,96,24,1,0.000,0.000,0.014722,67925.6,1.00,1.00,12032,903477,0
dotmatch_indexed,synthetic_barcode,one_substitution,1000,96,24,1,0.000,0.000,0.003042,328731.1,1.00,1.00,12032,917596,0
dotmatch_scan,synthetic_barcode,one_substitution,1000,96,24,1,0.000,0.000,0.000639,1564945.3,96.00,96.00,12032,917596,0
edlib_native_scan,synthetic_barcode,one_substitution,1000,96,24,1,0.000,0.000,0.080272,12457.6,96.00,96.00,12032,917596,0
bk_tree,synthetic_barcode,one_substitution,1000,96,24,1,0.000,0.000,0.004995,200200.2,18.64,18.64,12032,917596,0
neighbor_lookup,synthetic_barcode,one_substitution,1000,96,24,1,0.000,0.000,0.016095,62131.1,1.00,1.00,12032,917596,0
dotmatch_indexed,synthetic_barcode,one_substitution,1000,96,24,1,0.005,0.000,0.003019,331235.5,1.00,1.00,12032,942416,0
dotmatch_scan,synthetic_barcode,one_substitution,1000,96,24,1,0.005,0.000,0.000660,1515151.5,96.00,96.00,12032,942416,0
edlib_native_scan,synthetic_barcode,one_substitution,1000,96,24,1,0.005,0.000,0.081532,12265.1,96.00,96.00,12032,942416,0
bk_tree,synthetic_barcode,one_substitution,1000,96,24,1,0.005,0.000,0.004193,238492.7,15.95,15.95,12032,942416,0
neighbor_lookup,synthetic_barcode,one_substitution,1000,96,24,1,0.005,0.000,0.015393,64964.6,1.00,1.00,12032,942416,0
dotmatch_indexed,synthetic_barcode,one_substitution,1000,96,24,1,0.010,0.000,0.003319,301295.6,1.00,1.00,12032,922560,0
dotmatch_scan,synthetic_barcode,one_substitution,1000,96,24,1,0.010,0.000,0.000633,1579779.0,96.00,96.00,12032,922560,0
edlib_native_scan,synthetic_barcode,one_substitution,1000,96,24,1,0.010,0.000,0.080159,12475.2,96.00,96.00,12032,922560,0
bk_tree,synthetic_barcode,one_substitution,1000,96,24,1,0.010,0.000,0.004339,230467.9,15.93,15.93,12032,922560,0
neighbor_lookup,synthetic_barcode,one_substitution,1000,96,24,1,0.010,0.000,0.015116,66155.1,1.00,1.00,12032,922560,0
dotmatch_indexed,synthetic_barcode,one_substitution,1000,96,24,1,0.030,0.000,0.003010,332225.9,1.00,1.00,12032,938880,0
dotmatch_scan,synthetic_barcode,one_substitution,1000,96,24,1,0.030,0.000,0.000716,1396648.1,96.00,96.00,12032,938880,0
edlib_native_scan,synthetic_barcode,one_substitution,1000,96,24,1,0.030,0.000,0.079497,12579.1,96.00,96.00,12032,938880,0
bk_tree,synthetic_barcode,one_substitution,1000,96,24,1,0.030,0.000,0.004231,236350.7,15.91,15.91,12032,938880,0
neighbor_lookup,synthetic_barcode,one_substitution,1000,96,24,1,0.030,0.000,0.015238,65625.4,1.00,1.00,12032,938880,0
dotmatch_indexed,synthetic_barcode,exact,1000,737,24,0,0.000,0.000,0.000217,4608294.5,1.00,1.00,12032,6159979,0
dotmatch_scan,synthetic_barcode,exact,1000,737,24,0,0.000,0.000,0.002376,420875.4,737.00,737.00,12032,6159979,0
edlib_native_scan,synthetic_barcode,exact,1000,737,24,0,0.000,0.000,0.406436,2460.4,737.00,737.00,12032,6159979,0
exact_hash_lookup,synthetic_barcode,exact,1000,737,24,0,0.000,0.000,0.000151,6622512.1,1.00,1.00,12064,6159979,0
dotmatch_indexed,synthetic_barcode,one_substitution,1000,737,24,0,0.000,0.000,0.000222,4504503.3,0.00,0.00,12064,0,0
dotmatch_scan,synthetic_barcode,one_substitution,1000,737,24,0,0.000,0.000,0.002362,423370.0,737.00,737.00,12064,0,0
edlib_native_scan,synthetic_barcode,one_substitution,1000,737,24,0,0.000,0.000,0.416168,2402.9,737.00,737.00,12064,0,0
exact_hash_lookup,synthetic_barcode,one_substitution,1000,737,24,0,0.000,0.000,0.000162,6172841.3,0.00,0.00,12064,0,0
dotmatch_indexed,synthetic_barcode,one_substitution,1000,737,24,0,0.005,0.000,0.000144,6944442.1,0.00,0.00,12064,0,0
dotmatch_scan,synthetic_barcode,one_substitution,1000,737,24,0,0.005,0.000,0.002526,395882.8,737.00,737.00,12064,0,0
edlib_native_scan,synthetic_barcode,one_substitution,1000,737,24,0,0.005,0.000,0.411892,2427.8,737.00,737.00,12064,0,0
exact_hash_lookup,synthetic_barcode,one_substitution,1000,737,24,0,0.005,0.000,0.000142,7042257.6,0.00,0.00,12064,0,0
dotmatch_indexed,synthetic_barcode,one_substitution,1000,737,24,0,0.010,0.000,0.000223,4484303.6,0.00,0.00,12064,0,0
dotmatch_scan,synthetic_barcode,one_substitution,1000,737,24,0,0.010,0.000,0.002436,410509.0,737.00,737.00,12064,0,0
edlib_native_scan,synthetic_barcode,one_substitution,1000,737,24,0,0.010,0.000,0.403076,2480.9,737.00,737.00,12064,0,0
exact_hash_lookup,synthetic_barcode,one_substitution,1000,737,24,0,0.010,0.000,0.000142,7042251.9,0.00,0.00,12064,0,0
dotmatch_indexed,synthetic_barcode,one_substitution,1000,737,24,0,0.030,0.000,0.000223,4484305.9,0.00,0.00,12064,0,0
dotmatch_scan,synthetic_barcode,one_substitution,1000,737,24,0,0.030,0.000,0.002367,422475.7,737.00,737.00,12064,0,0
edlib_native_scan,synthetic_barcode,one_substitution,1000,737,24,0,0.030,0.000,0.412522,2424.1,737.00,737.00,12064,0,0
exact_hash_lookup,synthetic_barcode,one_substitution,1000,737,24,0,0.030,0.000,0.000144,6944447.7,0.00,0.00,12064,0,0
dotmatch_indexed,synthetic_barcode,exact,1000,737,24,1,0.000,0.000,0.003272,305623.5,1.00,1.00,12064,6407805,0
dotmatch_scan,synthetic_barcode,exact,1000,737,24,1,0.000,0.000,0.006458,154846.7,737.00,737.00,12064,6407805,0
edlib_native_scan,synthetic_barcode,exact,1000,737,24,1,0.000,0.000,0.608397,1643.7,737.00,737.00,12064,6407805,0
bk_tree,synthetic_barcode,exact,1000,737,24,1,0.000,0.000,0.016637,60107.0,57.34,57.34,12064,6407805,0
neighbor_lookup,synthetic_barcode,exact,1000,737,24,1,0.000,0.000,0.016565,60368.2,1.00,1.00,12064,6407805,0
dotmatch_indexed,synthetic_barcode,one_substitution,1000,737,24,1,0.000,0.000,0.003680,271739.1,1.00,1.00,12064,6440539,0
dotmatch_scan,synthetic_barcode,one_substitution,1000,737,24,1,0.000,0.000,0.007106,140726.1,737.00,737.00,12064,6440539,0
edlib_native_scan,synthetic_barcode,one_substitution,1000,737,24,1,0.000,0.000,0.603987,1655.7,737.00,737.00,12064,6440539,0
bk_tree,synthetic_barcode,one_substitution,1000,737,24,1,0.000,0.000,0.015485,64578.6,56.00,56.00,12064,6440539,0
neighbor_lookup,synthetic_barcode,one_substitution,1000,737,24,1,0.000,0.000,0.015181,65871.8,1.00,1.00,12064,6440539,0
dotmatch_indexed,synthetic_barcode,one_substitution,1000,737,24,1,0.005,0.000,0.003515,284495.0,1.00,1.00,12064,6440318,0
dotmatch_scan,synthetic_barcode,one_substitution,1000,737,24,1,0.005,0.000,0.006574,152114.4,737.00,737.00,12064,6440318,0
edlib_native_scan,synthetic_barcode,one_substitution,1000,737,24,1,0.005,0.000,0.648433,1542.2,737.00,737.00,12064,6440318,0
bk_tree,synthetic_barcode,one_substitution,1000,737,24,1,0.005,0.000,0.015854,63075.6,58.03,58.03,12064,6440318,0
neighbor_lookup,synthetic_barcode,one_substitution,1000,737,24,1,0.005,0.000,0.015632,63971.3,1.00,1.00,12064,6440318,0
dotmatch_indexed,synthetic_barcode,one_substitution,1000,737,24,1,0.010,0.000,0.003564,280583.6,1.00,1.00,12064,6408783,0
dotmatch_scan,synthetic_barcode,one_substitution,1000,737,24,1,0.010,0.000,0.006505,153727.9,737.00,737.00,12064,6408783,0
edlib_native_scan,synthetic_barcode,one_substitution,1000,737,24,1,0.010,0.000,0.610565,1637.8,737.00,737.00,12064,6408783,0
bk_tree,synthetic_barcode,one_substitution,1000,737,24,1,0.010,0.000,0.016037,62355.8,55.34,55.34,12064,6408783,0
neighbor_lookup,synthetic_barcode,one_substitution,1000,737,24,1,0.010,0.000,0.017067,58592.6,1.00,1.00,12064,6408783,0
dotmatch_indexed,synthetic_barcode,one_substitution,1000,737,24,1,0.030,0.000,0.003496,286041.2,1.00,1.00,12064,6369088,0
dotmatch_scan,synthetic_barcode,one_substitution,1000,737,24,1,0.030,0.000,0.007263,137684.2,737.00,737.00,12064,6369088,0
edlib_native_scan,synthetic_barcode,one_substitution,1000,737,24,1,0.030,0.000,0.695486,1437.8,737.00,737.00,12064,6369088,0
bk_tree,synthetic_barcode,one_substitution,1000,737,24,1,0.030,0.000,0.023538,42484.5,60.63,60.63,12064,6369088,0
neighbor_lookup,synthetic_barcode,one_substitution,1000,737,24,1,0.030,0.000,0.024733,40431.8,1.00,1.00,12064,6369088,0
dotmatch_indexed,synthetic_barcode,exact,1000,4096,24,0,0.000,0.000,0.000285,3508772.4,1.00,1.00,13072,34441961,0
dotmatch_scan,synthetic_barcode,exact,1000,4096,24,0,0.000,0.000,0.020608,48524.8,4096.00,4096.00,13072,34441961,0
edlib_native_scan,synthetic_barcode,exact,1000,4096,24,0,0.000,0.000,2.738576,365.2,4096.00,4096.00,13072,34441961,0
exact_hash_lookup,synthetic_barcode,exact,1000,4096,24,0,0.000,0.000,0.001109,901713.3,1.00,1.00,13168,34441961,0
dotmatch_indexed,synthetic_barcode,one_substitution,1000,4096,24,0,0.000,0.000,0.000298,3355704.1,0.00,0.00,13296,0,0
dotmatch_scan,synthetic_barcode,one_substitution,1000,4096,24,0,0.000,0.000,0.027814,35953.1,4096.00,4096.00,13296,0,0
edlib_native_scan,synthetic_barcode,one_substitution,1000,4096,24,0,0.000,0.000,2.590405,386.0,4096.00,4096.00,13296,0,0
exact_hash_lookup,synthetic_barcode,one_substitution,1000,4096,24,0,0.000,0.000,0.000646,1547987.8,0.00,0.00,13296,0,0
dotmatch_indexed,synthetic_barcode,one_substitution,1000,4096,24,0,0.005,0.000,0.000230,4347826.0,0.00,0.00,14352,0,0
dotmatch_scan,synthetic_barcode,one_substitution,1000,4096,24,0,0.005,0.000,0.013859,72155.3,4096.00,4096.00,14352,0,0
edlib_native_scan,synthetic_barcode,one_substitution,1000,4096,24,0,0.005,0.000,2.361794,423.4,4096.00,4096.00,14352,0,0
exact_hash_lookup,synthetic_barcode,one_substitution,1000,4096,24,0,0.005,0.000,0.000560,1785714.1,0.00,0.00,14432,0,0
dotmatch_indexed,synthetic_barcode,one_substitution,1000,4096,24,0,0.010,0.000,0.000233,4291845.0,0.00,0.00,14432,0,0
dotmatch_scan,synthetic_barcode,one_substitution,1000,4096,24,0,0.010,0.000,0.013501,74068.6,4096.00,4096.00,14432,0,0
edlib_native_scan,synthetic_barcode,one_substitution,1000,4096,24,0,0.010,0.000,2.288710,436.9,4096.00,4096.00,14432,0,0
exact_hash_lookup,synthetic_barcode,one_substitution,1000,4096,24,0,0.010,0.000,0.000670,1492537.4,0.00,0.00,14432,0,0
dotmatch_indexed,synthetic_barcode,one_substitution,1000,4096,24,0,0.030,0.000,0.000228,4385965.1,0.00,0.00,14432,0,0
dotmatch_scan,synthetic_barcode,one_substitution,1000,4096,24,0,0.030,0.000,0.013240,75528.7,4096.00,4096.00,14432,0,0
edlib_native_scan,synthetic_barcode,one_substitution,1000,4096,24,0,0.030,0.000,2.284117,437.8,4096.00,4096.00,14432,0,0
exact_hash_lookup,synthetic_barcode,one_substitution,1000,4096,24,0,0.030,0.000,0.000554,1805054.1,0.00,0.00,14432,0,0
dotmatch_indexed,synthetic_barcode,exact,1000,4096,24,1,0.000,0.000,0.004814,207727.5,1.00,1.00,14432,35383846,0
dotmatch_scan,synthetic_barcode,exact,1000,4096,24,1,0.000,0.000,0.038832,25752.0,4096.00,4096.00,14432,35383846,0
edlib_native_scan,synthetic_barcode,exact,1000,4096,24,1,0.000,0.000,3.946096,253.4,4096.00,4096.00,14432,35383846,0
bk_tree,synthetic_barcode,exact,1000,4096,24,1,0.000,0.000,0.052631,19000.2,166.00,166.00,14560,35383846,0
neighbor_lookup,synthetic_barcode,exact,1000,4096,24,1,0.000,0.000,0.016242,61568.8,1.00,1.00,14560,35383846,0
dotmatch_indexed,synthetic_barcode,one_substitution,1000,4096,24,1,0.000,0.000,0.004920,203252.0,1.00,1.00,14560,34848049,0
dotmatch_scan,synthetic_barcode,one_substitution,1000,4096,24,1,0.000,0.000,0.038956,25670.0,4096.00,4096.00,14560,34848049,0
edlib_native_scan,synthetic_barcode,one_substitution,1000,4096,24,1,0.000,0.000,4.021844,248.6,4096.00,4096.00,14560,34848049,0
bk_tree,synthetic_barcode,one_substitution,1000,4096,24,1,0.000,0.000,0.050707,19721.1,167.47,167.47,14560,34848049,0
neighbor_lookup,synthetic_barcode,one_substitution,1000,4096,24,1,0.000,0.000,0.017176,58220.8,1.00,1.00,14560,34848049,0
dotmatch_indexed,synthetic_barcode,one_substitution,1000,4096,24,1,0.005,0.000,0.005290,189035.9,1.00,1.00,14560,34309642,0
dotmatch_scan,synthetic_barcode,one_substitution,1000,4096,24,1,0.005,0.000,0.038118,26234.3,4096.00,4096.00,14560,34309642,0
edlib_native_scan,synthetic_barcode,one_substitution,1000,4096,24,1,0.005,0.000,3.675437,272.1,4096.00,4096.00,14560,34309642,0
bk_tree,synthetic_barcode,one_substitution,1000,4096,24,1,0.005,0.000,0.058112,17208.1,173.44,173.44,14560,34309642,0
neighbor_lookup,synthetic_barcode,one_substitution,1000,4096,24,1,0.005,0.000,0.016086,62165.9,1.00,1.00,14560,34309642,0
dotmatch_indexed,synthetic_barcode,one_substitution,1000,4096,24,1,0.010,0.000,0.004856,205930.8,1.00,1.00,14560,34193005,0
dotmatch_scan,synthetic_barcode,one_substitution,1000,4096,24,1,0.010,0.000,0.038958,25668.7,4096.00,4096.00,14560,34193005,0
edlib_native_scan,synthetic_barcode,one_substitution,1000,4096,24,1,0.010,0.000,4.134791,241.9,4096.00,4096.00,14560,34193005,0
bk_tree,synthetic_barcode,one_substitution,1000,4096,24,1,0.010,0.000,0.048674,20544.8,160.24,160.24,14560,34193005,0
neighbor_lookup,synthetic_barcode,one_substitution,1000,4096,24,1,0.010,0.000,0.017134,58363.5,1.00,1.00,14560,34193005,0
dotmatch_indexed,synthetic_barcode,one_substitution,1000,4096,24,1,0.030,0.000,0.004984,200642.1,1.00,1.00,14560,34856889,0
dotmatch_scan,synthetic_barcode,one_substitution,1000,4096,24,1,0.030,0.000,0.039503,25314.5,4096.00,4096.00,14560,34856889,0
edlib_native_scan,synthetic_barcode,one_substitution,1000,4096,24,1,0.030,0.000,3.698113,270.4,4096.00,4096.00,14560,34856889,0
bk_tree,synthetic_barcode,one_substitution,1000,4096,24,1,0.030,0.000,0.056185,17798.3,152.39,152.39,14560,34856889,0
neighbor_lookup,synthetic_barcode,one_substitution,1000,4096,24,1,0.030,0.000,0.020896,47856.0,1.00,1.00,14560,34856889,0
dotmatch_indexed,synthetic_barcode,exact,1000,96,32,0,0.000,0.000,0.000188,5319151.3,1.00,1.00,14560,914629,0
dotmatch_scan,synthetic_barcode,exact,1000,96,32,0,0.000,0.000,0.000408,2450979.9,96.00,96.00,14560,914629,0
edlib_native_scan,synthetic_barcode,exact,1000,96,32,0,0.000,0.000,0.067640,14784.2,96.00,96.00,14560,914629,0
exact_hash_lookup,synthetic_barcode,exact,1000,96,32,0,0.000,0.000,0.000098,10204088.8,1.00,1.00,14560,914629,0
dotmatch_indexed,synthetic_barcode,one_substitution,1000,96,32,0,0.000,0.000,0.000308,3246753.1,0.00,0.00,14560,0,0
dotmatch_scan,synthetic_barcode,one_substitution,1000,96,32,0,0.000,0.000,0.000360,2777777.3,96.00,96.00,14560,0,0
edlib_native_scan,synthetic_barcode,one_substitution,1000,96,32,0,0.000,0.000,0.068746,14546.3,96.00,96.00,14560,0,0
exact_hash_lookup,synthetic_barcode,one_substitution,1000,96,32,0,0.000,0.000,0.000069,14492765.5,0.00,0.00,14560,0,0
dotmatch_indexed,synthetic_barcode,one_substitution,1000,96,32,0,0.005,0.000,0.000366,2732240.5,0.00,0.00,14560,0,0
dotmatch_scan,synthetic_barcode,one_substitution,1000,96,32,0,0.005,0.000,0.000375,2666667.1,96.00,96.00,14560,0,0
edlib_native_scan,synthetic_barcode,one_substitution,1000,96,32,0,0.005,0.000,0.063267,15806.0,96.00,96.00,14560,0,0
exact_hash_lookup,synthetic_barcode,one_substitution,1000,96,32,0,0.005,0.000,0.000071,14084515.3,0.00,0.00,14560,0,0
dotmatch_indexed,synthetic_barcode,one_substitution,1000,96,32,0,0.010,0.000,0.000212,4716981.5,0.00,0.00,14560,0,0
dotmatch_scan,synthetic_barcode,one_substitution,1000,96,32,0,0.010,0.000,0.000321,3115264.8,96.00,96.00,14560,0,0
edlib_native_scan,synthetic_barcode,one_substitution,1000,96,32,0,0.010,0.000,0.057579,17367.4,96.00,96.00,14560,0,0
exact_hash_lookup,synthetic_barcode,one_substitution,1000,96,32,0,0.010,0.000,0.000071,14084492.2,0.00,0.00,14560,0,0
dotmatch_indexed,synthetic_barcode,one_substitution,1000,96,32,0,0.030,0.000,0.000237,4219408.2,0.00,0.00,14560,0,0
dotmatch_scan,synthetic_barcode,one_substitution,1000,96,32,0,0.030,0.000,0.000321,3115264.8,96.00,96.00,14560,0,0
edlib_native_scan,synthetic_barcode,one_substitution,1000,96,32,0,0.030,0.000,0.057073,17521.4,96.00,96.00,14560,0,0
exact_hash_lookup,synthetic_barcode,one_substitution,1000,96,32,0,0.030,0.000,0.000068,14705871.1,0.00,0.00,14560,0,0
dotmatch_indexed,synthetic_barcode,exact,1000,96,32,1,0.000,0.000,0.004419,226295.5,1.00,1.00,14560,933380,0
dotmatch_scan,synthetic_barcode,exact,1000,96,32,1,0.000,0.000,0.000541,1848428.7,96.00,96.00,14560,933380,0
edlib_native_scan,synthetic_barcode,exact,1000,96,32,1,0.000,0.000,0.088031,11359.6,96.00,96.00,14560,933380,0
bk_tree,synthetic_barcode,exact,1000,96,32,1,0.000,0.000,0.005687,175839.6,16.73,16.73,14560,933380,0
neighbor_lookup,synthetic_barcode,exact,1000,96,32,1,0.000,0.000,0.022586,44275.2,1.00,1.00,14560,933380,0
dotmatch_indexed,synthetic_barcode,one_substitution,1000,96,32,1,0.000,0.000,0.004730,211416.5,1.00,1.00,14560,945493,0
dotmatch_scan,synthetic_barcode,one_substitution,1000,96,32,1,0.000,0.000,0.000631,1584786.0,96.00,96.00,14560,945493,0
edlib_native_scan,synthetic_barcode,one_substitution,1000,96,32,1,0.000,0.000,0.091063,10981.4,96.00,96.00,14560,945493,0
bk_tree,synthetic_barcode,one_substitution,1000,96,32,1,0.000,0.000,0.005495,181983.6,15.68,15.68,14560,945493,0
neighbor_lookup,synthetic_barcode,one_substitution,1000,96,32,1,0.000,0.000,0.026076,38349.4,1.00,1.00,14560,945493,0
dotmatch_indexed,synthetic_barcode,one_substitution,1000,96,32,1,0.005,0.000,0.004981,200762.9,1.00,1.00,14560,943725,0
dotmatch_scan,synthetic_barcode,one_substitution,1000,96,32,1,0.005,0.000,0.000625,1600000.0,96.00,96.00,14560,943725,0
edlib_native_scan,synthetic_barcode,one_substitution,1000,96,32,1,0.005,0.000,0.088535,11295.0,96.00,96.00,14560,943725,0
bk_tree,synthetic_barcode,one_substitution,1000,96,32,1,0.005,0.000,0.004864,205592.1,14.07,14.07,14560,943725,0
neighbor_lookup,synthetic_barcode,one_substitution,1000,96,32,1,0.005,0.000,0.023999,41668.4,1.00,1.00,14560,943725,0
dotmatch_indexed,synthetic_barcode,one_substitution,1000,96,32,1,0.010,0.000,0.004786,208942.7,1.00,1.00,14560,903384,0
dotmatch_scan,synthetic_barcode,one_substitution,1000,96,32,1,0.010,0.000,0.000787,1270647.9,96.00,96.00,14560,903384,0
edlib_native_scan,synthetic_barcode,one_substitution,1000,96,32,1,0.010,0.000,0.088870,11252.4,96.00,96.00,14560,903384,0
bk_tree,synthetic_barcode,one_substitution,1000,96,32,1,0.010,0.000,0.005313,188217.6,15.33,15.33,14560,903384,0
neighbor_lookup,synthetic_barcode,one_substitution,1000,96,32,1,0.010,0.000,0.024573,40695.1,1.00,1.00,14560,903384,0
dotmatch_indexed,synthetic_barcode,one_substitution,1000,96,32,1,0.030,0.000,0.004872,205254.5,1.00,1.00,14560,942297,0
dotmatch_scan,synthetic_barcode,one_substitution,1000,96,32,1,0.030,0.000,0.000618,1618123.2,96.00,96.00,14560,942297,0
edlib_native_scan,synthetic_barcode,one_substitution,1000,96,32,1,0.030,0.000,0.089771,11139.5,96.00,96.00,14560,942297,0
bk_tree,synthetic_barcode,one_substitution,1000,96,32,1,0.030,0.000,0.005009,199640.6,14.59,14.59,14560,942297,0
neighbor_lookup,synthetic_barcode,one_substitution,1000,96,32,1,0.030,0.000,0.024179,41358.2,1.00,1.00,14560,942297,0
dotmatch_indexed,synthetic_barcode,exact,1000,737,32,0,0.000,0.000,0.000277,3610108.1,1.00,1.00,14560,6314951,0
dotmatch_scan,synthetic_barcode,exact,1000,737,32,0,0.000,0.000,0.002859,349772.6,737.00,737.00,14560,6314951,0
edlib_native_scan,synthetic_barcode,exact,1000,737,32,0,0.000,0.000,0.698639,1431.4,737.00,737.00,14560,6314951,0
exact_hash_lookup,synthetic_barcode,exact,1000,737,32,0,0.000,0.000,0.000148,6756758.5,1.00,1.00,14560,6314951,0
dotmatch_indexed,synthetic_barcode,one_substitution,1000,737,32,0,0.000,0.000,0.000298,3355705.4,0.00,0.00,14560,0,0
dotmatch_scan,synthetic_barcode,one_substitution,1000,737,32,0,0.000,0.000,0.002366,422654.3,737.00,737.00,14560,0,0
edlib_native_scan,synthetic_barcode,one_substitution,1000,737,32,0,0.000,0.000,0.461383,2167.4,737.00,737.00,14560,0,0
exact_hash_lookup,synthetic_barcode,one_substitution,1000,737,32,0,0.000,0.000,0.000159,6289310.9,0.00,0.00,14560,0,0
dotmatch_indexed,synthetic_barcode,one_substitution,1000,737,32,0,0.005,0.000,0.000293,3412969.1,0.00,0.00,14560,0,0
dotmatch_scan,synthetic_barcode,one_substitution,1000,737,32,0,0.005,0.000,0.002344,426621.2,737.00,737.00,14560,0,0
edlib_native_scan,synthetic_barcode,one_substitution,1000,737,32,0,0.005,0.000,0.465197,2149.6,737.00,737.00,14560,0,0
exact_hash_lookup,synthetic_barcode,one_substitution,1000,737,32,0,0.005,0.000,0.000146,6849312.1,0.00,0.00,14560,0,0
dotmatch_indexed,synthetic_barcode,one_substitution,1000,737,32,0,0.010,0.000,0.000290,3448275.9,0.00,0.00,14560,0,0
dotmatch_scan,synthetic_barcode,one_substitution,1000,737,32,0,0.010,0.000,0.003313,301841.2,737.00,737.00,14560,0,0
edlib_native_scan,synthetic_barcode,one_substitution,1000,737,32,0,0.010,0.000,0.719548,1389.8,737.00,737.00,14560,0,0
exact_hash_lookup,synthetic_barcode,one_substitution,1000,737,32,0,0.010,0.000,0.000152,6578947.7,0.00,0.00,14560,0,0
dotmatch_indexed,synthetic_barcode,one_substitution,1000,737,32,0,0.030,0.000,0.000286,3496503.9,0.00,0.00,14560,0,0
dotmatch_scan,synthetic_barcode,one_substitution,1000,737,32,0,0.030,0.000,0.002349,425713.1,737.00,737.00,14560,0,0
edlib_native_scan,synthetic_barcode,one_substitution,1000,737,32,0,0.030,0.000,0.460749,2170.4,737.00,737.00,14560,0,0
exact_hash_lookup,synthetic_barcode,one_substitution,1000,737,32,0,0.030,0.000,0.000147,6802717.8,0.00,0.00,14560,0,0
dotmatch_indexed,synthetic_barcode,exact,1000,737,32,1,0.000,0.000,0.005406,184979.7,1.00,1.00,14560,6544213,0
dotmatch_scan,synthetic_barcode,exact,1000,737,32,1,0.000,0.000,0.006656,150240.4,737.00,737.00,14560,6544213,0
edlib_native_scan,synthetic_barcode,exact,1000,737,32,1,0.000,0.000,0.703778,1420.9,737.00,737.00,14560,6544213,0
bk_tree,synthetic_barcode,exact,1000,737,32,1,0.000,0.000,0.016598,60248.2,47.80,47.80,14560,6544213,0
neighbor_lookup,synthetic_barcode,exact,1000,737,32,1,0.000,0.000,0.024266,41209.9,1.00,1.00,14560,6544213,0
dotmatch_indexed,synthetic_barcode,one_substitution,1000,737,32,1,0.000,0.000,0.005224,191424.2,1.00,1.00,14560,6457947,0
dotmatch_scan,synthetic_barcode,one_substitution,1000,737,32,1,0.000,0.000,0.006360,157232.7,737.00,737.00,14560,6457947,0
edlib_native_scan,synthetic_barcode,one_substitution,1000,737,32,1,0.000,0.000,0.692732,1443.6,737.00,737.00,14560,6457947,0
bk_tree,synthetic_barcode,one_substitution,1000,737,32,1,0.000,0.000,0.018700,53475.9,51.36,51.36,14560,6457947,0
neighbor_lookup,synthetic_barcode,one_substitution,1000,737,32,1,0.000,0.000,0.024750,40404.0,1.00,1.00,14560,6457947,0
dotmatch_indexed,synthetic_barcode,one_substitution,1000,737,32,1,0.005,0.000,0.005541,180472.8,1.00,1.00,14560,6564027,0
dotmatch_scan,synthetic_barcode,one_substitution,1000,737,32,1,0.005,0.000,0.006457,154870.7,737.00,737.00,14560,6564027,0
edlib_native_scan,synthetic_barcode,one_substitution,1000,737,32,1,0.005,0.000,0.838011,1193.3,737.00,737.00,14560,6564027,0
bk_tree,synthetic_barcode,one_substitution,1000,737,32,1,0.005,0.000,0.017295,57820.2,48.76,48.76,14560,6564027,0
neighbor_lookup,synthetic_barcode,one_substitution,1000,737,32,1,0.005,0.000,0.024079,41530.0,1.00,1.00,14560,6564027,0
dotmatch_indexed,synthetic_barcode,one_substitution,1000,737,32,1,0.010,0.000,0.005072,197160.9,1.00,1.00,14560,6320094,0
dotmatch_scan,synthetic_barcode,one_substitution,1000,737,32,1,0.010,0.000,0.006734,148500.1,737.00,737.00,14560,6320094,0
edlib_native_scan,synthetic_barcode,one_substitution,1000,737,32,1,0.010,0.000,0.672881,1486.1,737.00,737.00,14560,6320094,0
bk_tree,synthetic_barcode,one_substitution,1000,737,32,1,0.010,0.000,0.018921,52851.3,53.14,53.14,14560,6320094,0
neighbor_lookup,synthetic_barcode,one_substitution,1000,737,32,1,0.010,0.000,0.023886,41865.5,1.00,1.00,14560,6320094,0
dotmatch_indexed,synthetic_barcode,one_substitution,1000,737,32,1,0.030,0.000,0.005369,186254.4,1.00,1.00,14560,6576913,0
dotmatch_scan,synthetic_barcode,one_substitution,1000,737,32,1,0.030,0.000,0.006321,158202.8,737.00,737.00,14560,6576913,0
edlib_native_scan,synthetic_barcode,one_substitution,1000,737,32,1,0.030,0.000,0.839585,1191.1,737.00,737.00,14560,6576913,0
bk_tree,synthetic_barcode,one_substitution,1000,737,32,1,0.030,0.000,0.024093,41505.8,48.59,48.59,14560,6576913,0
neighbor_lookup,synthetic_barcode,one_substitution,1000,737,32,1,0.030,0.000,0.028543,35034.9,1.00,1.00,14560,6576913,0
dotmatch_indexed,synthetic_barcode,exact,1000,4096,32,0,0.000,0.000,0.000298,3355705.4,1.00,1.00,14560,35213557,0
dotmatch_scan,synthetic_barcode,exact,1000,4096,32,0,0.000,0.000,0.013162,75976.3,4096.00,4096.00,14560,35213557,0
edlib_native_scan,synthetic_barcode,exact,1000,4096,32,0,0.000,0.000,2.993716,334.0,4096.00,4096.00,14560,35213557,0
exact_hash_lookup,synthetic_barcode,exact,1000,4096,32,0,0.000,0.000,0.000842,1187648.6,1.00,1.00,14560,35213557,0
dotmatch_indexed,synthetic_barcode,one_substitution,1000,4096,32,0,0.000,0.000,0.000316,3164556.2,0.00,0.00,16336,0,0
dotmatch_scan,synthetic_barcode,one_substitution,1000,4096,32,0,0.000,0.000,0.018487,54092.1,4096.00,4096.00,16336,0,0
edlib_native_scan,synthetic_barcode,one_substitution,1000,4096,32,0,0.000,0.000,2.488679,401.8,4096.00,4096.00,16336,0,0
exact_hash_lookup,synthetic_barcode,one_substitution,1000,4096,32,0,0.000,0.000,0.000577,1733102.0,0.00,0.00,16336,0,0
dotmatch_indexed,synthetic_barcode,one_substitution,1000,4096,32,0,0.005,0.000,0.000376,2659574.8,0.00,0.00,16336,0,0
dotmatch_scan,synthetic_barcode,one_substitution,1000,4096,32,0,0.005,0.000,0.013066,76534.5,4096.00,4096.00,16336,0,0
edlib_native_scan,synthetic_barcode,one_substitution,1000,4096,32,0,0.005,0.000,2.396968,417.2,4096.00,4096.00,16336,0,0
exact_hash_lookup,synthetic_barcode,one_substitution,1000,4096,32,0,0.005,0.000,0.000571,1751313.4,0.00,0.00,16336,0,0
dotmatch_indexed,synthetic_barcode,one_substitution,1000,4096,32,0,0.010,0.000,0.000298,3355704.1,0.00,0.00,16336,0,0
dotmatch_scan,synthetic_barcode,one_substitution,1000,4096,32,0,0.010,0.000,0.013109,76283.5,4096.00,4096.00,16336,0,0
edlib_native_scan,synthetic_barcode,one_substitution,1000,4096,32,0,0.010,0.000,2.402671,416.2,4096.00,4096.00,16336,0,0
exact_hash_lookup,synthetic_barcode,one_substitution,1000,4096,32,0,0.010,0.000,0.000578,1730103.9,0.00,0.00,16336,0,0
dotmatch_indexed,synthetic_barcode,one_substitution,1000,4096,32,0,0.030,0.000,0.000304,3289473.8,0.00,0.00,16336,0,0
dotmatch_scan,synthetic_barcode,one_substitution,1000,4096,32,0,0.030,0.000,0.013285,75272.9,4096.00,4096.00,16336,0,0
edlib_native_scan,synthetic_barcode,one_substitution,1000,4096,32,0,0.030,0.000,2.449267,408.3,4096.00,4096.00,16336,0,0
exact_hash_lookup,synthetic_barcode,one_substitution,1000,4096,32,0,0.030,0.000,0.000564,1773049.7,0.00,0.00,16336,0,0
dotmatch_indexed,synthetic_barcode,exact,1000,4096,32,1,0.000,0.000,0.006555,152555.3,1.00,1.00,16336,35175460,0
dotmatch_scan,synthetic_barcode,exact,1000,4096,32,1,0.000,0.000,0.038614,25897.3,4096.00,4096.00,16336,35175460,0
edlib_native_scan,synthetic_barcode,exact,1000,4096,32,1,0.000,0.000,5.225985,191.4,4096.00,4096.00,16336,35175460,0
bk_tree,synthetic_barcode,exact,1000,4096,32,1,0.000,0.000,0.104544,9565.4,131.44,131.44,16336,35175460,0
neighbor_lookup,synthetic_barcode,exact,1000,4096,32,1,0.000,0.000,0.050145,19942.2,1.00,1.00,16336,35175460,0
dotmatch_indexed,synthetic_barcode,one_substitution,1000,4096,32,1,0.000,0.000,0.007893,126694.5,1.00,1.00,16336,35475349,0
dotmatch_scan,synthetic_barcode,one_substitution,1000,4096,32,1,0.000,0.000,0.051594,19382.1,4096.00,4096.00,16336,35475349,0
edlib_native_scan,synthetic_barcode,one_substitution,1000,4096,32,1,0.000,0.000,4.523751,221.1,4096.00,4096.00,16336,35475349,0
bk_tree,synthetic_barcode,one_substitution,1000,4096,32,1,0.000,0.000,0.052071,19204.5,130.06,130.06,16336,35475349,0
neighbor_lookup,synthetic_barcode,one_substitution,1000,4096,32,1,0.000,0.000,0.025863,38665.3,1.00,1.00,16336,35475349,0
dotmatch_indexed,synthetic_barcode,one_substitution,1000,4096,32,1,0.005,0.000,0.006907,144780.7,1.00,1.00,16336,33510251,0
dotmatch_scan,synthetic_barcode,one_substitution,1000,4096,32,1,0.005,0.000,0.039114,25566.3,4096.00,4096.00,16336,33510251,0
edlib_native_scan,synthetic_barcode,one_substitution,1000,4096,32,1,0.005,0.000,3.826673,261.3,4096.00,4096.00,16336,33510251,0
bk_tree,synthetic_barcode,one_substitution,1000,4096,32,1,0.005,0.000,0.050570,19774.6,127.85,127.85,16336,33510251,0
neighbor_lookup,synthetic_barcode,one_substitution,1000,4096,32,1,0.005,0.000,0.025529,39171.1,1.00,1.00,16336,33510251,0
dotmatch_indexed,synthetic_barcode,one_substitution,1000,4096,32,1,0.010,0.000,0.006763,147863.4,1.00,1.00,16336,34774609,0
dotmatch_scan,synthetic_barcode,one_substitution,1000,4096,32,1,0.010,0.000,0.038997,25643.0,4096.00,4096.00,16336,34774609,0
edlib_native_scan,synthetic_barcode,one_substitution,1000,4096,32,1,0.010,0.000,3.796803,263.4,4096.00,4096.00,16336,34774609,0
bk_tree,synthetic_barcode,one_substitution,1000,4096,32,1,0.010,0.000,0.056090,17828.5,132.34,132.34,16336,34774609,0
neighbor_lookup,synthetic_barcode,one_substitution,1000,4096,32,1,0.010,0.000,0.027182,36789.1,1.00,1.00,16336,34774609,0
dotmatch_indexed,synthetic_barcode,one_substitution,1000,4096,32,1,0.030,0.000,0.006926,144383.5,1.00,1.00,16336,35134754,0
dotmatch_scan,synthetic_barcode,one_substitution,1000,4096,32,1,0.030,0.000,0.039573,25269.8,4096.00,4096.00,16336,35134754,0
edlib_native_scan,synthetic_barcode,one_substitution,1000,4096,32,1,0.030,0.000,4.459985,224.2,4096.00,4096.00,16336,35134754,0
bk_tree,synthetic_barcode,one_substitution,1000,4096,32,1,0.030,0.000,0.050864,19660.3,128.47,128.47,16336,35134754,0
neighbor_lookup,synthetic_barcode,one_substitution,1000,4096,32,1,0.030,0.000,0.025430,39323.6,1.00,1.00,16336,35134754,0

tool,workload,error_mode,n_reads,n_targets,len,k,err,indel_rate,seconds,reads_per_sec,candidates_per_read,verified_per_read,peak_rss_kb,checksum,mismatches
dotmatch_indexed,synthetic_barcode,exact,1000,96,16,0,0.000,0.000,0.000096,10416675.8,1.00,1.00,1712,890047,0
dotmatch_scan,synthetic_barcode,exact,1000,96,16,0,0.000,0.000,0.000375,2666666.2,96.00,96.00,1712,890047,0
edlib_native_scan,synthetic_barcode,exact,1000,96,16,0,0.000,0.000,0.050652,19742.6,96.00,96.00,1712,890047,0
exact_hash_lookup,synthetic_barcode,exact,1000,96,16,0,0.000,0.000,0.000039,25641060.0,1.00,1.00,1744,890047,0
dotmatch_indexed,synthetic_barcode,one_substitution,1000,96,16,0,0.000,0.000,0.000130,7692311.1,0.00,0.00,1776,0,0
dotmatch_scan,synthetic_barcode,one_substitution,1000,96,16,0,0.000,0.000,0.000359,2785514.9,96.00,96.00,1776,0,0
edlib_native_scan,synthetic_barcode,one_substitution,1000,96,16,0,0.000,0.000,0.051645,19363.0,96.00,96.00,1776,0,0
exact_hash_lookup,synthetic_barcode,one_substitution,1000,96,16,0,0.000,0.000,0.000030,33333338.2,0.00,0.00,1776,0,0
dotmatch_indexed,synthetic_barcode,one_substitution,1000,96,16,0,0.005,0.000,0.000131,7633590.7,0.00,0.00,1776,0,0
dotmatch_scan,synthetic_barcode,one_substitution,1000,96,16,0,0.005,0.000,0.000377,2652519.4,96.00,96.00,1776,0,0
edlib_native_scan,synthetic_barcode,one_substitution,1000,96,16,0,0.005,0.000,0.051241,19515.6,96.00,96.00,1776,0,0
exact_hash_lookup,synthetic_barcode,one_substitution,1000,96,16,0,0.005,0.000,0.000028,35714310.7,0.00,0.00,1776,0,0
dotmatch_indexed,synthetic_barcode,one_substitution,1000,96,16,0,0.010,0.000,0.000131,7633590.7,0.00,0.00,1792,0,0
dotmatch_scan,synthetic_barcode,one_substitution,1000,96,16,0,0.010,0.000,0.000358,2793295.7,96.00,96.00,1792,0,0
edlib_native_scan,synthetic_barcode,one_substitution,1000,96,16,0,0.010,0.000,0.050948,19627.9,96.00,96.00,1792,0,0
exact_hash_lookup,synthetic_barcode,one_substitution,1000,96,16,0,0.010,0.000,0.000030,33333338.2,0.00,0.00,1792,0,0
dotmatch_indexed,synthetic_barcode,one_substitution,1000,96,16,0,0.030,0.000,0.000132,7575760.0,0.00,0.00,1824,0,0
dotmatch_scan,synthetic_barcode,one_substitution,1000,96,16,0,0.030,0.000,0.000359,2785514.9,96.00,96.00,1824,0,0
edlib_native_scan,synthetic_barcode,one_substitution,1000,96,16,0,0.030,0.000,0.051029,19596.7,96.00,96.00,1824,0,0
exact_hash_lookup,synthetic_barcode,one_substitution,1000,96,16,0,0.030,0.000,0.000034,29411742.2,0.00,0.00,1840,0,0
dotmatch_indexed,synthetic_barcode,exact,1000,96,16,1,0.000,0.000,0.001327,753579.5,1.00,1.00,1856,890268,0
dotmatch_scan,synthetic_barcode,exact,1000,96,16,1,0.000,0.000,0.000577,1733102.0,96.00,96.00,1856,890268,0
edlib_native_scan,synthetic_barcode,exact,1000,96,16,1,0.000,0.000,0.073055,13688.3,96.00,96.00,1856,890268,0
bk_tree,synthetic_barcode,exact,1000,96,16,1,0.000,0.000,0.003826,261369.6,19.84,19.84,1872,890268,0
neighbor_lookup,synthetic_barcode,exact,1000,96,16,1,0.000,0.000,0.004624,216263.0,1.00,1.00,1888,890268,0
dotmatch_indexed,synthetic_barcode,one_substitution,1000,96,16,1,0.000,0.000,0.001678,595947.6,1.00,1.00,1888,940053,0
dotmatch_scan,synthetic_barcode,one_substitution,1000,96,16,1,0.000,0.000,0.000690,1449275.3,96.00,96.00,1888,940053,0
edlib_native_scan,synthetic_barcode,one_substitution,1000,96,16,1,0.000,0.000,0.073422,13619.9,96.00,96.00,1888,940053,0
bk_tree,synthetic_barcode,one_substitution,1000,96,16,1,0.000,0.000,0.004407,226911.7,22.95,22.95,1904,940053,0
neighbor_lookup,synthetic_barcode,one_substitution,1000,96,16,1,0.000,0.000,0.005573,179436.6,1.00,1.00,1920,940053,0
dotmatch_indexed,synthetic_barcode,one_substitution,1000,96,16,1,0.005,0.000,0.002154,464252.6,1.00,1.00,1920,923563,0
dotmatch_scan,synthetic_barcode,one_substitution,1000,96,16,1,0.005,0.000,0.000854,1170960.1,96.00,96.00,1920,923563,0
edlib_native_scan,synthetic_barcode,one_substitution,1000,96,16,1,0.005,0.000,0.075371,13267.7,96.00,96.00,1920,923563,0
bk_tree,synthetic_barcode,one_substitution,1000,96,16,1,0.005,0.000,0.003681,271665.3,19.85,19.85,1920,923563,0
neighbor_lookup,synthetic_barcode,one_substitution,1000,96,16,1,0.005,0.000,0.005612,178189.6,1.00,1.00,1920,923563,0
dotmatch_indexed,synthetic_barcode,one_substitution,1000,96,16,1,0.010,0.000,0.001727,579038.8,1.00,1.00,1920,913125,0
dotmatch_scan,synthetic_barcode,one_substitution,1000,96,16,1,0.010,0.000,0.000714,1400560.3,96.00,96.00,1920,913125,0
edlib_native_scan,synthetic_barcode,one_substitution,1000,96,16,1,0.010,0.000,0.073461,13612.7,96.00,96.00,1920,913125,0
bk_tree,synthetic_barcode,one_substitution,1000,96,16,1,0.010,0.000,0.006260,159744.4,21.05,21.05,1936,913125,0
neighbor_lookup,synthetic_barcode,one_substitution,1000,96,16,1,0.010,0.000,0.007673,130327.1,1.00,1.00,1936,913125,0
dotmatch_indexed,synthetic_barcode,one_substitution,1000,96,16,1,0.030,0.000,0.001745,573065.9,1.00,1.00,1936,918905,0
dotmatch_scan,synthetic_barcode,one_substitution,1000,96,16,1,0.030,0.000,0.000792,1262626.1,96.00,96.00,1936,918905,0
edlib_native_scan,synthetic_barcode,one_substitution,1000,96,16,1,0.030,0.000,0.118997,8403.6,96.00,96.00,1936,918905,0
bk_tree,synthetic_barcode,one_substitution,1000,96,16,1,0.030,0.000,0.004671,214086.9,20.36,20.36,1936,918905,0
neighbor_lookup,synthetic_barcode,one_substitution,1000,96,16,1,0.030,0.000,0.006558,152485.5,1.00,1.00,1936,918905,0
dotmatch_indexed,synthetic_barcode,exact,1000,737,16,0,0.000,0.000,0.000148,6756753.1,1.00,1.00,2688,6571583,0
dotmatch_scan,synthetic_barcode,exact,1000,737,16,0,0.000,0.000,0.005013,199481.3,737.00,737.00,2688,6571583,0
edlib_native_scan,synthetic_barcode,exact,1000,737,16,0,0.000,0.000,0.630814,1585.3,737.00,737.00,2688,6571583,0
exact_hash_lookup,synthetic_barcode,exact,1000,737,16,0,0.000,0.000,0.000090,11111112.7,1.00,1.00,2736,6571583,0
dotmatch_indexed,synthetic_barcode,one_substitution,1000,737,16,0,0.000,0.000,0.000154,6493506.1,0.00,0.00,2784,0,0
dotmatch_scan,synthetic_barcode,one_substitution,1000,737,16,0,0.000,0.000,0.002684,372578.2,737.00,737.00,2784,0,0
edlib_native_scan,synthetic_barcode,one_substitution,1000,737,16,0,0.000,0.000,0.386716,2585.9,737.00,737.00,2784,0,0
exact_hash_lookup,synthetic_barcode,one_substitution,1000,737,16,0,0.000,0.000,0.000063,15873012.3,0.00,0.00,2784,0,0
dotmatch_indexed,synthetic_barcode,one_substitution,1000,737,16,0,0.005,0.000,0.000154,6493506.1,0.00,0.00,2784,0,0
dotmatch_scan,synthetic_barcode,one_substitution,1000,737,16,0,0.005,0.000,0.002487,402090.9,737.00,737.00,2784,0,0
edlib_native_scan,synthetic_barcode,one_substitution,1000,737,16,0,0.005,0.000,0.382986,2611.1,737.00,737.00,2784,0,0
exact_hash_lookup,synthetic_barcode,one_substitution,1000,737,16,0,0.005,0.000,0.000073,13698635.1,0.00,0.00,2784,0,0
dotmatch_indexed,synthetic_barcode,one_substitution,1000,737,16,0,0.010,0.000,0.000154,6493506.1,0.00,0.00,2784,0,0
dotmatch_scan,synthetic_barcode,one_substitution,1000,737,16,0,0.010,0.000,0.002713,368595.6,737.00,737.00,2784,0,0
edlib_native_scan,synthetic_barcode,one_substitution,1000,737,16,0,0.010,0.000,0.389455,2567.7,737.00,737.00,2784,0,0
exact_hash_lookup,synthetic_barcode,one_substitution,1000,737,16,0,0.010,0.000,0.000064,15625023.1,0.00,0.00,2784,0,0
dotmatch_indexed,synthetic_barcode,one_substitution,1000,737,16,0,0.030,0.000,0.000155,6451612.2,0.00,0.00,2784,0,0
dotmatch_scan,synthetic_barcode,one_substitution,1000,737,16,0,0.030,0.000,0.002814,355366.0,737.00,737.00,2784,0,0
edlib_native_scan,synthetic_barcode,one_substitution,1000,737,16,0,0.030,0.000,0.395011,2531.6,737.00,737.00,2784,0,0
exact_hash_lookup,synthetic_barcode,one_substitution,1000,737,16,0,0.030,0.000,0.000066,15151506.7,0.00,0.00,2784,0,0
dotmatch_indexed,synthetic_barcode,exact,1000,737,16,1,0.000,0.000,0.001979,505305.7,1.00,1.00,2784,6520413,0
dotmatch_scan,synthetic_barcode,exact,1000,737,16,1,0.000,0.000,0.007103,140785.6,737.00,737.00,2784,6520413,0
edlib_native_scan,synthetic_barcode,exact,1000,737,16,1,0.000,0.000,0.586557,1704.9,737.00,737.00,2784,6520413,0
bk_tree,synthetic_barcode,exact,1000,737,16,1,0.000,0.000,0.015112,66172.6,72.53,72.53,2880,6520413,0
neighbor_lookup,synthetic_barcode,exact,1000,737,16,1,0.000,0.000,0.005954,167954.3,1.00,1.00,2928,6520413,0
dotmatch_indexed,synthetic_barcode,one_substitution,1000,737,16,1,0.000,0.000,0.002048,488281.2,1.00,1.00,2944,6391358,0
dotmatch_scan,synthetic_barcode,one_substitution,1000,737,16,1,0.000,0.000,0.007082,141203.1,737.00,737.00,2944,6391358,0
edlib_native_scan,synthetic_barcode,one_substitution,1000,737,16,1,0.000,0.000,0.556988,1795.4,737.00,737.00,2944,6391358,0
bk_tree,synthetic_barcode,one_substitution,1000,737,16,1,0.000,0.000,0.015328,65240.1,79.20,79.20,2944,6391358,0
neighbor_lookup,synthetic_barcode,one_substitution,1000,737,16,1,0.000,0.000,0.005728,174581.0,1.00,1.00,2944,6391358,0
dotmatch_indexed,synthetic_barcode,one_substitution,1000,737,16,1,0.005,0.000,0.002041,489955.9,1.00,1.00,2944,6389539,0
dotmatch_scan,synthetic_barcode,one_substitution,1000,737,16,1,0.005,0.000,0.006500,153846.2,737.00,737.00,2944,6389539,0
edlib_native_scan,synthetic_barcode,one_substitution,1000,737,16,1,0.005,0.000,0.545704,1832.5,737.00,737.00,2944,6389539,0
bk_tree,synthetic_barcode,one_substitution,1000,737,16,1,0.005,0.000,0.015155,65984.8,77.15,77.15,2944,6389539,0
neighbor_lookup,synthetic_barcode,one_substitution,1000,737,16,1,0.005,0.000,0.005709,175162.0,1.00,1.00,2944,6389539,0
dotmatch_indexed,synthetic_barcode,one_substitution,1000,737,16,1,0.010,0.000,0.002150,465116.3,1.00,1.00,2944,6360214,0
dotmatch_scan,synthetic_barcode,one_substitution,1000,737,16,1,0.010,0.000,0.006470,154559.5,737.00,737.00,2944,6360214,0
edlib_native_scan,synthetic_barcode,one_substitution,1000,737,16,1,0.010,0.000,0.547268,1827.3,737.00,737.00,2944,6360214,0
bk_tree,synthetic_barcode,one_substitution,1000,737,16,1,0.010,0.000,0.015083,66299.8,77.59,77.59,2944,6360214,0
neighbor_lookup,synthetic_barcode,one_substitution,1000,737,16,1,0.010,0.000,0.005735,174367.9,1.00,1.00,2944,6360214,0
dotmatch_indexed,synthetic_barcode,one_substitution,1000,737,16,1,0.030,0.000,0.002040,490196.1,1.00,1.00,2944,6574193,0
dotmatch_scan,synthetic_barcode,one_substitution,1000,737,16,1,0.030,0.000,0.006858,145815.1,737.00,737.00,2944,6574193,0
edlib_native_scan,synthetic_barcode,one_substitution,1000,737,16,1,0.030,0.000,0.680601,1469.3,737.00,737.00,2944,6574193,0
bk_tree,synthetic_barcode,one_substitution,1000,737,16,1,0.030,0.000,0.014866,67267.6,76.19,76.19,2944,6574193,0
neighbor_lookup,synthetic_barcode,one_substitution,1000,737,16,1,0.030,0.000,0.005831,171497.2,1.00,1.00,2944,6574193,0
dotmatch_indexed,synthetic_barcode,exact,1000,4096,16,0,0.000,0.000,0.000161,6211182.2,1.00,1.00,6848,36488268,0
dotmatch_scan,synthetic_barcode,exact,1000,4096,16,0,0.000,0.000,0.015209,65750.5,4096.00,4096.00,6848,36488268,0
edlib_native_scan,synthetic_barcode,exact,1000,4096,16,0,0.000,0.000,2.601819,384.3,4096.00,4096.00,6848,36488268,0
exact_hash_lookup,synthetic_barcode,exact,1000,4096,16,0,0.000,0.000,0.000269,3717471.2,1.00,1.00,7072,36488268,0
dotmatch_indexed,synthetic_barcode,one_substitution,1000,4096,16,0,0.000,0.000,0.000160,6249997.9,0.00,0.00,7088,0,0
dotmatch_scan,synthetic_barcode,one_substitution,1000,4096,16,0,0.000,0.000,0.015615,64041.0,4096.00,4096.00,7088,0,0
edlib_native_scan,synthetic_barcode,one_substitution,1000,4096,16,0,0.000,0.000,2.419125,413.4,4096.00,4096.00,7088,0,0
exact_hash_lookup,synthetic_barcode,one_substitution,1000,4096,16,0,0.000,0.000,0.000269,3717472.8,0.00,0.00,7088,0,0
dotmatch_indexed,synthetic_barcode,one_substitution,1000,4096,16,0,0.005,0.000,0.000158,6329112.4,0.00,0.00,7088,0,0
dotmatch_scan,synthetic_barcode,one_substitution,1000,4096,16,0,0.005,0.000,0.015601,64098.5,4096.00,4096.00,7088,0,0
edlib_native_scan,synthetic_barcode,one_substitution,1000,4096,16,0,0.005,0.000,2.197215,455.1,4096.00,4096.00,7088,0,0
exact_hash_lookup,synthetic_barcode,one_substitution,1000,4096,16,0,0.005,0.000,0.000264,3787878.3,0.00,0.00,7088,0,0
dotmatch_indexed,synthetic_barcode,one_substitution,1000,4096,16,0,0.010,0.000,0.000157,6369425.5,0.00,0.00,7088,0,0
dotmatch_scan,synthetic_barcode,one_substitution,1000,4096,16,0,0.010,0.000,0.015137,66063.3,4096.00,4096.00,7088,0,0
edlib_native_scan,synthetic_barcode,one_substitution,1000,4096,16,0,0.010,0.000,2.443666,409.2,4096.00,4096.00,7088,0,0
exact_hash_lookup,synthetic_barcode,one_substitution,1000,4096,16,0,0.010,0.000,0.000238,4201679.5,0.00,0.00,7088,0,0
dotmatch_indexed,synthetic_barcode,one_substitution,1000,4096,16,0,0.030,0.000,0.000159,6289306.3,0.00,0.00,7088,0,0
dotmatch_scan,synthetic_barcode,one_substitution,1000,4096,16,0,0.030,0.000,0.015325,65252.9,4096.00,4096.00,7088,0,0
edlib_native_scan,synthetic_barcode,one_substitution,1000,4096,16,0,0.030,0.000,2.579190,387.7,4096.00,4096.00,7088,0,0
exact_hash_lookup,synthetic_barcode,one_substitution,1000,4096,16,0,0.030,0.000,0.000237,4219408.2,0.00,0.00,7088,0,0
dotmatch_indexed,synthetic_barcode,exact,1000,4096,16,1,0.000,0.000,0.003741,267308.2,1.00,1.00,7088,34946028,0
dotmatch_scan,synthetic_barcode,exact,1000,4096,16,1,0.000,0.000,0.039911,25055.7,4096.00,4096.00,7088,34946028,0
edlib_native_scan,synthetic_barcode,exact,1000,4096,16,1,0.000,0.000,3.201970,312.3,4096.00,4096.00,7088,34946028,0
bk_tree,synthetic_barcode,exact,1000,4096,16,1,0.000,0.000,0.052787,18944.1,247.77,247.77,7088,34946028,0
neighbor_lookup,synthetic_barcode,exact,1000,4096,16,1,0.000,0.000,0.006484,154225.8,1.00,1.00,7264,34946028,0
dotmatch_indexed,synthetic_barcode,one_substitution,1000,4096,16,1,0.000,0.000,0.003683,271517.8,1.00,1.00,7264,34874297,0
dotmatch_scan,synthetic_barcode,one_substitution,1000,4096,16,1,0.000,0.000,0.039615,25243.0,4096.00,4096.00,7264,34874297,0
edlib_native_scan,synthetic_barcode,one_substitution,1000,4096,16,1,0.000,0.000,3.176358,314.8,4096.00,4096.00,7264,34874297,0
bk_tree,synthetic_barcode,one_substitution,1000,4096,16,1,0.000,0.000,0.048616,20569.4,228.90,228.90,7280,34874297,0
neighbor_lookup,synthetic_barcode,one_substitution,1000,4096,16,1,0.000,0.000,0.007230,138312.6,1.00,1.00,7280,34874297,0
dotmatch_indexed,synthetic_barcode,one_substitution,1000,4096,16,1,0.005,0.000,0.004062,246184.1,1.00,1.00,7280,34416385,0
dotmatch_scan,synthetic_barcode,one_substitution,1000,4096,16,1,0.005,0.000,0.042289,23646.8,4096.00,4096.00,7280,34416385,0
edlib_native_scan,synthetic_barcode,one_substitution,1000,4096,16,1,0.005,0.000,3.122750,320.2,4096.00,4096.00,7280,34416385,0
bk_tree,synthetic_barcode,one_substitution,1000,4096,16,1,0.005,0.000,0.045889,21791.7,217.34,217.34,7280,34416385,0
neighbor_lookup,synthetic_barcode,one_substitution,1000,4096,16,1,0.005,0.000,0.006430,155521.0,1.00,1.00,7280,34416385,0
dotmatch_indexed,synthetic_barcode,one_substitution,1000,4096,16,1,0.010,0.000,0.003743,267165.4,1.00,1.00,7280,35000250,0
dotmatch_scan,synthetic_barcode,one_substitution,1000,4096,16,1,0.010,0.000,0.038299,26110.3,4096.00,4096.00,7280,35000250,0
edlib_native_scan,synthetic_barcode,one_substitution,1000,4096,16,1,0.010,0.000,3.138128,318.7,4096.00,4096.00,7280,35000250,0
bk_tree,synthetic_barcode,one_substitution,1000,4096,16,1,0.010,0.000,0.047887,20882.5,221.38,221.38,7280,35000250,0
neighbor_lookup,synthetic_barcode,one_substitution,1000,4096,16,1,0.010,0.000,0.006750,148148.1,1.00,1.00,7280,35000250,0
dotmatch_indexed,synthetic_barcode,one_substitution,1000,4096,16,1,0.030,0.000,0.004060,246305.4,1.00,1.00,7280,34594001,0
dotmatch_scan,synthetic_barcode,one_substitution,1000,4096,16,1,0.030,0.000,0.039276,25460.8,4096.00,4096.00,7280,34594001,0
edlib_native_scan,synthetic_barcode,one_substitution,1000,4096,16,1,0.030,0.000,3.080049,324.7,4096.00,4096.00,7280,34594001,0
bk_tree,synthetic_barcode,one_substitution,1000,4096,16,1,0.030,0.000,0.048058,20808.2,230.26,230.26,7280,34594001,0
neighbor_lookup,synthetic_barcode,one_substitution,1000,4096,16,1,0.030,0.000,0.006283,159159.6,1.00,1.00,7280,34594001,0
dotmatch_indexed,synthetic_barcode,exact,1000,96,24,0,0.000,0.000,0.000114,8771934.7,1.00,1.00,7280,921497,0
dotmatch_scan,synthetic_barcode,exact,1000,96,24,0,0.000,0.000,0.000335,2985074.7,96.00,96.00,7280,921497,0
edlib_native_scan,synthetic_barcode,exact,1000,96,24,0,0.000,0.000,0.054032,18507.6,96.00,96.00,7280,921497,0
exact_hash_lookup,synthetic_barcode,exact,1000,96,24,0,0.000,0.000,0.000061,16393442.9,1.00,1.00,7280,921497,0
dotmatch_indexed,synthetic_barcode,one_substitution,1000,96,24,0,0.000,0.000,0.000171,5847952.5,0.00,0.00,7280,0,0
dotmatch_scan,synthetic_barcode,one_substitution,1000,96,24,0,0.000,0.000,0.000323,3095976.2,96.00,96.00,7280,0,0
edlib_native_scan,synthetic_barcode,one_substitution,1000,96,24,0,0.000,0.000,0.053780,18594.3,96.00,96.00,7280,0,0
exact_hash_lookup,synthetic_barcode,one_substitution,1000,96,24,0,0.000,0.000,0.000067,14925363.2,0.00,0.00,7280,0,0
dotmatch_indexed,synthetic_barcode,one_substitution,1000,96,24,0,0.005,0.000,0.000171,5847952.5,0.00,0.00,7280,0,0
dotmatch_scan,synthetic_barcode,one_substitution,1000,96,24,0,0.005,0.000,0.000322,3105590.0,96.00,96.00,7280,0,0
edlib_native_scan,synthetic_barcode,one_substitution,1000,96,24,0,0.005,0.000,0.053836,18574.9,96.00,96.00,7280,0,0
exact_hash_lookup,synthetic_barcode,one_substitution,1000,96,24,0,0.005,0.000,0.000067,14925363.2,0.00,0.00,7280,0,0
dotmatch_indexed,synthetic_barcode,one_substitution,1000,96,24,0,0.010,0.000,0.000171,5847952.5,0.00,0.00,7280,0,0
dotmatch_scan,synthetic_barcode,one_substitution,1000,96,24,0,0.010,0.000,0.000323,3095975.1,96.00,96.00,7280,0,0
edlib_native_scan,synthetic_barcode,one_substitution,1000,96,24,0,0.010,0.000,0.053940,18539.1,96.00,96.00,7280,0,0
exact_hash_lookup,synthetic_barcode,one_substitution,1000,96,24,0,0.010,0.000,0.000065,15384636.0,0.00,0.00,7280,0,0
dotmatch_indexed,synthetic_barcode,one_substitution,1000,96,24,0,0.030,0.000,0.000172,5813952.5,0.00,0.00,7280,0,0
dotmatch_scan,synthetic_barcode,one_substitution,1000,96,24,0,0.030,0.000,0.000320,3125000.1,96.00,96.00,7280,0,0
edlib_native_scan,synthetic_barcode,one_substitution,1000,96,24,0,0.030,0.000,0.053772,18597.0,96.00,96.00,7280,0,0
exact_hash_lookup,synthetic_barcode,one_substitution,1000,96,24,0,0.030,0.000,0.000067,14925363.2,0.00,0.00,7280,0,0
dotmatch_indexed,synthetic_barcode,exact,1000,96,24,1,0.000,0.000,0.002870,348432.1,1.00,1.00,7280,903477,0
dotmatch_scan,synthetic_barcode,exact,1000,96,24,1,0.000,0.000,0.000668,1497005.8,96.00,96.00,7280,903477,0
edlib_native_scan,synthetic_barcode,exact,1000,96,24,1,0.000,0.000,0.080702,12391.3,96.00,96.00,7280,903477,0
bk_tree,synthetic_barcode,exact,1000,96,24,1,0.000,0.000,0.004589,217912.4,17.03,17.03,7280,903477,0
neighbor_lookup,synthetic_barcode,exact,1000,96,24,1,0.000,0.000,0.014561,68676.6,1.00,1.00,7328,903477,0
dotmatch_indexed,synthetic_barcode,one_substitution,1000,96,24,1,0.000,0.000,0.003113,321233.5,1.00,1.00,7328,917596,0
dotmatch_scan,synthetic_barcode,one_substitution,1000,96,24,1,0.000,0.000,0.000668,1497005.8,96.00,96.00,7328,917596,0
edlib_native_scan,synthetic_barcode,one_substitution,1000,96,24,1,0.000,0.000,0.080707,12390.5,96.00,96.00,7328,917596,0
bk_tree,synthetic_barcode,one_substitution,1000,96,24,1,0.000,0.000,0.004891,204457.2,18.64,18.64,7328,917596,0
neighbor_lookup,synthetic_barcode,one_substitution,1000,96,24,1,0.000,0.000,0.015803,63279.1,1.00,1.00,7328,917596,0
dotmatch_indexed,synthetic_barcode,one_substitution,1000,96,24,1,0.005,0.000,0.003196,312891.1,1.00,1.00,7328,942416,0
dotmatch_scan,synthetic_barcode,one_substitution,1000,96,24,1,0.005,0.000,0.000621,1610306.1,96.00,96.00,7328,942416,0
edlib_native_scan,synthetic_barcode,one_substitution,1000,96,24,1,0.005,0.000,0.082359,12142.0,96.00,96.00,7328,942416,0
bk_tree,synthetic_barcode,one_substitution,1000,96,24,1,0.005,0.000,0.004280,233644.9,15.95,15.95,7328,942416,0
neighbor_lookup,synthetic_barcode,one_substitution,1000,96,24,1,0.005,0.000,0.015888,62940.6,1.00,1.00,7328,942416,0
dotmatch_indexed,synthetic_barcode,one_substitution,1000,96,24,1,0.010,0.000,0.003088,323834.2,1.00,1.00,7328,922560,0
dotmatch_scan,synthetic_barcode,one_substitution,1000,96,24,1,0.010,0.000,0.000669,1494768.4,96.00,96.00,7328,922560,0
edlib_native_scan,synthetic_barcode,one_substitution,1000,96,24,1,0.010,0.000,0.081547,12262.9,96.00,96.00,7328,922560,0
bk_tree,synthetic_barcode,one_substitution,1000,96,24,1,0.010,0.000,0.004321,231427.9,15.93,15.93,7328,922560,0
neighbor_lookup,synthetic_barcode,one_substitution,1000,96,24,1,0.010,0.000,0.015758,63459.8,1.00,1.00,7328,922560,0
dotmatch_indexed,synthetic_barcode,one_substitution,1000,96,24,1,0.030,0.000,0.003130,319488.8,1.00,1.00,7328,938880,0
dotmatch_scan,synthetic_barcode,one_substitution,1000,96,24,1,0.030,0.000,0.000716,1396648.1,96.00,96.00,7328,938880,0
edlib_native_scan,synthetic_barcode,one_substitution,1000,96,24,1,0.030,0.000,0.081384,12287.4,96.00,96.00,7328,938880,0
bk_tree,synthetic_barcode,one_substitution,1000,96,24,1,0.030,0.000,0.004264,234521.6,15.91,15.91,7328,938880,0
neighbor_lookup,synthetic_barcode,one_substitution,1000,96,24,1,0.030,0.000,0.015272,65479.3,1.00,1.00,7328,938880,0
dotmatch_indexed,synthetic_barcode,exact,1000,737,24,0,0.000,0.000,0.000252,3968254.9,1.00,1.00,7328,6159979,0
dotmatch_scan,synthetic_barcode,exact,1000,737,24,0,0.000,0.000,0.002581,387446.7,737.00,737.00,7328,6159979,0
edlib_native_scan,synthetic_barcode,exact,1000,737,24,0,0.000,0.000,0.410654,2435.1,737.00,737.00,7328,6159979,0
exact_hash_lookup,synthetic_barcode,exact,1000,737,24,0,0.000,0.000,0.000156,6410260.2,1.00,1.00,7360,6159979,0
dotmatch_indexed,synthetic_barcode,one_substitution,1000,737,24,0,0.000,0.000,0.000223,4484305.9,0.00,0.00,7360,0,0
dotmatch_scan,synthetic_barcode,one_substitution,1000,737,24,0,0.000,0.000,0.002383,419639.1,737.00,737.00,7360,0,0
edlib_native_scan,synthetic_barcode,one_substitution,1000,737,24,0,0.000,0.000,0.407897,2451.6,737.00,737.00,7360,0,0
exact_hash_lookup,synthetic_barcode,one_substitution,1000,737,24,0,0.000,0.000,0.000154,6493511.0,0.00,0.00,7360,0,0
dotmatch_indexed,synthetic_barcode,one_substitution,1000,737,24,0,0.005,0.000,0.000224,4464286.5,0.00,0.00,7360,0,0
dotmatch_scan,synthetic_barcode,one_substitution,1000,737,24,0,0.005,0.000,0.002415,414078.7,737.00,737.00,7360,0,0
edlib_native_scan,synthetic_barcode,one_substitution,1000,737,24,0,0.005,0.000,0.404582,2471.7,737.00,737.00,7360,0,0
exact_hash_lookup,synthetic_barcode,one_substitution,1000,737,24,0,0.005,0.000,0.000147,6802723.2,0.00,0.00,7360,0,0
dotmatch_indexed,synthetic_barcode,one_substitution,1000,737,24,0,0.010,0.000,0.000220,4545453.6,0.00,0.00,7360,0,0
dotmatch_scan,synthetic_barcode,one_substitution,1000,737,24,0,0.010,0.000,0.002365,422833.0,737.00,737.00,7360,0,0
edlib_native_scan,synthetic_barcode,one_substitution,1000,737,24,0,0.010,0.000,0.412860,2422.1,737.00,737.00,7360,0,0
exact_hash_lookup,synthetic_barcode,one_substitution,1000,737,24,0,0.010,0.000,0.000151,6622512.1,0.00,0.00,7360,0,0
dotmatch_indexed,synthetic_barcode,one_substitution,1000,737,24,0,0.030,0.000,0.000267,3745317.6,0.00,0.00,7360,0,0
dotmatch_scan,synthetic_barcode,one_substitution,1000,737,24,0,0.030,0.000,0.002373,421407.5,737.00,737.00,7360,0,0
edlib_native_scan,synthetic_barcode,one_substitution,1000,737,24,0,0.030,0.000,0.421492,2372.5,737.00,737.00,7360,0,0
exact_hash_lookup,synthetic_barcode,one_substitution,1000,737,24,0,0.030,0.000,0.000143,6993005.0,0.00,0.00,7360,0,0
dotmatch_indexed,synthetic_barcode,exact,1000,737,24,1,0.000,0.000,0.003296,303398.1,1.00,1.00,7360,6407805,0
dotmatch_scan,synthetic_barcode,exact,1000,737,24,1,0.000,0.000,0.006767,147776.0,737.00,737.00,7360,6407805,0
edlib_native_scan,synthetic_barcode,exact,1000,737,24,1,0.000,0.000,0.610648,1637.6,737.00,737.00,7360,6407805,0
bk_tree,synthetic_barcode,exact,1000,737,24,1,0.000,0.000,0.015900,62893.1,57.34,57.34,7424,6407805,0
neighbor_lookup,synthetic_barcode,exact,1000,737,24,1,0.000,0.000,0.015667,63828.4,1.00,1.00,7424,6407805,0
dotmatch_indexed,synthetic_barcode,one_substitution,1000,737,24,1,0.000,0.000,0.003610,277008.3,1.00,1.00,7424,6440539,0
dotmatch_scan,synthetic_barcode,one_substitution,1000,737,24,1,0.000,0.000,0.006363,157158.6,737.00,737.00,7424,6440539,0
edlib_native_scan,synthetic_barcode,one_substitution,1000,737,24,1,0.000,0.000,0.616964,1620.8,737.00,737.00,7424,6440539,0
bk_tree,synthetic_barcode,one_substitution,1000,737,24,1,0.000,0.000,0.015460,64683.1,56.00,56.00,7424,6440539,0
neighbor_lookup,synthetic_barcode,one_substitution,1000,737,24,1,0.000,0.000,0.015215,65724.6,1.00,1.00,7424,6440539,0
dotmatch_indexed,synthetic_barcode,one_substitution,1000,737,24,1,0.005,0.000,0.003526,283607.5,1.00,1.00,7424,6440318,0
dotmatch_scan,synthetic_barcode,one_substitution,1000,737,24,1,0.005,0.000,0.006473,154487.9,737.00,737.00,7424,6440318,0
edlib_native_scan,synthetic_barcode,one_substitution,1000,737,24,1,0.005,0.000,0.602237,1660.5,737.00,737.00,7424,6440318,0
bk_tree,synthetic_barcode,one_substitution,1000,737,24,1,0.005,0.000,0.015992,62531.3,58.03,58.03,7424,6440318,0
neighbor_lookup,synthetic_barcode,one_substitution,1000,737,24,1,0.005,0.000,0.015165,65941.3,1.00,1.00,7424,6440318,0
dotmatch_indexed,synthetic_barcode,one_substitution,1000,737,24,1,0.010,0.000,0.003411,293169.2,1.00,1.00,7424,6408783,0
dotmatch_scan,synthetic_barcode,one_substitution,1000,737,24,1,0.010,0.000,0.006705,149142.4,737.00,737.00,7424,6408783,0
edlib_native_scan,synthetic_barcode,one_substitution,1000,737,24,1,0.010,0.000,0.607702,1645.5,737.00,737.00,7424,6408783,0
bk_tree,synthetic_barcode,one_substitution,1000,737,24,1,0.010,0.000,0.015169,65923.9,55.34,55.34,7424,6408783,0
neighbor_lookup,synthetic_barcode,one_substitution,1000,737,24,1,0.010,0.000,0.015418,64859.3,1.00,1.00,7424,6408783,0
dotmatch_indexed,synthetic_barcode,one_substitution,1000,737,24,1,0.030,0.000,0.003497,285959.4,1.00,1.00,7424,6369088,0
dotmatch_scan,synthetic_barcode,one_substitution,1000,737,24,1,0.030,0.000,0.006672,149880.1,737.00,737.00,7424,6369088,0
edlib_native_scan,synthetic_barcode,one_substitution,1000,737,24,1,0.030,0.000,0.604606,1654.0,737.00,737.00,7424,6369088,0
bk_tree,synthetic_barcode,one_substitution,1000,737,24,1,0.030,0.000,0.017609,56789.1,60.63,60.63,7424,6369088,0
neighbor_lookup,synthetic_barcode,one_substitution,1000,737,24,1,0.030,0.000,0.016512,60562.0,1.00,1.00,7424,6369088,0
dotmatch_indexed,synthetic_barcode,exact,1000,4096,24,0,0.000,0.000,0.000230,4347826.0,1.00,1.00,8480,34441961,0
dotmatch_scan,synthetic_barcode,exact,1000,4096,24,0,0.000,0.000,0.014050,71174.4,4096.00,4096.00,8480,34441961,0
edlib_native_scan,synthetic_barcode,exact,1000,4096,24,0,0.000,0.000,2.738634,365.1,4096.00,4096.00,8480,34441961,0
exact_hash_lookup,synthetic_barcode,exact,1000,4096,24,0,0.000,0.000,0.000592,1689189.3,1.00,1.00,8816,34441961,0
dotmatch_indexed,synthetic_barcode,one_substitution,1000,4096,24,0,0.000,0.000,0.000229,4366812.3,0.00,0.00,8816,0,0
dotmatch_scan,synthetic_barcode,one_substitution,1000,4096,24,0,0.000,0.000,0.013338,74973.8,4096.00,4096.00,8816,0,0
edlib_native_scan,synthetic_barcode,one_substitution,1000,4096,24,0,0.000,0.000,2.643188,378.3,4096.00,4096.00,8816,0,0
exact_hash_lookup,synthetic_barcode,one_substitution,1000,4096,24,0,0.000,0.000,0.000572,1748252.0,0.00,0.00,8816,0,0
dotmatch_indexed,synthetic_barcode,one_substitution,1000,4096,24,0,0.005,0.000,0.000248,4032257.6,0.00,0.00,8816,0,0
dotmatch_scan,synthetic_barcode,one_substitution,1000,4096,24,0,0.005,0.000,0.013419,74521.2,4096.00,4096.00,8816,0,0
edlib_native_scan,synthetic_barcode,one_substitution,1000,4096,24,0,0.005,0.000,2.363904,423.0,4096.00,4096.00,8816,0,0
exact_hash_lookup,synthetic_barcode,one_substitution,1000,4096,24,0,0.005,0.000,0.000582,1718213.0,0.00,0.00,8816,0,0
dotmatch_indexed,synthetic_barcode,one_substitution,1000,4096,24,0,0.010,0.000,0.000226,4424779.3,0.00,0.00,8816,0,0
dotmatch_scan,synthetic_barcode,one_substitution,1000,4096,24,0,0.010,0.000,0.013529,73915.3,4096.00,4096.00,8816,0,0
edlib_native_scan,synthetic_barcode,one_substitution,1000,4096,24,0,0.010,0.000,2.274843,439.6,4096.00,4096.00,8816,0,0
exact_hash_lookup,synthetic_barcode,one_substitution,1000,4096,24,0,0.010,0.000,0.000580,1724138.0,0.00,0.00,8816,0,0
dotmatch_indexed,synthetic_barcode,one_substitution,1000,4096,24,0,0.030,0.000,0.000237,4219410.3,0.00,0.00,8816,0,0
dotmatch_scan,synthetic_barcode,one_substitution,1000,4096,24,0,0.030,0.000,0.013663,73190.4,4096.00,4096.00,8816,0,0
edlib_native_scan,synthetic_barcode,one_substitution,1000,4096,24,0,0.030,0.000,2.264492,441.6,4096.00,4096.00,8816,0,0
exact_hash_lookup,synthetic_barcode,one_substitution,1000,4096,24,0,0.030,0.000,0.000541,1848428.7,0.00,0.00,8816,0,0
dotmatch_indexed,synthetic_barcode,exact,1000,4096,24,1,0.000,0.000,0.005013,199481.3,1.00,1.00,8816,35383846,0
dotmatch_scan,synthetic_barcode,exact,1000,4096,24,1,0.000,0.000,0.039446,25351.1,4096.00,4096.00,8816,35383846,0
edlib_native_scan,synthetic_barcode,exact,1000,4096,24,1,0.000,0.000,3.391845,294.8,4096.00,4096.00,8816,35383846,0
bk_tree,synthetic_barcode,exact,1000,4096,24,1,0.000,0.000,0.049360,20259.3,166.00,166.00,8864,35383846,0
neighbor_lookup,synthetic_barcode,exact,1000,4096,24,1,0.000,0.000,0.016147,61931.0,1.00,1.00,9008,35383846,0
dotmatch_indexed,synthetic_barcode,one_substitution,1000,4096,24,1,0.000,0.000,0.004985,200601.8,1.00,1.00,9008,34848049,0
dotmatch_scan,synthetic_barcode,one_substitution,1000,4096,24,1,0.000,0.000,0.040093,24942.0,4096.00,4096.00,9008,34848049,0
edlib_native_scan,synthetic_barcode,one_substitution,1000,4096,24,1,0.000,0.000,3.772032,265.1,4096.00,4096.00,9008,34848049,0
bk_tree,synthetic_barcode,one_substitution,1000,4096,24,1,0.000,0.000,0.052903,18902.5,167.47,167.47,9008,34848049,0
neighbor_lookup,synthetic_barcode,one_substitution,1000,4096,24,1,0.000,0.000,0.016519,60536.4,1.00,1.00,9008,34848049,0
dotmatch_indexed,synthetic_barcode,one_substitution,1000,4096,24,1,0.005,0.000,0.004885,204708.3,1.00,1.00,9008,34309642,0
dotmatch_scan,synthetic_barcode,one_substitution,1000,4096,24,1,0.005,0.000,0.039534,25294.7,4096.00,4096.00,9008,34309642,0
edlib_native_scan,synthetic_barcode,one_substitution,1000,4096,24,1,0.005,0.000,3.808247,262.6,4096.00,4096.00,9008,34309642,0
bk_tree,synthetic_barcode,one_substitution,1000,4096,24,1,0.005,0.000,0.069221,14446.5,173.44,173.44,9008,34309642,0
neighbor_lookup,synthetic_barcode,one_substitution,1000,4096,24,1,0.005,0.000,0.022785,43888.5,1.00,1.00,9008,34309642,0
dotmatch_indexed,synthetic_barcode,one_substitution,1000,4096,24,1,0.010,0.000,0.005151,194137.1,1.00,1.00,9008,34193005,0
dotmatch_scan,synthetic_barcode,one_substitution,1000,4096,24,1,0.010,0.000,0.039569,25272.3,4096.00,4096.00,9008,34193005,0
edlib_native_scan,synthetic_barcode,one_substitution,1000,4096,24,1,0.010,0.000,3.762280,265.8,4096.00,4096.00,9008,34193005,0
bk_tree,synthetic_barcode,one_substitution,1000,4096,24,1,0.010,0.000,0.049703,20119.5,160.24,160.24,9008,34193005,0
neighbor_lookup,synthetic_barcode,one_substitution,1000,4096,24,1,0.010,0.000,0.016487,60653.8,1.00,1.00,9008,34193005,0
dotmatch_indexed,synthetic_barcode,one_substitution,1000,4096,24,1,0.030,0.000,0.004966,201369.3,1.00,1.00,9008,34856889,0
dotmatch_scan,synthetic_barcode,one_substitution,1000,4096,24,1,0.030,0.000,0.044172,22638.8,4096.00,4096.00,9008,34856889,0
edlib_native_scan,synthetic_barcode,one_substitution,1000,4096,24,1,0.030,0.000,4.107943,243.4,4096.00,4096.00,9008,34856889,0
bk_tree,synthetic_barcode,one_substitution,1000,4096,24,1,0.030,0.000,0.047565,21023.9,152.39,152.39,9008,34856889,0
neighbor_lookup,synthetic_barcode,one_substitution,1000,4096,24,1,0.030,0.000,0.017000,58823.5,1.00,1.00,9008,34856889,0
dotmatch_indexed,synthetic_barcode,exact,1000,96,32,0,0.000,0.000,0.000163,6134970.8,1.00,1.00,9008,914629,0
dotmatch_scan,synthetic_barcode,exact,1000,96,32,0,0.000,0.000,0.000364,2747252.0,96.00,96.00,9008,914629,0
edlib_native_scan,synthetic_barcode,exact,1000,96,32,0,0.000,0.000,0.059080,16926.2,96.00,96.00,9008,914629,0
exact_hash_lookup,synthetic_barcode,exact,1000,96,32,0,0.000,0.000,0.000077,12987012.3,1.00,1.00,9008,914629,0
dotmatch_indexed,synthetic_barcode,one_substitution,1000,96,32,0,0.000,0.000,0.000211,4739337.0,0.00,0.00,9008,0,0
dotmatch_scan,synthetic_barcode,one_substitution,1000,96,32,0,0.000,0.000,0.000326,3067484.3,96.00,96.00,9008,0,0
edlib_native_scan,synthetic_barcode,one_substitution,1000,96,32,0,0.000,0.000,0.061725,16200.9,96.00,96.00,9008,0,0
exact_hash_lookup,synthetic_barcode,one_substitution,1000,96,32,0,0.000,0.000,0.000069,14492741.1,0.00,0.00,9008,0,0
dotmatch_indexed,synthetic_barcode,one_substitution,1000,96,32,0,0.005,0.000,0.000254,3937008.6,0.00,0.00,9008,0,0
dotmatch_scan,synthetic_barcode,one_substitution,1000,96,32,0,0.005,0.000,0.000334,2994011.1,96.00,96.00,9008,0,0
edlib_native_scan,synthetic_barcode,one_substitution,1000,96,32,0,0.005,0.000,0.079656,12554.0,96.00,96.00,9008,0,0
exact_hash_lookup,synthetic_barcode,one_substitution,1000,96,32,0,0.005,0.000,0.000074,13513516.9,0.00,0.00,9008,0,0
dotmatch_indexed,synthetic_barcode,one_substitution,1000,96,32,0,0.010,0.000,0.000233,4291847.1,0.00,0.00,9008,0,0
dotmatch_scan,synthetic_barcode,one_substitution,1000,96,32,0,0.010,0.000,0.000322,3105590.0,96.00,96.00,9008,0,0
edlib_native_scan,synthetic_barcode,one_substitution,1000,96,32,0,0.010,0.000,0.093923,10647.0,96.00,96.00,9008,0,0
exact_hash_lookup,synthetic_barcode,one_substitution,1000,96,32,0,0.010,0.000,0.000071,14084492.2,0.00,0.00,9008,0,0
dotmatch_indexed,synthetic_barcode,one_substitution,1000,96,32,0,0.030,0.000,0.000266,3759397.8,0.00,0.00,9008,0,0
dotmatch_scan,synthetic_barcode,one_substitution,1000,96,32,0,0.030,0.000,0.000324,3086419.5,96.00,96.00,9008,0,0
edlib_native_scan,synthetic_barcode,one_substitution,1000,96,32,0,0.030,0.000,0.070549,14174.5,96.00,96.00,9008,0,0
exact_hash_lookup,synthetic_barcode,one_substitution,1000,96,32,0,0.030,0.000,0.000068,14705896.3,0.00,0.00,9008,0,0
dotmatch_indexed,synthetic_barcode,exact,1000,96,32,1,0.000,0.000,0.005291,189000.2,1.00,1.00,9008,933380,0
dotmatch_scan,synthetic_barcode,exact,1000,96,32,1,0.000,0.000,0.000792,1262626.3,96.00,96.00,9008,933380,0
edlib_native_scan,synthetic_barcode,exact,1000,96,32,1,0.000,0.000,0.106656,9375.9,96.00,96.00,9008,933380,0
bk_tree,synthetic_barcode,exact,1000,96,32,1,0.000,0.000,0.006460,154798.8,16.73,16.73,9008,933380,0
neighbor_lookup,synthetic_barcode,exact,1000,96,32,1,0.000,0.000,0.025907,38599.6,1.00,1.00,9008,933380,0
dotmatch_indexed,synthetic_barcode,one_substitution,1000,96,32,1,0.000,0.000,0.005252,190403.7,1.00,1.00,9008,945493,0
dotmatch_scan,synthetic_barcode,one_substitution,1000,96,32,1,0.000,0.000,0.000779,1283697.1,96.00,96.00,9008,945493,0
edlib_native_scan,synthetic_barcode,one_substitution,1000,96,32,1,0.000,0.000,0.129493,7722.4,96.00,96.00,9008,945493,0
bk_tree,synthetic_barcode,one_substitution,1000,96,32,1,0.000,0.000,0.006142,162813.4,15.68,15.68,9008,945493,0
neighbor_lookup,synthetic_barcode,one_substitution,1000,96,32,1,0.000,0.000,0.029367,34051.8,1.00,1.00,9008,945493,0
dotmatch_indexed,synthetic_barcode,one_substitution,1000,96,32,1,0.005,0.000,0.005626,177746.2,1.00,1.00,9008,943725,0
dotmatch_scan,synthetic_barcode,one_substitution,1000,96,32,1,0.005,0.000,0.001041,960614.8,96.00,96.00,9008,943725,0
edlib_native_scan,synthetic_barcode,one_substitution,1000,96,32,1,0.005,0.000,0.111813,8943.5,96.00,96.00,9008,943725,0
bk_tree,synthetic_barcode,one_substitution,1000,96,32,1,0.005,0.000,0.005629,177651.4,14.07,14.07,9008,943725,0
neighbor_lookup,synthetic_barcode,one_substitution,1000,96,32,1,0.005,0.000,0.026758,37372.0,1.00,1.00,9008,943725,0
dotmatch_indexed,synthetic_barcode,one_substitution,1000,96,32,1,0.010,0.000,0.006318,158277.9,1.00,1.00,9008,903384,0
dotmatch_scan,synthetic_barcode,one_substitution,1000,96,32,1,0.010,0.000,0.000662,1510573.9,96.00,96.00,9008,903384,0
edlib_native_scan,synthetic_barcode,one_substitution,1000,96,32,1,0.010,0.000,0.113606,8802.4,96.00,96.00,9008,903384,0
bk_tree,synthetic_barcode,one_substitution,1000,96,32,1,0.010,0.000,0.005280,189393.9,15.33,15.33,9008,903384,0
neighbor_lookup,synthetic_barcode,one_substitution,1000,96,32,1,0.010,0.000,0.023374,42782.6,1.00,1.00,9008,903384,0
dotmatch_indexed,synthetic_barcode,one_substitution,1000,96,32,1,0.030,0.000,0.004869,205381.0,1.00,1.00,9008,942297,0
dotmatch_scan,synthetic_barcode,one_substitution,1000,96,32,1,0.030,0.000,0.000708,1412429.3,96.00,96.00,9008,942297,0
edlib_native_scan,synthetic_barcode,one_substitution,1000,96,32,1,0.030,0.000,0.088164,11342.5,96.00,96.00,9008,942297,0
bk_tree,synthetic_barcode,one_substitution,1000,96,32,1,0.030,0.000,0.005099,196116.9,14.59,14.59,9008,942297,0
neighbor_lookup,synthetic_barcode,one_substitution,1000,96,32,1,0.030,0.000,0.023433,42674.9,1.00,1.00,9008,942297,0
dotmatch_indexed,synthetic_barcode,exact,1000,737,32,0,0.000,0.000,0.000273,3663003.9,1.00,1.00,9008,6314951,0
dotmatch_scan,synthetic_barcode,exact,1000,737,32,0,0.000,0.000,0.002353,424989.4,737.00,737.00,9008,6314951,0
edlib_native_scan,synthetic_barcode,exact,1000,737,32,0,0.000,0.000,0.475781,2101.8,737.00,737.00,9008,6314951,0
exact_hash_lookup,synthetic_barcode,exact,1000,737,32,0,0.000,0.000,0.000421,2375296.6,1.00,1.00,9008,6314951,0
dotmatch_indexed,synthetic_barcode,one_substitution,1000,737,32,0,0.000,0.000,0.000484,2066115.9,0.00,0.00,10224,0,0
dotmatch_scan,synthetic_barcode,one_substitution,1000,737,32,0,0.000,0.000,0.004109,243368.2,737.00,737.00,10224,0,0
edlib_native_scan,synthetic_barcode,one_substitution,1000,737,32,0,0.000,0.000,0.577934,1730.3,737.00,737.00,10224,0,0
exact_hash_lookup,synthetic_barcode,one_substitution,1000,737,32,0,0.000,0.000,0.000173,5780349.5,0.00,0.00,10224,0,0
dotmatch_indexed,synthetic_barcode,one_substitution,1000,737,32,0,0.005,0.000,0.000474,2109704.6,0.00,0.00,10224,0,0
dotmatch_scan,synthetic_barcode,one_substitution,1000,737,32,0,0.005,0.000,0.003665,272851.3,737.00,737.00,10224,0,0
edlib_native_scan,synthetic_barcode,one_substitution,1000,737,32,0,0.005,0.000,0.473934,2110.0,737.00,737.00,10224,0,0
exact_hash_lookup,synthetic_barcode,one_substitution,1000,737,32,0,0.005,0.000,0.000141,7092197.3,0.00,0.00,10224,0,0
dotmatch_indexed,synthetic_barcode,one_substitution,1000,737,32,0,0.010,0.000,0.000299,3344480.9,0.00,0.00,10224,0,0
dotmatch_scan,synthetic_barcode,one_substitution,1000,737,32,0,0.010,0.000,0.002384,419463.1,737.00,737.00,10224,0,0
edlib_native_scan,synthetic_barcode,one_substitution,1000,737,32,0,0.010,0.000,0.530156,1886.2,737.00,737.00,10224,0,0
exact_hash_lookup,synthetic_barcode,one_substitution,1000,737,32,0,0.010,0.000,0.000144,6944447.7,0.00,0.00,10224,0,0
dotmatch_indexed,synthetic_barcode,one_substitution,1000,737,32,0,0.030,0.000,0.000308,3246753.1,0.00,0.00,10224,0,0
dotmatch_scan,synthetic_barcode,one_substitution,1000,737,32,0,0.030,0.000,0.002360,423728.8,737.00,737.00,10224,0,0
edlib_native_scan,synthetic_barcode,one_substitution,1000,737,32,0,0.030,0.000,0.515081,1941.4,737.00,737.00,10224,0,0
exact_hash_lookup,synthetic_barcode,one_substitution,1000,737,32,0,0.030,0.000,0.000155,6451612.2,0.00,0.00,10224,0,0
dotmatch_indexed,synthetic_barcode,exact,1000,737,32,1,0.000,0.000,0.005474,182681.8,1.00,1.00,10224,6544213,0
dotmatch_scan,synthetic_barcode,exact,1000,737,32,1,0.000,0.000,0.007038,142085.8,737.00,737.00,10224,6544213,0
edlib_native_scan,synthetic_barcode,exact,1000,737,32,1,0.000,0.000,0.735770,1359.1,737.00,737.00,10224,6544213,0
bk_tree,synthetic_barcode,exact,1000,737,32,1,0.000,0.000,0.019000,52631.6,47.80,47.80,10224,6544213,0
neighbor_lookup,synthetic_barcode,exact,1000,737,32,1,0.000,0.000,0.028215,35442.1,1.00,1.00,10224,6544213,0
dotmatch_indexed,synthetic_barcode,one_substitution,1000,737,32,1,0.000,0.000,0.006513,153539.1,1.00,1.00,10224,6457947,0
dotmatch_scan,synthetic_barcode,one_substitution,1000,737,32,1,0.000,0.000,0.010648,93914.4,737.00,737.00,10224,6457947,0
edlib_native_scan,synthetic_barcode,one_substitution,1000,737,32,1,0.000,0.000,0.729547,1370.7,737.00,737.00,10224,6457947,0
bk_tree,synthetic_barcode,one_substitution,1000,737,32,1,0.000,0.000,0.018398,54353.7,51.36,51.36,10224,6457947,0
neighbor_lookup,synthetic_barcode,one_substitution,1000,737,32,1,0.000,0.000,0.023179,43142.5,1.00,1.00,10224,6457947,0
dotmatch_indexed,synthetic_barcode,one_substitution,1000,737,32,1,0.005,0.000,0.005431,184128.2,1.00,1.00,10224,6564027,0
dotmatch_scan,synthetic_barcode,one_substitution,1000,737,32,1,0.005,0.000,0.006642,150557.1,737.00,737.00,10224,6564027,0
edlib_native_scan,synthetic_barcode,one_substitution,1000,737,32,1,0.005,0.000,0.956384,1045.6,737.00,737.00,10224,6564027,0
bk_tree,synthetic_barcode,one_substitution,1000,737,32,1,0.005,0.000,0.028192,35471.1,48.76,48.76,10224,6564027,0
neighbor_lookup,synthetic_barcode,one_substitution,1000,737,32,1,0.005,0.000,0.035788,27942.3,1.00,1.00,10224,6564027,0
dotmatch_indexed,synthetic_barcode,one_substitution,1000,737,32,1,0.010,0.000,0.006224,160668.4,1.00,1.00,10224,6320094,0
dotmatch_scan,synthetic_barcode,one_substitution,1000,737,32,1,0.010,0.000,0.007659,130565.3,737.00,737.00,10224,6320094,0
edlib_native_scan,synthetic_barcode,one_substitution,1000,737,32,1,0.010,0.000,0.687687,1454.1,737.00,737.00,10224,6320094,0
bk_tree,synthetic_barcode,one_substitution,1000,737,32,1,0.010,0.000,0.019043,52512.7,53.14,53.14,10224,6320094,0
neighbor_lookup,synthetic_barcode,one_substitution,1000,737,32,1,0.010,0.000,0.024171,41371.9,1.00,1.00,10224,6320094,0
dotmatch_indexed,synthetic_barcode,one_substitution,1000,737,32,1,0.030,0.000,0.005276,189537.5,1.00,1.00,10224,6576913,0
dotmatch_scan,synthetic_barcode,one_substitution,1000,737,32,1,0.030,0.000,0.007013,142592.3,737.00,737.00,10224,6576913,0
edlib_native_scan,synthetic_barcode,one_substitution,1000,737,32,1,0.030,0.000,0.684377,1461.2,737.00,737.00,10224,6576913,0
bk_tree,synthetic_barcode,one_substitution,1000,737,32,1,0.030,0.000,0.017764,56293.6,48.59,48.59,10224,6576913,0
neighbor_lookup,synthetic_barcode,one_substitution,1000,737,32,1,0.030,0.000,0.023730,42140.8,1.00,1.00,10224,6576913,0
dotmatch_indexed,synthetic_barcode,exact,1000,4096,32,0,0.000,0.000,0.000300,3333333.8,1.00,1.00,14496,35213557,0
dotmatch_scan,synthetic_barcode,exact,1000,4096,32,0,0.000,0.000,0.013315,75103.3,4096.00,4096.00,14496,35213557,0
edlib_native_scan,synthetic_barcode,exact,1000,4096,32,0,0.000,0.000,2.940738,340.1,4096.00,4096.00,14496,35213557,0
exact_hash_lookup,synthetic_barcode,exact,1000,4096,32,0,0.000,0.000,0.000616,1623376.5,1.00,1.00,14784,35213557,0
dotmatch_indexed,synthetic_barcode,one_substitution,1000,4096,32,0,0.000,0.000,0.000300,3333332.5,0.00,0.00,14784,0,0
dotmatch_scan,synthetic_barcode,one_substitution,1000,4096,32,0,0.000,0.000,0.013236,75551.5,4096.00,4096.00,14784,0,0
edlib_native_scan,synthetic_barcode,one_substitution,1000,4096,32,0,0.000,0.000,2.821013,354.5,4096.00,4096.00,14784,0,0
exact_hash_lookup,synthetic_barcode,one_substitution,1000,4096,32,0,0.000,0.000,0.000561,1782531.3,0.00,0.00,14784,0,0
dotmatch_indexed,synthetic_barcode,one_substitution,1000,4096,32,0,0.005,0.000,0.000301,3322259.5,0.00,0.00,14784,0,0
dotmatch_scan,synthetic_barcode,one_substitution,1000,4096,32,0,0.005,0.000,0.013360,74850.3,4096.00,4096.00,14784,0,0
edlib_native_scan,synthetic_barcode,one_substitution,1000,4096,32,0,0.005,0.000,2.447559,408.6,4096.00,4096.00,14784,0,0
exact_hash_lookup,synthetic_barcode,one_substitution,1000,4096,32,0,0.005,0.000,0.000563,1776199.0,0.00,0.00,14784,0,0
dotmatch_indexed,synthetic_barcode,one_substitution,1000,4096,32,0,0.010,0.000,0.000296,3378379.2,0.00,0.00,14784,0,0
dotmatch_scan,synthetic_barcode,one_substitution,1000,4096,32,0,0.010,0.000,0.013126,76184.7,4096.00,4096.00,14784,0,0
edlib_native_scan,synthetic_barcode,one_substitution,1000,4096,32,0,0.010,0.000,2.408317,415.2,4096.00,4096.00,14784,0,0
exact_hash_lookup,synthetic_barcode,one_substitution,1000,4096,32,0,0.010,0.000,0.000631,1584786.0,0.00,0.00,14784,0,0
dotmatch_indexed,synthetic_barcode,one_substitution,1000,4096,32,0,0.030,0.000,0.000296,3378377.9,0.00,0.00,14784,0,0
dotmatch_scan,synthetic_barcode,one_substitution,1000,4096,32,0,0.030,0.000,0.013019,76810.8,4096.00,4096.00,14784,0,0
edlib_native_scan,synthetic_barcode,one_substitution,1000,4096,32,0,0.030,0.000,2.795044,357.8,4096.00,4096.00,14784,0,0
exact_hash_lookup,synthetic_barcode,one_substitution,1000,4096,32,0,0.030,0.000,0.000564,1773049.7,0.00,0.00,14784,0,0
dotmatch_indexed,synthetic_barcode,exact,1000,4096,32,1,0.000,0.000,0.006678,149745.4,1.00,1.00,14784,35175460,0
dotmatch_scan,synthetic_barcode,exact,1000,4096,32,1,0.000,0.000,0.039047,25610.2,4096.00,4096.00,14784,35175460,0
edlib_native_scan,synthetic_barcode,exact,1000,4096,32,1,0.000,0.000,4.022093,248.6,4096.00,4096.00,14784,35175460,0
bk_tree,synthetic_barcode,exact,1000,4096,32,1,0.000,0.000,0.053664,18634.5,131.44,131.44,14784,35175460,0
neighbor_lookup,synthetic_barcode,exact,1000,4096,32,1,0.000,0.000,0.025285,39549.1,1.00,1.00,14784,35175460,0
dotmatch_indexed,synthetic_barcode,one_substitution,1000,4096,32,1,0.000,0.000,0.006705,149142.4,1.00,1.00,14784,35475349,0
dotmatch_scan,synthetic_barcode,one_substitution,1000,4096,32,1,0.000,0.000,0.039897,25064.5,4096.00,4096.00,14784,35475349,0
edlib_native_scan,synthetic_barcode,one_substitution,1000,4096,32,1,0.000,0.000,3.788144,264.0,4096.00,4096.00,14784,35475349,0
bk_tree,synthetic_barcode,one_substitution,1000,4096,32,1,0.000,0.000,0.054615,18310.0,130.06,130.06,14784,35475349,0
neighbor_lookup,synthetic_barcode,one_substitution,1000,4096,32,1,0.000,0.000,0.024358,41054.3,1.00,1.00,14784,35475349,0
dotmatch_indexed,synthetic_barcode,one_substitution,1000,4096,32,1,0.005,0.000,0.006841,146177.5,1.00,1.00,14784,33510251,0
dotmatch_scan,synthetic_barcode,one_substitution,1000,4096,32,1,0.005,0.000,0.038800,25773.2,4096.00,4096.00,14784,33510251,0
edlib_native_scan,synthetic_barcode,one_substitution,1000,4096,32,1,0.005,0.000,4.279245,233.7,4096.00,4096.00,14784,33510251,0
bk_tree,synthetic_barcode,one_substitution,1000,4096,32,1,0.005,0.000,0.067716,14767.6,127.85,127.85,14784,33510251,0
neighbor_lookup,synthetic_barcode,one_substitution,1000,4096,32,1,0.005,0.000,0.027506,36355.7,1.00,1.00,14784,33510251,0
dotmatch_indexed,synthetic_barcode,one_substitution,1000,4096,32,1,0.010,0.000,0.007282,137324.9,1.00,1.00,14784,34774609,0
dotmatch_scan,synthetic_barcode,one_substitution,1000,4096,32,1,0.010,0.000,0.043084,23210.5,4096.00,4096.00,14784,34774609,0
edlib_native_scan,synthetic_barcode,one_substitution,1000,4096,32,1,0.010,0.000,3.863828,258.8,4096.00,4096.00,14784,34774609,0
bk_tree,synthetic_barcode,one_substitution,1000,4096,32,1,0.010,0.000,0.051954,19247.8,132.34,132.34,14784,34774609,0
neighbor_lookup,synthetic_barcode,one_substitution,1000,4096,32,1,0.010,0.000,0.024688,40505.5,1.00,1.00,14784,34774609,0
dotmatch_indexed,synthetic_barcode,one_substitution,1000,4096,32,1,0.030,0.000,0.006715,148920.3,1.00,1.00,14784,35134754,0
dotmatch_scan,synthetic_barcode,one_substitution,1000,4096,32,1,0.030,0.000,0.038718,25827.8,4096.00,4096.00,14784,35134754,0
edlib_native_scan,synthetic_barcode,one_substitution,1000,4096,32,1,0.030,0.000,4.115897,243.0,4096.00,4096.00,14784,35134754,0
bk_tree,synthetic_barcode,one_substitution,1000,4096,32,1,0.030,0.000,0.050340,19864.9,128.47,128.47,14784,35134754,0
neighbor_lookup,synthetic_barcode,one_substitution,1000,4096,32,1,0.030,0.000,0.025092,39853.3,1.00,1.00,14784,35134754,0

tool,workload,error_mode,n_reads,n_targets,len,k,err,indel_rate,seconds,reads_per_sec,candidates_per_read,verified_per_read,peak_rss_kb,checksum,mismatches
dotmatch_indexed,synthetic_barcode,exact,1000,96,16,0,0.000,0.000,0.000099,10101004.5,1.00,1.00,1712,890047,0
dotmatch_scan,synthetic_barcode,exact,1000,96,16,0,0.000,0.000,0.000380,2631579.1,96.00,96.00,1712,890047,0
edlib_native_scan,synthetic_barcode,exact,1000,96,16,0,0.000,0.000,0.054735,18269.8,96.00,96.00,1712,890047,0
exact_hash_lookup,synthetic_barcode,exact,1000,96,16,0,0.000,0.000,0.000032,31249989.4,1.00,1.00,1744,890047,0
dotmatch_indexed,synthetic_barcode,one_substitution,1000,96,16,0,0.000,0.000,0.000129,7751934.9,0.00,0.00,1776,0,0
dotmatch_scan,synthetic_barcode,one_substitution,1000,96,16,0,0.000,0.000,0.000361,2770083.4,96.00,96.00,1776,0,0
edlib_native_scan,synthetic_barcode,one_substitution,1000,96,16,0,0.000,0.000,0.054678,18288.9,96.00,96.00,1776,0,0
exact_hash_lookup,synthetic_barcode,one_substitution,1000,96,16,0,0.000,0.000,0.000032,31249989.4,0.00,0.00,1776,0,0
dotmatch_indexed,synthetic_barcode,one_substitution,1000,96,16,0,0.005,0.000,0.000130,7692311.1,0.00,0.00,1776,0,0
dotmatch_scan,synthetic_barcode,one_substitution,1000,96,16,0,0.005,0.000,0.000359,2785514.9,96.00,96.00,1776,0,0
edlib_native_scan,synthetic_barcode,one_substitution,1000,96,16,0,0.005,0.000,0.053921,18545.7,96.00,96.00,1776,0,0
exact_hash_lookup,synthetic_barcode,one_substitution,1000,96,16,0,0.005,0.000,0.000027,37036914.7,0.00,0.00,1776,0,0
dotmatch_indexed,synthetic_barcode,one_substitution,1000,96,16,0,0.010,0.000,0.000130,7692311.1,0.00,0.00,1792,0,0
dotmatch_scan,synthetic_barcode,one_substitution,1000,96,16,0,0.010,0.000,0.000360,2777777.3,96.00,96.00,1792,0,0
edlib_native_scan,synthetic_barcode,one_substitution,1000,96,16,0,0.010,0.000,0.054363,18394.9,96.00,96.00,1792,0,0
exact_hash_lookup,synthetic_barcode,one_substitution,1000,96,16,0,0.010,0.000,0.000029,34482772.9,0.00,0.00,1792,0,0
dotmatch_indexed,synthetic_barcode,one_substitution,1000,96,16,0,0.030,0.000,0.000132,7575760.0,0.00,0.00,1824,0,0
dotmatch_scan,synthetic_barcode,one_substitution,1000,96,16,0,0.030,0.000,0.000359,2785514.9,96.00,96.00,1824,0,0
edlib_native_scan,synthetic_barcode,one_substitution,1000,96,16,0,0.030,0.000,0.054331,18405.7,96.00,96.00,1824,0,0
exact_hash_lookup,synthetic_barcode,one_substitution,1000,96,16,0,0.030,0.000,0.000031,32258061.2,0.00,0.00,1840,0,0
dotmatch_indexed,synthetic_barcode,exact,1000,96,16,1,0.000,0.000,0.001314,761035.0,1.00,1.00,1856,890268,0
dotmatch_scan,synthetic_barcode,exact,1000,96,16,1,0.000,0.000,0.000555,1801802.1,96.00,96.00,1856,890268,0
edlib_native_scan,synthetic_barcode,exact,1000,96,16,1,0.000,0.000,0.085908,11640.4,96.00,96.00,1856,890268,0
bk_tree,synthetic_barcode,exact,1000,96,16,1,0.000,0.000,0.003763,265745.4,19.84,19.84,1856,890268,0
neighbor_lookup,synthetic_barcode,exact,1000,96,16,1,0.000,0.000,0.004717,211999.1,1.00,1.00,1856,890268,0
dotmatch_indexed,synthetic_barcode,one_substitution,1000,96,16,1,0.000,0.000,0.001710,584795.3,1.00,1.00,1856,940053,0
dotmatch_scan,synthetic_barcode,one_substitution,1000,96,16,1,0.000,0.000,0.000674,1483679.5,96.00,96.00,1856,940053,0
edlib_native_scan,synthetic_barcode,one_substitution,1000,96,16,1,0.000,0.000,0.086406,11573.3,96.00,96.00,1856,940053,0
bk_tree,synthetic_barcode,one_substitution,1000,96,16,1,0.000,0.000,0.004370,228833.0,22.95,22.95,1872,940053,0
neighbor_lookup,synthetic_barcode,one_substitution,1000,96,16,1,0.000,0.000,0.005722,174764.1,1.00,1.00,1888,940053,0
dotmatch_indexed,synthetic_barcode,one_substitution,1000,96,16,1,0.005,0.000,0.001749,571755.3,1.00,1.00,1888,923563,0
dotmatch_scan,synthetic_barcode,one_substitution,1000,96,16,1,0.005,0.000,0.000769,1300390.1,96.00,96.00,1888,923563,0
edlib_native_scan,synthetic_barcode,one_substitution,1000,96,16,1,0.005,0.000,0.086013,11626.1,96.00,96.00,1888,923563,0
bk_tree,synthetic_barcode,one_substitution,1000,96,16,1,0.005,0.000,0.003683,271517.8,19.85,19.85,1888,923563,0
neighbor_lookup,synthetic_barcode,one_substitution,1000,96,16,1,0.005,0.000,0.005571,179501.0,1.00,1.00,1888,923563,0
dotmatch_indexed,synthetic_barcode,one_substitution,1000,96,16,1,0.010,0.000,0.001698,588928.1,1.00,1.00,1888,913125,0
dotmatch_scan,synthetic_barcode,one_substitution,1000,96,16,1,0.010,0.000,0.000651,1536098.4,96.00,96.00,1888,913125,0
edlib_native_scan,synthetic_barcode,one_substitution,1000,96,16,1,0.010,0.000,0.086609,11546.1,96.00,96.00,1888,913125,0
bk_tree,synthetic_barcode,one_substitution,1000,96,16,1,0.010,0.000,0.003947,253357.0,21.05,21.05,1904,913125,0
neighbor_lookup,synthetic_barcode,one_substitution,1000,96,16,1,0.010,0.000,0.005503,181719.1,1.00,1.00,1904,913125,0
dotmatch_indexed,synthetic_barcode,one_substitution,1000,96,16,1,0.030,0.000,0.001671,598444.1,1.00,1.00,1904,918905,0
dotmatch_scan,synthetic_barcode,one_substitution,1000,96,16,1,0.030,0.000,0.000645,1550387.5,96.00,96.00,1904,918905,0
edlib_native_scan,synthetic_barcode,one_substitution,1000,96,16,1,0.030,0.000,0.086067,11618.9,96.00,96.00,1904,918905,0
bk_tree,synthetic_barcode,one_substitution,1000,96,16,1,0.030,0.000,0.003800,263157.9,20.36,20.36,1904,918905,0
neighbor_lookup,synthetic_barcode,one_substitution,1000,96,16,1,0.030,0.000,0.005391,185494.3,1.00,1.00,1904,918905,0
dotmatch_indexed,synthetic_barcode,exact,1000,737,16,0,0.000,0.000,0.000146,6849317.5,1.00,1.00,2656,6571583,0
dotmatch_scan,synthetic_barcode,exact,1000,737,16,0,0.000,0.000,0.002704,369822.5,737.00,737.00,2656,6571583,0
edlib_native_scan,synthetic_barcode,exact,1000,737,16,0,0.000,0.000,0.465545,2148.0,737.00,737.00,2656,6571583,0
exact_hash_lookup,synthetic_barcode,exact,1000,737,16,0,0.000,0.000,0.000096,10416675.8,1.00,1.00,2704,6571583,0
dotmatch_indexed,synthetic_barcode,one_substitution,1000,737,16,0,0.000,0.000,0.000166,6024097.0,0.00,0.00,2752,0,0
dotmatch_scan,synthetic_barcode,one_substitution,1000,737,16,0,0.000,0.000,0.003544,282167.0,737.00,737.00,2752,0,0
edlib_native_scan,synthetic_barcode,one_substitution,1000,737,16,0,0.000,0.000,0.597699,1673.1,737.00,737.00,2752,0,0
exact_hash_lookup,synthetic_barcode,one_substitution,1000,737,16,0,0.000,0.000,0.000092,10869565.0,0.00,0.00,2752,0,0
dotmatch_indexed,synthetic_barcode,one_substitution,1000,737,16,0,0.005,0.000,0.000183,5464481.0,0.00,0.00,2752,0,0
dotmatch_scan,synthetic_barcode,one_substitution,1000,737,16,0,0.005,0.000,0.003517,284333.2,737.00,737.00,2752,0,0
edlib_native_scan,synthetic_barcode,one_substitution,1000,737,16,0,0.005,0.000,0.475585,2102.7,737.00,737.00,2752,0,0
exact_hash_lookup,synthetic_barcode,one_substitution,1000,737,16,0,0.005,0.000,0.000073,13698613.2,0.00,0.00,2752,0,0
dotmatch_indexed,synthetic_barcode,one_substitution,1000,737,16,0,0.010,0.000,0.000371,2695417.6,0.00,0.00,2752,0,0
dotmatch_scan,synthetic_barcode,one_substitution,1000,737,16,0,0.010,0.000,0.002857,350017.5,737.00,737.00,2752,0,0
edlib_native_scan,synthetic_barcode,one_substitution,1000,737,16,0,0.010,0.000,0.468943,2132.5,737.00,737.00,2752,0,0
exact_hash_lookup,synthetic_barcode,one_substitution,1000,737,16,0,0.010,0.000,0.000105,9523810.9,0.00,0.00,2752,0,0
dotmatch_indexed,synthetic_barcode,one_substitution,1000,737,16,0,0.030,0.000,0.000188,5319148.0,0.00,0.00,2752,0,0
dotmatch_scan,synthetic_barcode,one_substitution,1000,737,16,0,0.030,0.000,0.003627,275710.0,737.00,737.00,2752,0,0
edlib_native_scan,synthetic_barcode,one_substitution,1000,737,16,0,0.030,0.000,0.573680,1743.1,737.00,737.00,2752,0,0
exact_hash_lookup,synthetic_barcode,one_substitution,1000,737,16,0,0.030,0.000,0.000066,15151506.7,0.00,0.00,2752,0,0
dotmatch_indexed,synthetic_barcode,exact,1000,737,16,1,0.000,0.000,0.002112,473484.8,1.00,1.00,2752,6520413,0
dotmatch_scan,synthetic_barcode,exact,1000,737,16,1,0.000,0.000,0.006114,163559.0,737.00,737.00,2752,6520413,0
edlib_native_scan,synthetic_barcode,exact,1000,737,16,1,0.000,0.000,0.686304,1457.1,737.00,737.00,2752,6520413,0
bk_tree,synthetic_barcode,exact,1000,737,16,1,0.000,0.000,0.014187,70487.1,72.53,72.53,2848,6520413,0
neighbor_lookup,synthetic_barcode,exact,1000,737,16,1,0.000,0.000,0.005548,180245.1,1.00,1.00,2896,6520413,0
dotmatch_indexed,synthetic_barcode,one_substitution,1000,737,16,1,0.000,0.000,0.002041,489955.9,1.00,1.00,2912,6391358,0
dotmatch_scan,synthetic_barcode,one_substitution,1000,737,16,1,0.000,0.000,0.006152,162548.8,737.00,737.00,2912,6391358,0
edlib_native_scan,synthetic_barcode,one_substitution,1000,737,16,1,0.000,0.000,0.656814,1522.5,737.00,737.00,2912,6391358,0
bk_tree,synthetic_barcode,one_substitution,1000,737,16,1,0.000,0.000,0.015369,65066.0,79.20,79.20,2912,6391358,0
neighbor_lookup,synthetic_barcode,one_substitution,1000,737,16,1,0.000,0.000,0.005515,181323.7,1.00,1.00,2912,6391358,0
dotmatch_indexed,synthetic_barcode,one_substitution,1000,737,16,1,0.005,0.000,0.002139,467508.2,1.00,1.00,2912,6389539,0
dotmatch_scan,synthetic_barcode,one_substitution,1000,737,16,1,0.005,0.000,0.006586,151837.2,737.00,737.00,2912,6389539,0
edlib_native_scan,synthetic_barcode,one_substitution,1000,737,16,1,0.005,0.000,0.657244,1521.5,737.00,737.00,2912,6389539,0
bk_tree,synthetic_barcode,one_substitution,1000,737,16,1,0.005,0.000,0.015106,66198.9,77.15,77.15,2912,6389539,0
neighbor_lookup,synthetic_barcode,one_substitution,1000,737,16,1,0.005,0.000,0.005769,173340.3,1.00,1.00,2912,6389539,0
dotmatch_indexed,synthetic_barcode,one_substitution,1000,737,16,1,0.010,0.000,0.002020,495049.5,1.00,1.00,2912,6360214,0
dotmatch_scan,synthetic_barcode,one_substitution,1000,737,16,1,0.010,0.000,0.006611,151263.0,737.00,737.00,2912,6360214,0
edlib_native_scan,synthetic_barcode,one_substitution,1000,737,16,1,0.010,0.000,0.750520,1332.4,737.00,737.00,2912,6360214,0
bk_tree,synthetic_barcode,one_substitution,1000,737,16,1,0.010,0.000,0.019057,52474.2,77.59,77.59,2912,6360214,0
neighbor_lookup,synthetic_barcode,one_substitution,1000,737,16,1,0.010,0.000,0.009423,106123.3,1.00,1.00,2912,6360214,0
dotmatch_indexed,synthetic_barcode,one_substitution,1000,737,16,1,0.030,0.000,0.003937,254000.5,1.00,1.00,2912,6574193,0
dotmatch_scan,synthetic_barcode,one_substitution,1000,737,16,1,0.030,0.000,0.010704,93423.0,737.00,737.00,2912,6574193,0
edlib_native_scan,synthetic_barcode,one_substitution,1000,737,16,1,0.030,0.000,0.813171,1229.8,737.00,737.00,2912,6574193,0
bk_tree,synthetic_barcode,one_substitution,1000,737,16,1,0.030,0.000,0.014782,67649.8,76.19,76.19,2912,6574193,0
neighbor_lookup,synthetic_barcode,one_substitution,1000,737,16,1,0.030,0.000,0.005503,181719.1,1.00,1.00,2912,6574193,0
dotmatch_indexed,synthetic_barcode,exact,1000,4096,16,0,0.000,0.000,0.000160,6250002.4,1.00,1.00,6816,36488268,0
dotmatch_scan,synthetic_barcode,exact,1000,4096,16,0,0.000,0.000,0.014981,66751.2,4096.00,4096.00,6816,36488268,0
edlib_native_scan,synthetic_barcode,exact,1000,4096,16,0,0.000,0.000,2.349874,425.6,4096.00,4096.00,6816,36488268,0
exact_hash_lookup,synthetic_barcode,exact,1000,4096,16,0,0.000,0.000,0.000270,3703702.6,1.00,1.00,7040,36488268,0
dotmatch_indexed,synthetic_barcode,one_substitution,1000,4096,16,0,0.000,0.000,0.000157,6369425.5,0.00,0.00,7056,0,0
dotmatch_scan,synthetic_barcode,one_substitution,1000,4096,16,0,0.000,0.000,0.019367,51634.2,4096.00,4096.00,7056,0,0
edlib_native_scan,synthetic_barcode,one_substitution,1000,4096,16,0,0.000,0.000,2.381087,420.0,4096.00,4096.00,7056,0,0
exact_hash_lookup,synthetic_barcode,one_substitution,1000,4096,16,0,0.000,0.000,0.000246,4065040.5,0.00,0.00,7056,0,0
dotmatch_indexed,synthetic_barcode,one_substitution,1000,4096,16,0,0.005,0.000,0.000157,6369425.5,0.00,0.00,7056,0,0
dotmatch_scan,synthetic_barcode,one_substitution,1000,4096,16,0,0.005,0.000,0.015041,66484.9,4096.00,4096.00,7056,0,0
edlib_native_scan,synthetic_barcode,one_substitution,1000,4096,16,0,0.005,0.000,2.360134,423.7,4096.00,4096.00,7056,0,0
exact_hash_lookup,synthetic_barcode,one_substitution,1000,4096,16,0,0.005,0.000,0.000248,4032259.5,0.00,0.00,7056,0,0
dotmatch_indexed,synthetic_barcode,one_substitution,1000,4096,16,0,0.010,0.000,0.000156,6410255.4,0.00,0.00,7056,0,0
dotmatch_scan,synthetic_barcode,one_substitution,1000,4096,16,0,0.010,0.000,0.014755,67773.6,4096.00,4096.00,7056,0,0
edlib_native_scan,synthetic_barcode,one_substitution,1000,4096,16,0,0.010,0.000,2.528784,395.4,4096.00,4096.00,7056,0,0
exact_hash_lookup,synthetic_barcode,one_substitution,1000,4096,16,0,0.010,0.000,0.000260,3846153.8,0.00,0.00,7056,0,0
dotmatch_indexed,synthetic_barcode,one_substitution,1000,4096,16,0,0.030,0.000,0.000165,6060606.9,0.00,0.00,7056,0,0
dotmatch_scan,synthetic_barcode,one_substitution,1000,4096,16,0,0.030,0.000,0.015126,66111.3,4096.00,4096.00,7056,0,0
edlib_native_scan,synthetic_barcode,one_substitution,1000,4096,16,0,0.030,0.000,2.321370,430.8,4096.00,4096.00,7056,0,0
exact_hash_lookup,synthetic_barcode,one_substitution,1000,4096,16,0,0.030,0.000,0.000729,1371742.2,0.00,0.00,7056,0,0
dotmatch_indexed,synthetic_barcode,exact,1000,4096,16,1,0.000,0.000,0.007087,141103.4,1.00,1.00,7056,34946028,0
dotmatch_scan,synthetic_barcode,exact,1000,4096,16,1,0.000,0.000,0.045914,21779.8,4096.00,4096.00,7056,34946028,0
edlib_native_scan,synthetic_barcode,exact,1000,4096,16,1,0.000,0.000,4.027457,248.3,4096.00,4096.00,7056,34946028,0
bk_tree,synthetic_barcode,exact,1000,4096,16,1,0.000,0.000,0.051489,19421.6,247.77,247.77,7056,34946028,0
neighbor_lookup,synthetic_barcode,exact,1000,4096,16,1,0.000,0.000,0.006251,159974.4,1.00,1.00,7200,34946028,0
dotmatch_indexed,synthetic_barcode,one_substitution,1000,4096,16,1,0.000,0.000,0.003656,273523.0,1.00,1.00,7200,34874297,0
dotmatch_scan,synthetic_barcode,one_substitution,1000,4096,16,1,0.000,0.000,0.038791,25779.2,4096.00,4096.00,7200,34874297,0
edlib_native_scan,synthetic_barcode,one_substitution,1000,4096,16,1,0.000,0.000,3.837780,260.6,4096.00,4096.00,7200,34874297,0
bk_tree,synthetic_barcode,one_substitution,1000,4096,16,1,0.000,0.000,0.049757,20097.7,228.90,228.90,7200,34874297,0
neighbor_lookup,synthetic_barcode,one_substitution,1000,4096,16,1,0.000,0.000,0.006607,151354.6,1.00,1.00,7200,34874297,0
dotmatch_indexed,synthetic_barcode,one_substitution,1000,4096,16,1,0.005,0.000,0.003447,290107.3,1.00,1.00,11536,34416385,0
dotmatch_scan,synthetic_barcode,one_substitution,1000,4096,16,1,0.005,0.000,0.040866,24470.2,4096.00,4096.00,11536,34416385,0
edlib_native_scan,synthetic_barcode,one_substitution,1000,4096,16,1,0.005,0.000,3.831662,261.0,4096.00,4096.00,11536,34416385,0
bk_tree,synthetic_barcode,one_substitution,1000,4096,16,1,0.005,0.000,0.045418,22017.7,217.34,217.34,11536,34416385,0
neighbor_lookup,synthetic_barcode,one_substitution,1000,4096,16,1,0.005,0.000,0.006117,163478.8,1.00,1.00,11536,34416385,0
dotmatch_indexed,synthetic_barcode,one_substitution,1000,4096,16,1,0.010,0.000,0.003590,278551.5,1.00,1.00,11536,35000250,0
dotmatch_scan,synthetic_barcode,one_substitution,1000,4096,16,1,0.010,0.000,0.038870,25726.8,4096.00,4096.00,11536,35000250,0
edlib_native_scan,synthetic_barcode,one_substitution,1000,4096,16,1,0.010,0.000,3.631530,275.4,4096.00,4096.00,11536,35000250,0
bk_tree,synthetic_barcode,one_substitution,1000,4096,16,1,0.010,0.000,0.047258,21160.4,221.38,221.38,11536,35000250,0
neighbor_lookup,synthetic_barcode,one_substitution,1000,4096,16,1,0.010,0.000,0.006786,147362.2,1.00,1.00,11536,35000250,0
dotmatch_indexed,synthetic_barcode,one_substitution,1000,4096,16,1,0.030,0.000,0.003768,265392.8,1.00,1.00,11536,34594001,0
dotmatch_scan,synthetic_barcode,one_substitution,1000,4096,16,1,0.030,0.000,0.038922,25692.4,4096.00,4096.00,11536,34594001,0
edlib_native_scan,synthetic_barcode,one_substitution,1000,4096,16,1,0.030,0.000,4.310974,232.0,4096.00,4096.00,11536,34594001,0
bk_tree,synthetic_barcode,one_substitution,1000,4096,16,1,0.030,0.000,0.048740,20517.0,230.26,230.26,11536,34594001,0
neighbor_lookup,synthetic_barcode,one_substitution,1000,4096,16,1,0.030,0.000,0.006369,157010.5,1.00,1.00,11536,34594001,0
dotmatch_indexed,synthetic_barcode,exact,1000,96,24,0,0.000,0.000,0.000115,8695656.4,1.00,1.00,11536,921497,0
dotmatch_scan,synthetic_barcode,exact,1000,96,24,0,0.000,0.000,0.000337,2967359.0,96.00,96.00,11536,921497,0
edlib_native_scan,synthetic_barcode,exact,1000,96,24,0,0.000,0.000,0.054231,18439.6,96.00,96.00,11536,921497,0
exact_hash_lookup,synthetic_barcode,exact,1000,96,24,0,0.000,0.000,0.000091,10989011.7,1.00,1.00,11552,921497,0
dotmatch_indexed,synthetic_barcode,one_substitution,1000,96,24,0,0.000,0.000,0.000171,5847952.5,0.00,0.00,11568,0,0
dotmatch_scan,synthetic_barcode,one_substitution,1000,96,24,0,0.000,0.000,0.000323,3095975.1,96.00,96.00,11568,0,0
edlib_native_scan,synthetic_barcode,one_substitution,1000,96,24,0,0.000,0.000,0.053422,18718.9,96.00,96.00,11568,0,0
exact_hash_lookup,synthetic_barcode,one_substitution,1000,96,24,0,0.000,0.000,0.000066,15151506.7,0.00,0.00,11568,0,0
dotmatch_indexed,synthetic_barcode,one_substitution,1000,96,24,0,0.005,0.000,0.000172,5813952.5,0.00,0.00,11568,0,0
dotmatch_scan,synthetic_barcode,one_substitution,1000,96,24,0,0.005,0.000,0.000321,3115264.8,96.00,96.00,11568,0,0
edlib_native_scan,synthetic_barcode,one_substitution,1000,96,24,0,0.005,0.000,0.055138,18136.3,96.00,96.00,11568,0,0
exact_hash_lookup,synthetic_barcode,one_substitution,1000,96,24,0,0.005,0.000,0.000069,14492765.5,0.00,0.00,11568,0,0
dotmatch_indexed,synthetic_barcode,one_substitution,1000,96,24,0,0.010,0.000,0.000170,5882352.5,0.00,0.00,11568,0,0
dotmatch_scan,synthetic_barcode,one_substitution,1000,96,24,0,0.010,0.000,0.000321,3115264.8,96.00,96.00,11568,0,0
edlib_native_scan,synthetic_barcode,one_substitution,1000,96,24,0,0.010,0.000,0.055754,17935.9,96.00,96.00,11568,0,0
exact_hash_lookup,synthetic_barcode,one_substitution,1000,96,24,0,0.010,0.000,0.000066,15151506.7,0.00,0.00,11568,0,0
dotmatch_indexed,synthetic_barcode,one_substitution,1000,96,24,0,0.030,0.000,0.000293,3412969.1,0.00,0.00,11568,0,0
dotmatch_scan,synthetic_barcode,one_substitution,1000,96,24,0,0.030,0.000,0.000413,2421307.5,96.00,96.00,11568,0,0
edlib_native_scan,synthetic_barcode,one_substitution,1000,96,24,0,0.030,0.000,0.055739,17940.8,96.00,96.00,11568,0,0
exact_hash_lookup,synthetic_barcode,one_substitution,1000,96,24,0,0.030,0.000,0.000065,15384608.5,0.00,0.00,11568,0,0
dotmatch_indexed,synthetic_barcode,exact,1000,96,24,1,0.000,0.000,0.002948,339213.0,1.00,1.00,11568,903477,0
dotmatch_scan,synthetic_barcode,exact,1000,96,24,1,0.000,0.000,0.000570,1754385.9,96.00,96.00,11568,903477,0
edlib_native_scan,synthetic_barcode,exact,1000,96,24,1,0.000,0.000,0.080962,12351.5,96.00,96.00,11568,903477,0
bk_tree,synthetic_barcode,exact,1000,96,24,1,0.000,0.000,0.004725,211640.2,17.03,17.03,11584,903477,0
neighbor_lookup,synthetic_barcode,exact,1000,96,24,1,0.000,0.000,0.014445,69228.1,1.00,1.00,11648,903477,0
dotmatch_indexed,synthetic_barcode,one_substitution,1000,96,24,1,0.000,0.000,0.003042,328731.1,1.00,1.00,11648,917596,0
dotmatch_scan,synthetic_barcode,one_substitution,1000,96,24,1,0.000,0.000,0.000645,1550387.8,96.00,96.00,11648,917596,0
edlib_native_scan,synthetic_barcode,one_substitution,1000,96,24,1,0.000,0.000,0.082450,12128.6,96.00,96.00,11648,917596,0
bk_tree,synthetic_barcode,one_substitution,1000,96,24,1,0.000,0.000,0.005051,197980.6,18.64,18.64,11648,917596,0
neighbor_lookup,synthetic_barcode,one_substitution,1000,96,24,1,0.000,0.000,0.015567,64238.5,1.00,1.00,11648,917596,0
dotmatch_indexed,synthetic_barcode,one_substitution,1000,96,24,1,0.005,0.000,0.003153,317158.3,1.00,1.00,11648,942416,0
dotmatch_scan,synthetic_barcode,one_substitution,1000,96,24,1,0.005,0.000,0.000759,1317522.9,96.00,96.00,11648,942416,0
edlib_native_scan,synthetic_barcode,one_substitution,1000,96,24,1,0.005,0.000,0.082503,12120.8,96.00,96.00,11648,942416,0
bk_tree,synthetic_barcode,one_substitution,1000,96,24,1,0.005,0.000,0.004383,228154.2,15.95,15.95,11648,942416,0
neighbor_lookup,synthetic_barcode,one_substitution,1000,96,24,1,0.005,0.000,0.015643,63926.4,1.00,1.00,11648,942416,0
dotmatch_indexed,synthetic_barcode,one_substitution,1000,96,24,1,0.010,0.000,0.003267,306091.2,1.00,1.00,11648,922560,0
dotmatch_scan,synthetic_barcode,one_substitution,1000,96,24,1,0.010,0.000,0.000647,1545595.0,96.00,96.00,11648,922560,0
edlib_native_scan,synthetic_barcode,one_substitution,1000,96,24,1,0.010,0.000,0.080374,12441.8,96.00,96.00,11648,922560,0
bk_tree,synthetic_barcode,one_substitution,1000,96,24,1,0.010,0.000,0.004502,222123.5,15.93,15.93,11648,922560,0
neighbor_lookup,synthetic_barcode,one_substitution,1000,96,24,1,0.010,0.000,0.015205,65767.8,1.00,1.00,11648,922560,0
dotmatch_indexed,synthetic_barcode,one_substitution,1000,96,24,1,0.030,0.000,0.003014,331785.0,1.00,1.00,11648,938880,0
dotmatch_scan,synthetic_barcode,one_substitution,1000,96,24,1,0.030,0.000,0.000682,1466275.8,96.00,96.00,11648,938880,0
edlib_native_scan,synthetic_barcode,one_substitution,1000,96,24,1,0.030,0.000,0.080503,12421.9,96.00,96.00,11648,938880,0
bk_tree,synthetic_barcode,one_substitution,1000,96,24,1,0.030,0.000,0.004334,230733.7,15.91,15.91,11648,938880,0
neighbor_lookup,synthetic_barcode,one_substitution,1000,96,24,1,0.030,0.000,0.015004,66648.9,1.00,1.00,11648,938880,0
dotmatch_indexed,synthetic_barcode,exact,1000,737,24,0,0.000,0.000,0.000207,4830919.1,1.00,1.00,11648,6159979,0
dotmatch_scan,synthetic_barcode,exact,1000,737,24,0,0.000,0.000,0.002496,400641.0,737.00,737.00,11648,6159979,0
edlib_native_scan,synthetic_barcode,exact,1000,737,24,0,0.000,0.000,0.475724,2102.1,737.00,737.00,11648,6159979,0
exact_hash_lookup,synthetic_barcode,exact,1000,737,24,0,0.000,0.000,0.000152,6578947.7,1.00,1.00,11680,6159979,0
dotmatch_indexed,synthetic_barcode,one_substitution,1000,737,24,0,0.000,0.000,0.000224,4464286.5,0.00,0.00,11680,0,0
dotmatch_scan,synthetic_barcode,one_substitution,1000,737,24,0,0.000,0.000,0.002369,422119.0,737.00,737.00,11680,0,0
edlib_native_scan,synthetic_barcode,one_substitution,1000,737,24,0,0.000,0.000,0.418391,2390.1,737.00,737.00,11680,0,0
exact_hash_lookup,synthetic_barcode,one_substitution,1000,737,24,0,0.000,0.000,0.000142,7042257.6,0.00,0.00,11680,0,0
dotmatch_indexed,synthetic_barcode,one_substitution,1000,737,24,0,0.005,0.000,0.000224,4464286.5,0.00,0.00,11680,0,0
dotmatch_scan,synthetic_barcode,one_substitution,1000,737,24,0,0.005,0.000,0.002395,417536.5,737.00,737.00,11680,0,0
edlib_native_scan,synthetic_barcode,one_substitution,1000,737,24,0,0.005,0.000,0.407335,2455.0,737.00,737.00,11680,0,0
exact_hash_lookup,synthetic_barcode,one_substitution,1000,737,24,0,0.005,0.000,0.000143,6993010.7,0.00,0.00,11680,0,0
dotmatch_indexed,synthetic_barcode,one_substitution,1000,737,24,0,0.010,0.000,0.000220,4545453.6,0.00,0.00,11680,0,0
dotmatch_scan,synthetic_barcode,one_substitution,1000,737,24,0,0.010,0.000,0.002405,415800.4,737.00,737.00,11680,0,0
edlib_native_scan,synthetic_barcode,one_substitution,1000,737,24,0,0.010,0.000,0.407913,2451.5,737.00,737.00,11680,0,0
exact_hash_lookup,synthetic_barcode,one_substitution,1000,737,24,0,0.010,0.000,0.000145,6896549.0,0.00,0.00,11680,0,0
dotmatch_indexed,synthetic_barcode,one_substitution,1000,737,24,0,0.030,0.000,0.000223,4484305.9,0.00,0.00,11680,0,0
dotmatch_scan,synthetic_barcode,one_substitution,1000,737,24,0,0.030,0.000,0.002361,423549.3,737.00,737.00,11680,0,0
edlib_native_scan,synthetic_barcode,one_substitution,1000,737,24,0,0.030,0.000,0.418980,2386.7,737.00,737.00,11680,0,0
exact_hash_lookup,synthetic_barcode,one_substitution,1000,737,24,0,0.030,0.000,0.000148,6756758.5,0.00,0.00,11680,0,0
dotmatch_indexed,synthetic_barcode,exact,1000,737,24,1,0.000,0.000,0.003795,263504.6,1.00,1.00,11680,6407805,0
dotmatch_scan,synthetic_barcode,exact,1000,737,24,1,0.000,0.000,0.006833,146348.6,737.00,737.00,11680,6407805,0
edlib_native_scan,synthetic_barcode,exact,1000,737,24,1,0.000,0.000,0.633921,1577.5,737.00,737.00,11680,6407805,0
bk_tree,synthetic_barcode,exact,1000,737,24,1,0.000,0.000,0.015675,63795.9,57.34,57.34,11680,6407805,0
neighbor_lookup,synthetic_barcode,exact,1000,737,24,1,0.000,0.000,0.015141,66045.8,1.00,1.00,11680,6407805,0
dotmatch_indexed,synthetic_barcode,one_substitution,1000,737,24,1,0.000,0.000,0.003468,288350.6,1.00,1.00,11680,6440539,0
dotmatch_scan,synthetic_barcode,one_substitution,1000,737,24,1,0.000,0.000,0.006403,156176.8,737.00,737.00,11680,6440539,0
edlib_native_scan,synthetic_barcode,one_substitution,1000,737,24,1,0.000,0.000,0.626405,1596.4,737.00,737.00,11680,6440539,0
bk_tree,synthetic_barcode,one_substitution,1000,737,24,1,0.000,0.000,0.015351,65142.3,56.00,56.00,11680,6440539,0
neighbor_lookup,synthetic_barcode,one_substitution,1000,737,24,1,0.000,0.000,0.015253,65560.9,1.00,1.00,11680,6440539,0
dotmatch_indexed,synthetic_barcode,one_substitution,1000,737,24,1,0.005,0.000,0.003445,290275.8,1.00,1.00,11680,6440318,0
dotmatch_scan,synthetic_barcode,one_substitution,1000,737,24,1,0.005,0.000,0.006639,150625.1,737.00,737.00,11680,6440318,0
edlib_native_scan,synthetic_barcode,one_substitution,1000,737,24,1,0.005,0.000,0.601202,1663.3,737.00,737.00,11680,6440318,0
bk_tree,synthetic_barcode,one_substitution,1000,737,24,1,0.005,0.000,0.015883,62960.4,58.03,58.03,11680,6440318,0
neighbor_lookup,synthetic_barcode,one_substitution,1000,737,24,1,0.005,0.000,0.015067,66370.2,1.00,1.00,11680,6440318,0
dotmatch_indexed,synthetic_barcode,one_substitution,1000,737,24,1,0.010,0.000,0.003385,295421.0,1.00,1.00,11680,6408783,0
dotmatch_scan,synthetic_barcode,one_substitution,1000,737,24,1,0.010,0.000,0.006498,153893.5,737.00,737.00,11680,6408783,0
edlib_native_scan,synthetic_barcode,one_substitution,1000,737,24,1,0.010,0.000,0.603788,1656.2,737.00,737.00,11680,6408783,0
bk_tree,synthetic_barcode,one_substitution,1000,737,24,1,0.010,0.000,0.015324,65257.1,55.34,55.34,11680,6408783,0
neighbor_lookup,synthetic_barcode,one_substitution,1000,737,24,1,0.010,0.000,0.015491,64553.6,1.00,1.00,11680,6408783,0
dotmatch_indexed,synthetic_barcode,one_substitution,1000,737,24,1,0.030,0.000,0.003372,296559.9,1.00,1.00,11680,6369088,0
dotmatch_scan,synthetic_barcode,one_substitution,1000,737,24,1,0.030,0.000,0.006644,150511.7,737.00,737.00,11680,6369088,0
edlib_native_scan,synthetic_barcode,one_substitution,1000,737,24,1,0.030,0.000,0.607510,1646.1,737.00,737.00,11680,6369088,0
bk_tree,synthetic_barcode,one_substitution,1000,737,24,1,0.030,0.000,0.016606,60219.2,60.63,60.63,11680,6369088,0
neighbor_lookup,synthetic_barcode,one_substitution,1000,737,24,1,0.030,0.000,0.015381,65015.3,1.00,1.00,11680,6369088,0
dotmatch_indexed,synthetic_barcode,exact,1000,4096,24,0,0.000,0.000,0.000230,4347826.0,1.00,1.00,12736,34441961,0
dotmatch_scan,synthetic_barcode,exact,1000,4096,24,0,0.000,0.000,0.013181,75866.8,4096.00,4096.00,12736,34441961,0
edlib_native_scan,synthetic_barcode,exact,1000,4096,24,0,0.000,0.000,2.616805,382.1,4096.00,4096.00,12736,34441961,0
exact_hash_lookup,synthetic_barcode,exact,1000,4096,24,0,0.000,0.000,0.000601,1663893.4,1.00,1.00,13072,34441961,0
dotmatch_indexed,synthetic_barcode,one_substitution,1000,4096,24,0,0.000,0.000,0.000234,4273505.8,0.00,0.00,13072,0,0
dotmatch_scan,synthetic_barcode,one_substitution,1000,4096,24,0,0.000,0.000,0.013319,75080.7,4096.00,4096.00,13072,0,0
edlib_native_scan,synthetic_barcode,one_substitution,1000,4096,24,0,0.000,0.000,2.521941,396.5,4096.00,4096.00,13072,0,0
exact_hash_lookup,synthetic_barcode,one_substitution,1000,4096,24,0,0.000,0.000,0.000537,1862197.3,0.00,0.00,13072,0,0
dotmatch_indexed,synthetic_barcode,one_substitution,1000,4096,24,0,0.005,0.000,0.000228,4385965.1,0.00,0.00,13072,0,0
dotmatch_scan,synthetic_barcode,one_substitution,1000,4096,24,0,0.005,0.000,0.015706,63669.9,4096.00,4096.00,13072,0,0
edlib_native_scan,synthetic_barcode,one_substitution,1000,4096,24,0,0.005,0.000,2.321470,430.8,4096.00,4096.00,13072,0,0
exact_hash_lookup,synthetic_barcode,one_substitution,1000,4096,24,0,0.005,0.000,0.000541,1848429.1,0.00,0.00,13072,0,0
dotmatch_indexed,synthetic_barcode,one_substitution,1000,4096,24,0,0.010,0.000,0.000228,4385965.1,0.00,0.00,13072,0,0
dotmatch_scan,synthetic_barcode,one_substitution,1000,4096,24,0,0.010,0.000,0.013119,76225.3,4096.00,4096.00,13072,0,0
edlib_native_scan,synthetic_barcode,one_substitution,1000,4096,24,0,0.010,0.000,2.287340,437.2,4096.00,4096.00,13072,0,0
exact_hash_lookup,synthetic_barcode,one_substitution,1000,4096,24,0,0.010,0.000,0.000594,1683501.4,0.00,0.00,13072,0,0
dotmatch_indexed,synthetic_barcode,one_substitution,1000,4096,24,0,0.030,0.000,0.000230,4347826.0,0.00,0.00,13072,0,0
dotmatch_scan,synthetic_barcode,one_substitution,1000,4096,24,0,0.030,0.000,0.013259,75420.5,4096.00,4096.00,13072,0,0
edlib_native_scan,synthetic_barcode,one_substitution,1000,4096,24,0,0.030,0.000,2.553753,391.6,4096.00,4096.00,13072,0,0
exact_hash_lookup,synthetic_barcode,one_substitution,1000,4096,24,0,0.030,0.000,0.000568,1760563.3,0.00,0.00,13072,0,0
dotmatch_indexed,synthetic_barcode,exact,1000,4096,24,1,0.000,0.000,0.005068,197316.5,1.00,1.00,13072,35383846,0
dotmatch_scan,synthetic_barcode,exact,1000,4096,24,1,0.000,0.000,0.038766,25795.8,4096.00,4096.00,13072,35383846,0
edlib_native_scan,synthetic_barcode,exact,1000,4096,24,1,0.000,0.000,3.767496,265.4,4096.00,4096.00,13072,35383846,0
bk_tree,synthetic_barcode,exact,1000,4096,24,1,0.000,0.000,0.049095,20368.7,166.00,166.00,13072,35383846,0
neighbor_lookup,synthetic_barcode,exact,1000,4096,24,1,0.000,0.000,0.016163,61869.7,1.00,1.00,13104,35383846,0
dotmatch_indexed,synthetic_barcode,one_substitution,1000,4096,24,1,0.000,0.000,0.004948,202101.9,1.00,1.00,13104,34848049,0
dotmatch_scan,synthetic_barcode,one_substitution,1000,4096,24,1,0.000,0.000,0.039051,25607.5,4096.00,4096.00,13104,34848049,0
edlib_native_scan,synthetic_barcode,one_substitution,1000,4096,24,1,0.000,0.000,4.119600,242.7,4096.00,4096.00,13104,34848049,0
bk_tree,synthetic_barcode,one_substitution,1000,4096,24,1,0.000,0.000,0.070095,14266.4,167.47,167.47,13104,34848049,0
neighbor_lookup,synthetic_barcode,one_substitution,1000,4096,24,1,0.000,0.000,0.023126,43241.4,1.00,1.00,13104,34848049,0
dotmatch_indexed,synthetic_barcode,one_substitution,1000,4096,24,1,0.005,0.000,0.006362,157183.3,1.00,1.00,13104,34309642,0
dotmatch_scan,synthetic_barcode,one_substitution,1000,4096,24,1,0.005,0.000,0.047652,20985.5,4096.00,4096.00,13104,34309642,0
edlib_native_scan,synthetic_barcode,one_substitution,1000,4096,24,1,0.005,0.000,3.778077,264.7,4096.00,4096.00,13104,34309642,0
bk_tree,synthetic_barcode,one_substitution,1000,4096,24,1,0.005,0.000,0.050962,19622.5,173.44,173.44,13104,34309642,0
neighbor_lookup,synthetic_barcode,one_substitution,1000,4096,24,1,0.005,0.000,0.016056,62282.0,1.00,1.00,13104,34309642,0
dotmatch_indexed,synthetic_barcode,one_substitution,1000,4096,24,1,0.010,0.000,0.004925,203045.7,1.00,1.00,13104,34193005,0
dotmatch_scan,synthetic_barcode,one_substitution,1000,4096,24,1,0.010,0.000,0.038577,25922.2,4096.00,4096.00,13104,34193005,0
edlib_native_scan,synthetic_barcode,one_substitution,1000,4096,24,1,0.010,0.000,3.563798,280.6,4096.00,4096.00,13104,34193005,0
bk_tree,synthetic_barcode,one_substitution,1000,4096,24,1,0.010,0.000,0.047833,20906.1,160.24,160.24,13104,34193005,0
neighbor_lookup,synthetic_barcode,one_substitution,1000,4096,24,1,0.010,0.000,0.016300,61349.7,1.00,1.00,13104,34193005,0
dotmatch_indexed,synthetic_barcode,one_substitution,1000,4096,24,1,0.030,0.000,0.005111,195656.4,1.00,1.00,13104,34856889,0
dotmatch_scan,synthetic_barcode,one_substitution,1000,4096,24,1,0.030,0.000,0.039860,25087.8,4096.00,4096.00,13104,34856889,0
edlib_native_scan,synthetic_barcode,one_substitution,1000,4096,24,1,0.030,0.000,4.328956,231.0,4096.00,4096.00,13104,34856889,0
bk_tree,synthetic_barcode,one_substitution,1000,4096,24,1,0.030,0.000,0.047154,21207.1,152.39,152.39,13104,34856889,0
neighbor_lookup,synthetic_barcode,one_substitution,1000,4096,24,1,0.030,0.000,0.018720,53418.8,1.00,1.00,13104,34856889,0
dotmatch_indexed,synthetic_barcode,exact,1000,96,32,0,0.000,0.000,0.000155,6451612.2,1.00,1.00,13104,914629,0
dotmatch_scan,synthetic_barcode,exact,1000,96,32,0,0.000,0.000,0.000395,2531645.7,96.00,96.00,13104,914629,0
edlib_native_scan,synthetic_barcode,exact,1000,96,32,0,0.000,0.000,0.059857,16706.5,96.00,96.00,13104,914629,0
exact_hash_lookup,synthetic_barcode,exact,1000,96,32,0,0.000,0.000,0.000087,11494257.6,1.00,1.00,13104,914629,0
dotmatch_indexed,synthetic_barcode,one_substitution,1000,96,32,0,0.000,0.000,0.000229,4366812.3,0.00,0.00,13104,0,0
dotmatch_scan,synthetic_barcode,one_substitution,1000,96,32,0,0.000,0.000,0.000323,3095975.1,96.00,96.00,13104,0,0
edlib_native_scan,synthetic_barcode,one_substitution,1000,96,32,0,0.000,0.000,0.063980,15629.9,96.00,96.00,13104,0,0
exact_hash_lookup,synthetic_barcode,one_substitution,1000,96,32,0,0.000,0.000,0.000085,11764696.9,0.00,0.00,13104,0,0
dotmatch_indexed,synthetic_barcode,one_substitution,1000,96,32,0,0.005,0.000,0.000213,4694835.9,0.00,0.00,13104,0,0
dotmatch_scan,synthetic_barcode,one_substitution,1000,96,32,0,0.005,0.000,0.000487,2053388.2,96.00,96.00,13104,0,0
edlib_native_scan,synthetic_barcode,one_substitution,1000,96,32,0,0.005,0.000,0.094104,10626.5,96.00,96.00,13104,0,0
exact_hash_lookup,synthetic_barcode,one_substitution,1000,96,32,0,0.005,0.000,0.000100,9999993.7,0.00,0.00,13104,0,0
dotmatch_indexed,synthetic_barcode,one_substitution,1000,96,32,0,0.010,0.000,0.000320,3125000.1,0.00,0.00,13104,0,0
dotmatch_scan,synthetic_barcode,one_substitution,1000,96,32,0,0.010,0.000,0.000452,2212389.6,96.00,96.00,13104,0,0
edlib_native_scan,synthetic_barcode,one_substitution,1000,96,32,0,0.010,0.000,0.105886,9444.1,96.00,96.00,13104,0,0
exact_hash_lookup,synthetic_barcode,one_substitution,1000,96,32,0,0.010,0.000,0.000217,4608294.5,0.00,0.00,13104,0,0
dotmatch_indexed,synthetic_barcode,one_substitution,1000,96,32,0,0.030,0.000,0.000860,1162790.7,0.00,0.00,13104,0,0
dotmatch_scan,synthetic_barcode,one_substitution,1000,96,32,0,0.030,0.000,0.001004,996016.0,96.00,96.00,13104,0,0
edlib_native_scan,synthetic_barcode,one_substitution,1000,96,32,0,0.030,0.000,0.130303,7674.4,96.00,96.00,13104,0,0
exact_hash_lookup,synthetic_barcode,one_substitution,1000,96,32,0,0.030,0.000,0.000349,2865328.7,0.00,0.00,13104,0,0
dotmatch_indexed,synthetic_barcode,exact,1000,96,32,1,0.000,0.000,0.008186,122159.8,1.00,1.00,13104,933380,0
dotmatch_scan,synthetic_barcode,exact,1000,96,32,1,0.000,0.000,0.001217,821692.7,96.00,96.00,13104,933380,0
edlib_native_scan,synthetic_barcode,exact,1000,96,32,1,0.000,0.000,0.181109,5521.5,96.00,96.00,13104,933380,0
bk_tree,synthetic_barcode,exact,1000,96,32,1,0.000,0.000,0.007073,141382.7,16.73,16.73,13104,933380,0
neighbor_lookup,synthetic_barcode,exact,1000,96,32,1,0.000,0.000,0.043711,22877.5,1.00,1.00,13104,933380,0
dotmatch_indexed,synthetic_barcode,one_substitution,1000,96,32,1,0.000,0.000,0.006364,157133.9,1.00,1.00,13104,945493,0
dotmatch_scan,synthetic_barcode,one_substitution,1000,96,32,1,0.000,0.000,0.001274,784929.4,96.00,96.00,13104,945493,0
edlib_native_scan,synthetic_barcode,one_substitution,1000,96,32,1,0.000,0.000,0.140798,7102.4,96.00,96.00,13104,945493,0
bk_tree,synthetic_barcode,one_substitution,1000,96,32,1,0.000,0.000,0.006576,152068.1,15.68,15.68,13104,945493,0
neighbor_lookup,synthetic_barcode,one_substitution,1000,96,32,1,0.000,0.000,0.037079,26969.4,1.00,1.00,13104,945493,0
dotmatch_indexed,synthetic_barcode,one_substitution,1000,96,32,1,0.005,0.000,0.007055,141743.4,1.00,1.00,13104,943725,0
dotmatch_scan,synthetic_barcode,one_substitution,1000,96,32,1,0.005,0.000,0.001163,859845.2,96.00,96.00,13104,943725,0
edlib_native_scan,synthetic_barcode,one_substitution,1000,96,32,1,0.005,0.000,0.138834,7202.8,96.00,96.00,13104,943725,0
bk_tree,synthetic_barcode,one_substitution,1000,96,32,1,0.005,0.000,0.004765,209863.6,14.07,14.07,13104,943725,0
neighbor_lookup,synthetic_barcode,one_substitution,1000,96,32,1,0.005,0.000,0.024822,40286.8,1.00,1.00,13104,943725,0
dotmatch_indexed,synthetic_barcode,one_substitution,1000,96,32,1,0.010,0.000,0.004170,239808.2,1.00,1.00,13104,903384,0
dotmatch_scan,synthetic_barcode,one_substitution,1000,96,32,1,0.010,0.000,0.000687,1455604.1,96.00,96.00,13104,903384,0
edlib_native_scan,synthetic_barcode,one_substitution,1000,96,32,1,0.010,0.000,0.098078,10196.0,96.00,96.00,13104,903384,0
bk_tree,synthetic_barcode,one_substitution,1000,96,32,1,0.010,0.000,0.005257,190222.6,15.33,15.33,13104,903384,0
neighbor_lookup,synthetic_barcode,one_substitution,1000,96,32,1,0.010,0.000,0.024620,40617.4,1.00,1.00,13104,903384,0
dotmatch_indexed,synthetic_barcode,one_substitution,1000,96,32,1,0.030,0.000,0.005088,196540.9,1.00,1.00,13104,942297,0
dotmatch_scan,synthetic_barcode,one_substitution,1000,96,32,1,0.030,0.000,0.000616,1623376.5,96.00,96.00,13104,942297,0
edlib_native_scan,synthetic_barcode,one_substitution,1000,96,32,1,0.030,0.000,0.088440,11307.1,96.00,96.00,13104,942297,0
bk_tree,synthetic_barcode,one_substitution,1000,96,32,1,0.030,0.000,0.005050,198019.8,14.59,14.59,13104,942297,0
neighbor_lookup,synthetic_barcode,one_substitution,1000,96,32,1,0.030,0.000,0.023485,42580.4,1.00,1.00,13104,942297,0
dotmatch_indexed,synthetic_barcode,exact,1000,737,32,0,0.000,0.000,0.000273,3663003.9,1.00,1.00,13104,6314951,0
dotmatch_scan,synthetic_barcode,exact,1000,737,32,0,0.000,0.000,0.002357,424268.1,737.00,737.00,13104,6314951,0
edlib_native_scan,synthetic_barcode,exact,1000,737,32,0,0.000,0.000,0.480836,2079.7,737.00,737.00,13104,6314951,0
exact_hash_lookup,synthetic_barcode,exact,1000,737,32,0,0.000,0.000,0.000449,2227171.3,1.00,1.00,13104,6314951,0
dotmatch_indexed,synthetic_barcode,one_substitution,1000,737,32,0,0.000,0.000,0.000441,2267573.8,0.00,0.00,13104,0,0
dotmatch_scan,synthetic_barcode,one_substitution,1000,737,32,0,0.000,0.000,0.003189,313577.9,737.00,737.00,13104,0,0
edlib_native_scan,synthetic_barcode,one_substitution,1000,737,32,0,0.000,0.000,0.593392,1685.2,737.00,737.00,13104,0,0
exact_hash_lookup,synthetic_barcode,one_substitution,1000,737,32,0,0.000,0.000,0.000149,6711410.7,0.00,0.00,13104,0,0
dotmatch_indexed,synthetic_barcode,one_substitution,1000,737,32,0,0.005,0.000,0.000288,3472222.5,0.00,0.00,13104,0,0
dotmatch_scan,synthetic_barcode,one_substitution,1000,737,32,0,0.005,0.000,0.002344,426621.2,737.00,737.00,13104,0,0
edlib_native_scan,synthetic_barcode,one_substitution,1000,737,32,0,0.005,0.000,0.435797,2294.6,737.00,737.00,13104,0,0
exact_hash_lookup,synthetic_barcode,one_substitution,1000,737,32,0,0.005,0.000,0.000148,6756753.1,0.00,0.00,13104,0,0
dotmatch_indexed,synthetic_barcode,one_substitution,1000,737,32,0,0.010,0.000,0.000287,3484320.9,0.00,0.00,13104,0,0
dotmatch_scan,synthetic_barcode,one_substitution,1000,737,32,0,0.010,0.000,0.002436,410509.0,737.00,737.00,13104,0,0
edlib_native_scan,synthetic_barcode,one_substitution,1000,737,32,0,0.010,0.000,0.446776,2238.3,737.00,737.00,13104,0,0
exact_hash_lookup,synthetic_barcode,one_substitution,1000,737,32,0,0.010,0.000,0.000145,6896554.6,0.00,0.00,13104,0,0
dotmatch_indexed,synthetic_barcode,one_substitution,1000,737,32,0,0.030,0.000,0.000291,3436426.1,0.00,0.00,13104,0,0
dotmatch_scan,synthetic_barcode,one_substitution,1000,737,32,0,0.030,0.000,0.002665,375234.5,737.00,737.00,13104,0,0
edlib_native_scan,synthetic_barcode,one_substitution,1000,737,32,0,0.030,0.000,0.471781,2119.6,737.00,737.00,13104,0,0
exact_hash_lookup,synthetic_barcode,one_substitution,1000,737,32,0,0.030,0.000,0.000149,6711405.5,0.00,0.00,13104,0,0
dotmatch_indexed,synthetic_barcode,exact,1000,737,32,1,0.000,0.000,0.006010,166389.4,1.00,1.00,13104,6544213,0
dotmatch_scan,synthetic_barcode,exact,1000,737,32,1,0.000,0.000,0.007226,138389.1,737.00,737.00,13104,6544213,0
edlib_native_scan,synthetic_barcode,exact,1000,737,32,1,0.000,0.000,0.766214,1305.1,737.00,737.00,13104,6544213,0
bk_tree,synthetic_barcode,exact,1000,737,32,1,0.000,0.000,0.017160,58275.1,47.80,47.80,13104,6544213,0
neighbor_lookup,synthetic_barcode,exact,1000,737,32,1,0.000,0.000,0.023331,42861.4,1.00,1.00,13104,6544213,0
dotmatch_indexed,synthetic_barcode,one_substitution,1000,737,32,1,0.000,0.000,0.005036,198570.3,1.00,1.00,13104,6457947,0
dotmatch_scan,synthetic_barcode,one_substitution,1000,737,32,1,0.000,0.000,0.006484,154225.8,737.00,737.00,13104,6457947,0
edlib_native_scan,synthetic_barcode,one_substitution,1000,737,32,1,0.000,0.000,0.667942,1497.1,737.00,737.00,13104,6457947,0
bk_tree,synthetic_barcode,one_substitution,1000,737,32,1,0.000,0.000,0.018489,54086.2,51.36,51.36,13104,6457947,0
neighbor_lookup,synthetic_barcode,one_substitution,1000,737,32,1,0.000,0.000,0.023851,41927.0,1.00,1.00,13104,6457947,0
dotmatch_indexed,synthetic_barcode,one_substitution,1000,737,32,1,0.005,0.000,0.005281,189358.1,1.00,1.00,13104,6564027,0
dotmatch_scan,synthetic_barcode,one_substitution,1000,737,32,1,0.005,0.000,0.006475,154440.2,737.00,737.00,13104,6564027,0
edlib_native_scan,synthetic_barcode,one_substitution,1000,737,32,1,0.005,0.000,0.698712,1431.2,737.00,737.00,13104,6564027,0
bk_tree,synthetic_barcode,one_substitution,1000,737,32,1,0.005,0.000,0.017994,55574.1,48.76,48.76,13104,6564027,0
neighbor_lookup,synthetic_barcode,one_substitution,1000,737,32,1,0.005,0.000,0.024572,40696.7,1.00,1.00,13104,6564027,0
dotmatch_indexed,synthetic_barcode,one_substitution,1000,737,32,1,0.010,0.000,0.005039,198452.1,1.00,1.00,13104,6320094,0
dotmatch_scan,synthetic_barcode,one_substitution,1000,737,32,1,0.010,0.000,0.006678,149745.4,737.00,737.00,13104,6320094,0
edlib_native_scan,synthetic_barcode,one_substitution,1000,737,32,1,0.010,0.000,0.670035,1492.5,737.00,737.00,13104,6320094,0
bk_tree,synthetic_barcode,one_substitution,1000,737,32,1,0.010,0.000,0.018744,53350.4,53.14,53.14,13104,6320094,0
neighbor_lookup,synthetic_barcode,one_substitution,1000,737,32,1,0.010,0.000,0.024010,41649.3,1.00,1.00,13104,6320094,0
dotmatch_indexed,synthetic_barcode,one_substitution,1000,737,32,1,0.030,0.000,0.005110,195694.7,1.00,1.00,13104,6576913,0
dotmatch_scan,synthetic_barcode,one_substitution,1000,737,32,1,0.030,0.000,0.006666,150015.0,737.00,737.00,13104,6576913,0
edlib_native_scan,synthetic_barcode,one_substitution,1000,737,32,1,0.030,0.000,0.674647,1482.3,737.00,737.00,13104,6576913,0
bk_tree,synthetic_barcode,one_substitution,1000,737,32,1,0.030,0.000,0.017457,57283.6,48.59,48.59,13104,6576913,0
neighbor_lookup,synthetic_barcode,one_substitution,1000,737,32,1,0.030,0.000,0.023622,42333.4,1.00,1.00,13104,6576913,0
dotmatch_indexed,synthetic_barcode,exact,1000,4096,32,0,0.000,0.000,0.000299,3344480.9,1.00,1.00,13168,35213557,0
dotmatch_scan,synthetic_barcode,exact,1000,4096,32,0,0.000,0.000,0.013146,76068.8,4096.00,4096.00,13168,35213557,0
edlib_native_scan,synthetic_barcode,exact,1000,4096,32,0,0.000,0.000,2.422869,412.7,4096.00,4096.00,13168,35213557,0
exact_hash_lookup,synthetic_barcode,exact,1000,4096,32,0,0.000,0.000,0.000575,1739130.2,1.00,1.00,13168,35213557,0
dotmatch_indexed,synthetic_barcode,one_substitution,1000,4096,32,0,0.000,0.000,0.000298,3355705.4,0.00,0.00,13168,0,0
dotmatch_scan,synthetic_barcode,one_substitution,1000,4096,32,0,0.000,0.000,0.013047,76646.0,4096.00,4096.00,13168,0,0
edlib_native_scan,synthetic_barcode,one_substitution,1000,4096,32,0,0.000,0.000,2.946965,339.3,4096.00,4096.00,13168,0,0
exact_hash_lookup,synthetic_barcode,one_substitution,1000,4096,32,0,0.000,0.000,0.000606,1650165.1,0.00,0.00,13168,0,0
dotmatch_indexed,synthetic_barcode,one_substitution,1000,4096,32,0,0.005,0.000,0.000308,3246753.1,0.00,0.00,13168,0,0
dotmatch_scan,synthetic_barcode,one_substitution,1000,4096,32,0,0.005,0.000,0.013159,75993.6,4096.00,4096.00,13168,0,0
edlib_native_scan,synthetic_barcode,one_substitution,1000,4096,32,0,0.005,0.000,2.485060,402.4,4096.00,4096.00,13168,0,0
exact_hash_lookup,synthetic_barcode,one_substitution,1000,4096,32,0,0.005,0.000,0.000568,1760563.3,0.00,0.00,13168,0,0
dotmatch_indexed,synthetic_barcode,one_substitution,1000,4096,32,0,0.010,0.000,0.000297,3367002.8,0.00,0.00,13168,0,0
dotmatch_scan,synthetic_barcode,one_substitution,1000,4096,32,0,0.010,0.000,0.013009,76869.9,4096.00,4096.00,13168,0,0
edlib_native_scan,synthetic_barcode,one_substitution,1000,4096,32,0,0.010,0.000,2.525398,396.0,4096.00,4096.00,13168,0,0
exact_hash_lookup,synthetic_barcode,one_substitution,1000,4096,32,0,0.010,0.000,0.000633,1579779.0,0.00,0.00,13168,0,0
dotmatch_indexed,synthetic_barcode,one_substitution,1000,4096,32,0,0.030,0.000,0.000299,3344482.2,0.00,0.00,13168,0,0
dotmatch_scan,synthetic_barcode,one_substitution,1000,4096,32,0,0.030,0.000,0.013029,76751.9,4096.00,4096.00,13168,0,0
edlib_native_scan,synthetic_barcode,one_substitution,1000,4096,32,0,0.030,0.000,2.906601,344.0,4096.00,4096.00,13168,0,0
exact_hash_lookup,synthetic_barcode,one_substitution,1000,4096,32,0,0.030,0.000,0.000564,1773049.7,0.00,0.00,13168,0,0
dotmatch_indexed,synthetic_barcode,exact,1000,4096,32,1,0.000,0.000,0.007036,142126.2,1.00,1.00,13168,35175460,0
dotmatch_scan,synthetic_barcode,exact,1000,4096,32,1,0.000,0.000,0.040937,24427.8,4096.00,4096.00,13168,35175460,0
edlib_native_scan,synthetic_barcode,exact,1000,4096,32,1,0.000,0.000,3.964573,252.2,4096.00,4096.00,13168,35175460,0
bk_tree,synthetic_barcode,exact,1000,4096,32,1,0.000,0.000,0.056435,17719.5,131.44,131.44,13168,35175460,0
neighbor_lookup,synthetic_barcode,exact,1000,4096,32,1,0.000,0.000,0.025932,38562.4,1.00,1.00,13168,35175460,0
dotmatch_indexed,synthetic_barcode,one_substitution,1000,4096,32,1,0.000,0.000,0.007649,130736.0,1.00,1.00,13168,35475349,0
dotmatch_scan,synthetic_barcode,one_substitution,1000,4096,32,1,0.000,0.000,0.041785,23932.0,4096.00,4096.00,13168,35475349,0
edlib_native_scan,synthetic_barcode,one_substitution,1000,4096,32,1,0.000,0.000,3.868038,258.5,4096.00,4096.00,13168,35475349,0
bk_tree,synthetic_barcode,one_substitution,1000,4096,32,1,0.000,0.000,0.073081,13683.4,130.06,130.06,13168,35475349,0
neighbor_lookup,synthetic_barcode,one_substitution,1000,4096,32,1,0.000,0.000,0.034129,29300.6,1.00,1.00,13168,35475349,0
dotmatch_indexed,synthetic_barcode,one_substitution,1000,4096,32,1,0.005,0.000,0.011404,87688.5,1.00,1.00,13168,33510251,0
dotmatch_scan,synthetic_barcode,one_substitution,1000,4096,32,1,0.005,0.000,0.048473,20630.0,4096.00,4096.00,13168,33510251,0
edlib_native_scan,synthetic_barcode,one_substitution,1000,4096,32,1,0.005,0.000,4.001838,249.9,4096.00,4096.00,13168,33510251,0
bk_tree,synthetic_barcode,one_substitution,1000,4096,32,1,0.005,0.000,0.049801,20079.9,127.85,127.85,13168,33510251,0
neighbor_lookup,synthetic_barcode,one_substitution,1000,4096,32,1,0.005,0.000,0.024279,41187.9,1.00,1.00,13168,33510251,0
dotmatch_indexed,synthetic_barcode,one_substitution,1000,4096,32,1,0.010,0.000,0.006953,143822.8,1.00,1.00,13168,34774609,0
dotmatch_scan,synthetic_barcode,one_substitution,1000,4096,32,1,0.010,0.000,0.038963,25665.4,4096.00,4096.00,13168,34774609,0
edlib_native_scan,synthetic_barcode,one_substitution,1000,4096,32,1,0.010,0.000,3.844592,260.1,4096.00,4096.00,13168,34774609,0
bk_tree,synthetic_barcode,one_substitution,1000,4096,32,1,0.010,0.000,0.051426,19445.4,132.34,132.34,13168,34774609,0
neighbor_lookup,synthetic_barcode,one_substitution,1000,4096,32,1,0.010,0.000,0.025026,39958.4,1.00,1.00,13168,34774609,0
dotmatch_indexed,synthetic_barcode,one_substitution,1000,4096,32,1,0.030,0.000,0.006770,147710.5,1.00,1.00,13168,35134754,0
dotmatch_scan,synthetic_barcode,one_substitution,1000,4096,32,1,0.030,0.000,0.038444,26011.9,4096.00,4096.00,13168,35134754,0
edlib_native_scan,synthetic_barcode,one_substitution,1000,4096,32,1,0.030,0.000,3.876964,257.9,4096.00,4096.00,13168,35134754,0
bk_tree,synthetic_barcode,one_substitution,1000,4096,32,1,0.030,0.000,0.051781,19312.1,128.47,128.47,13168,35134754,0
neighbor_lookup,synthetic_barcode,one_substitution,1000,4096,32,1,0.030,0.000,0.025778,38792.8,1.00,1.00,13168,35134754,0
